timestamp,open,high,low,close,volume
2024-01-01 00:00:00+00:00,30146.336925347194,30165.18336874857,30128.656322683826,30146.336925347194,126.93823663330039
2024-01-01 01:00:00+00:00,30146.336925347194,29740.809577785873,29677.05785717691,29728.42453848951,62.54080774609656
2024-01-01 02:00:00+00:00,29728.42453848951,30180.651685265195,30026.288791866355,30060.43814897,91.11013980435828
2024-01-01 03:00:00+00:00,30060.43814897,30532.680989007415,30462.683505009565,30477.169613650738,198.85747641409085
2024-01-01 04:00:00+00:00,30477.169613650738,29777.331736323948,29612.989671558782,29673.766522692473,155.69577783952315
2024-01-01 05:00:00+00:00,29673.766522692473,29211.442683698588,29135.87137778211,29155.187632002035,57.59999439243055
2024-01-01 06:00:00+00:00,29155.187632002035,29332.768421549245,29155.911323276843,29224.945016461166,117.30300778876939
2024-01-01 07:00:00+00:00,29224.945016461166,29123.5232171059,29093.541601907342,29113.303354974407,75.74562689432739
2024-01-01 08:00:00+00:00,29113.303354974407,29137.208099173327,29039.62965533942,29123.925353504153,68.4416984603182
2024-01-01 09:00:00+00:00,29123.925353504153,28902.526995885826,28772.962004303015,28795.450286101932,138.0598120023203
2024-01-01 10:00:00+00:00,28795.450286101932,29280.207577511068,29065.078084956924,29169.655395058388,125.84838344603236
2024-01-01 11:00:00+00:00,29169.655395058388,29543.86580427214,29503.62727635183,29506.720685003907,161.42998764732624
2024-01-01 12:00:00+00:00,29506.720685003907,29593.71886664757,29490.032195153995,29551.735910866548,183.84593423477895
2024-01-01 13:00:00+00:00,29551.735910866548,30094.186967952337,30001.35731261084,30039.820871920758,87.00227861474929
2024-01-01 14:00:00+00:00,30039.820871920758,30305.592226481935,30227.988994103056,30255.227960486514,188.44879799830954
2024-01-01 15:00:00+00:00,30255.227960486514,29934.114772257257,29854.95156251483,29911.37671606664,127.69876588311432
2024-01-01 16:00:00+00:00,29911.37671606664,30192.346693418338,29982.9128669312,30084.23893460474,88.82523772776757
2024-01-01 17:00:00+00:00,30084.23893460474,29730.985125546766,29592.15308442359,29700.891279511437,176.8678757153914
2024-01-01 18:00:00+00:00,29700.891279511437,30171.34029127659,30049.968966202505,30086.463680346587,55.329487704353376
2024-01-01 19:00:00+00:00,30086.463680346587,30091.56749603956,30064.92564474823,30083.48638837139,133.92640662094408
2024-01-01 20:00:00+00:00,30083.48638837139,30028.391470010898,29937.25239934815,30023.73763076829,158.243230254495
2024-01-01 21:00:00+00:00,30023.73763076829,29834.541066022197,29687.45602788737,29756.729542557398,91.99665307342148
2024-01-01 22:00:00+00:00,29756.729542557398,30329.657617795307,30264.230397846673,30288.584376167444,179.5237876344827
2024-01-01 23:00:00+00:00,30288.584376167444,30320.5555066485,30149.29858031824,30241.267814501396,86.04268450369773
2024-01-02 00:00:00+00:00,30241.267814501396,30089.819745476896,30016.073063354168,30078.507675672452,175.98114240976088
2024-01-02 01:00:00+00:00,30078.507675672452,30062.3399008022,29870.280238880125,29948.55320245884,61.78174457486858
2024-01-02 02:00:00+00:00,29948.55320245884,30281.074987226635,30147.28757474437,30190.682337247417,73.9891387802647
2024-01-02 03:00:00+00:00,30190.682337247417,30470.180056706264,30310.422409777453,30363.753009371063,107.14768758528622
2024-01-02 04:00:00+00:00,30363.753009371063,30574.720853442348,30535.996158922157,30558.039762974477,178.1083269197269
2024-01-02 05:00:00+00:00,30558.039762974477,30800.752975957177,30668.272806765894,30761.358630422867,71.68780476901736
2024-01-02 06:00:00+00:00,30761.358630422867,31763.399605183902,31696.749500646118,31716.66900543903,181.31573596913623
2024-01-02 07:00:00+00:00,31716.66900543903,31623.45063419061,31457.407942919537,31555.647311646353,84.45972899191906
2024-01-02 08:00:00+00:00,31555.647311646353,31386.188511572705,31248.895562506525,31348.962435570797,117.87625978917931
2024-01-02 09:00:00+00:00,31348.962435570797,31019.95930172937,30919.822408526907,31012.438073179448,102.91016063905067
2024-01-02 10:00:00+00:00,31012.438073179448,31345.994448260175,31297.379435243944,31299.81115363721,67.71893399217853
2024-01-02 11:00:00+00:00,31299.81115363721,31849.935453651047,31782.77721625457,31817.5389227474,191.646460927871
2024-01-02 12:00:00+00:00,31817.5389227474,31834.95521545736,31726.341688156634,31785.88781195858,115.72674361283202
2024-01-02 13:00:00+00:00,31785.88781195858,31457.824662457617,31358.181367641813,31433.060497582614,153.54968920342918
2024-01-02 14:00:00+00:00,31433.060497582614,31123.542340518106,30976.653855434357,31090.97188924016,136.29015149960466
2024-01-02 15:00:00+00:00,31090.97188924016,31473.013148128663,31347.11475348938,31394.28227313932,125.25738752783111
2024-01-02 16:00:00+00:00,31394.28227313932,31790.984801819966,31630.60322997152,31741.70214820053,142.48664353352734
2024-01-02 17:00:00+00:00,31741.70214820053,32047.4007876082,31982.26627742619,32003.187309906865,184.75134593036435
2024-01-02 18:00:00+00:00,32003.187309906865,31793.177117202045,31678.307464841593,31725.423587785957,154.89685635411644
2024-01-02 19:00:00+00:00,31725.423587785957,31946.13840087088,31841.149858851997,31847.810129067213,129.87201191828316
2024-01-02 20:00:00+00:00,31847.810129067213,31967.397326204165,31824.226806403676,31919.024943208755,146.77789409989646
2024-01-02 21:00:00+00:00,31919.024943208755,32111.402541859006,32016.809856985394,32036.115173338603,140.95914207635323
2024-01-02 22:00:00+00:00,32036.115173338603,32574.221687200767,32415.453195410028,32448.813173288316,114.96818112294697
2024-01-02 23:00:00+00:00,32448.813173288316,32638.087999429143,32469.08660488318,32570.084254245685,143.71460151956757
2024-01-03 00:00:00+00:00,32570.084254245685,33020.599054841936,32830.495966840186,32900.866540267285,116.53547002462454
2024-01-03 01:00:00+00:00,32900.866540267285,33056.385827830876,32949.93244001926,32951.77414359706,163.64215668078685
2024-01-03 02:00:00+00:00,32951.77414359706,33113.055206531004,33104.98362472023,33105.27961303286,195.33687252834284
2024-01-03 03:00:00+00:00,33105.27961303286,33476.56808392075,33350.944012543005,33419.20750701412,193.97980362458438
2024-01-03 04:00:00+00:00,33419.20750701412,32855.52790573441,32724.04280229155,32764.009063156907,173.11036796374708
2024-01-03 05:00:00+00:00,32764.009063156907,32766.09561545238,32613.741737205786,32637.28123869979,140.26383455892278
2024-01-03 06:00:00+00:00,32637.28123869979,32502.006972511328,32362.897295409522,32442.523438233176,162.3997982106111
2024-01-03 07:00:00+00:00,32442.523438233176,32184.880647427635,32143.542032537734,32172.93992406185,76.70724428863316
2024-01-03 08:00:00+00:00,32172.93992406185,32140.57486203456,31992.51899233795,32068.48373372462,121.85276859708839
2024-01-03 09:00:00+00:00,32068.48373372462,32782.96557018943,32716.668737145224,32766.377422266523,88.59571474870465
2024-01-03 10:00:00+00:00,32766.377422266523,32488.391614887416,32366.826066306436,32391.021669439346,50.52424716640206
2024-01-03 11:00:00+00:00,32391.021669439346,32919.52086847493,32834.65789913404,32852.80641200517,195.0106362008114
2024-01-03 12:00:00+00:00,32852.80641200517,32200.002889929154,32076.674152408046,32107.09377479269,179.5772842777762
2024-01-03 13:00:00+00:00,32107.09377479269,32087.290595781797,31972.279751569025,31976.095408897312,127.05479277048902
2024-01-03 14:00:00+00:00,31976.095408897312,32148.94968179217,32028.74817836379,32068.27257599015,88.12284321785103
2024-01-03 15:00:00+00:00,32068.27257599015,32431.203238717393,32235.228847505034,32351.948815387273,153.9462815298855
2024-01-03 16:00:00+00:00,32351.948815387273,32793.986761927656,32586.576596805284,32695.303143717087,115.22016268248912
2024-01-03 17:00:00+00:00,32695.303143717087,33191.786442895405,33031.08774560061,33080.311746573345,170.50243001340493
2024-01-03 18:00:00+00:00,33080.311746573345,33053.46262816446,32863.09027606442,32938.95971753028,199.9277165271424
2024-01-03 19:00:00+00:00,32938.95971753028,32750.85040105423,32671.76328296851,32746.078616846797,102.3623911234805
2024-01-03 20:00:00+00:00,32746.078616846797,33235.45309373463,33051.74697944235,33161.676283437046,86.66045652170716
2024-01-03 21:00:00+00:00,33161.676283437046,33121.45709908248,33061.55121379378,33092.829245721594,90.10737331921374
2024-01-03 22:00:00+00:00,33092.829245721594,32638.497182656167,32487.998948205146,32526.560810916428,64.0019368521008
2024-01-03 23:00:00+00:00,32526.560810916428,32116.863134063497,31995.111303748952,32033.78061726132,109.1069294750233
2024-01-04 00:00:00+00:00,32033.78061726132,31696.242384360903,31637.88088899867,31643.053894154666,52.613757907536396
2024-01-04 01:00:00+00:00,31643.053894154666,31907.179357251614,31843.05689431702,31883.189905942396,67.15933361019134
2024-01-04 02:00:00+00:00,31883.189905942396,32009.3499111082,31853.74742224096,31966.000992857178,90.75436209090054
2024-01-04 03:00:00+00:00,31966.000992857178,32386.79635194645,32178.066098382966,32295.87987242739,73.97941638642212
2024-01-04 04:00:00+00:00,32295.87987242739,32148.80341505636,32108.458154718763,32122.54522012746,159.82386492510878
2024-01-04 05:00:00+00:00,32122.54522012746,32225.302771442104,32154.222123433803,32213.24433030876,65.84071863018505
2024-01-04 06:00:00+00:00,32213.24433030876,32631.620402704528,32466.519460472326,32516.119406150036,179.8991157536787
2024-01-04 07:00:00+00:00,32516.119406150036,32494.05908713245,32331.621381818037,32395.03261034919,83.16717555664293
2024-01-04 08:00:00+00:00,32395.03261034919,32648.496655596988,32550.040289322795,32622.425474654552,66.28859254573516
2024-01-04 09:00:00+00:00,32622.425474654552,32378.724304555843,32338.28907257162,32340.909819494773,51.51599666468878
2024-01-04 10:00:00+00:00,32340.909819494773,32321.446031684412,32087.789748379473,32196.257943037846,157.28075064832194
2024-01-04 11:00:00+00:00,32196.257943037846,32134.641915732325,31919.070169079696,32043.8700291309,88.4925118907813
2024-01-04 12:00:00+00:00,32043.8700291309,31607.7789075674,31448.36852430474,31530.77797251859,126.42479077066622
2024-01-04 13:00:00+00:00,31530.77797251859,31804.618640423178,31681.612248553927,31765.53071201665,66.74240700082336
2024-01-04 14:00:00+00:00,31765.53071201665,31614.185073545847,31509.717067142166,31576.40388808471,197.7943884854374
2024-01-04 15:00:00+00:00,31576.40388808471,31605.878409307672,31558.62914518435,31600.88248438932,68.8077108604933
2024-01-04 16:00:00+00:00,31600.88248438932,31926.142566409002,31814.41252686521,31833.38239904955,111.78888899628174
2024-01-04 17:00:00+00:00,31833.38239904955,32057.771119477307,31977.353525898783,32052.235669522877,177.7474253501699
2024-01-04 18:00:00+00:00,32052.235669522877,32372.255923287412,32365.807658182683,32371.626963581162,86.73304227206103
2024-01-04 19:00:00+00:00,32371.626963581162,32440.81209427698,32239.74701447426,32346.425859180454,90.045767801926
2024-01-04 20:00:00+00:00,32346.425859180454,32296.719619342264,32120.430416809668,32174.60108089266,171.27492738360993
2024-01-04 21:00:00+00:00,32174.60108089266,32255.31200675069,32104.65083431532,32158.00150216985,91.00094857880191
2024-01-04 22:00:00+00:00,32158.00150216985,31485.382842925894,31384.968793331533,31426.095604040813,50.43069666422195
2024-01-04 23:00:00+00:00,31426.095604040813,30874.213991824465,30694.825537695728,30814.305404782415,114.18705807349247
2024-01-05 00:00:00+00:00,30814.305404782415,30319.90036064452,30245.92111099463,30267.098025217765,51.880281451771246
2024-01-05 01:00:00+00:00,30267.098025217765,29904.1577357037,29847.299856348713,29865.37531585504,186.46884257440502
2024-01-05 02:00:00+00:00,29865.37531585504,30113.733036194277,30031.1232948443,30051.020857266154,146.27198362688313
2024-01-05 03:00:00+00:00,30051.020857266154,29741.49009935109,29612.07864071014,29690.286118240394,137.45213993318634
2024-01-05 04:00:00+00:00,29690.286118240394,29621.94475392024,29433.991407622176,29551.238347540526,80.23842662935446
2024-01-05 05:00:00+00:00,29551.238347540526,30219.907283079334,30083.369219869324,30111.731480274964,154.99192781429542
2024-01-05 06:00:00+00:00,30111.731480274964,30099.220929370902,29871.298523569065,29979.89979884978,151.58819655175188
2024-01-05 07:00:00+00:00,29979.89979884978,30318.779073130136,30275.45386215192,30309.232478413425,59.06953608880474
2024-01-05 08:00:00+00:00,30309.232478413425,29979.663608868,29856.02784035971,29933.603758295958,182.1269796215859
2024-01-05 09:00:00+00:00,29933.603758295958,29887.136149315407,29860.710496966854,29865.548590634196,136.91200443947082
2024-01-05 10:00:00+00:00,29865.548590634196,29530.179584923215,29430.18070468856,29488.645361802337,168.87003215579153
2024-01-05 11:00:00+00:00,29488.645361802337,29400.393383724964,29289.734891694676,29366.624934467003,89.43711081932663
2024-01-05 12:00:00+00:00,29366.624934467003,29752.734450129406,29668.193724748115,29731.977114117042,68.30716996301813
2024-01-05 13:00:00+00:00,29731.977114117042,29127.77814849119,29011.40001906124,29039.026050810786,155.36743597801768
2024-01-05 14:00:00+00:00,29039.026050810786,29291.745985705064,29136.832369444048,29233.7125359343,169.0824029382743
2024-01-05 15:00:00+00:00,29233.7125359343,29456.692074066093,29234.88785809998,29348.77713915152,107.90503004289371
2024-01-05 16:00:00+00:00,29348.77713915152,29126.92903159654,29069.639340951584,29123.132255455697,53.55384129744669
2024-01-05 17:00:00+00:00,29123.132255455697,28564.24747338952,28483.958056666594,28556.596816923087,172.73810369807967
2024-01-05 18:00:00+00:00,28556.596816923087,28648.74332223702,28512.17311003487,28602.604622847437,80.9140859495661
2024-01-05 19:00:00+00:00,28602.604622847437,28417.522496424233,28380.95902380908,28408.400295413507,100.85479128462323
2024-01-05 20:00:00+00:00,28408.400295413507,28548.16668908465,28419.58612911775,28518.196392170277,144.23465116656953
2024-01-05 21:00:00+00:00,28518.196392170277,28656.624692866328,28512.051321581224,28544.04358900061,64.99320788169541
2024-01-05 22:00:00+00:00,28544.04358900061,29233.306045708545,29118.247498161727,29208.892131169385,60.79936492076947
2024-01-05 23:00:00+00:00,29208.892131169385,29151.73312107803,29115.588315063476,29128.649512071162,53.85556573629114
2024-01-06 00:00:00+00:00,29128.649512071162,28797.40210716571,28698.33283236628,28731.475934882616,187.4959790359183
2024-01-06 01:00:00+00:00,28731.475934882616,28878.377016030972,28759.4480815336,28820.965849103526,96.70741164029835
2024-01-06 02:00:00+00:00,28820.965849103526,28994.3829203533,28866.482902639505,28927.221052630903,149.0988222675698
2024-01-06 03:00:00+00:00,28927.221052630903,29545.087595494933,29400.278851206906,29500.631880459685,198.38528735266132
2024-01-06 04:00:00+00:00,29500.631880459685,29964.24487663183,29746.47899563516,29865.478263477817,150.41761903429153
2024-01-06 05:00:00+00:00,29865.478263477817,30049.727829626736,30020.200339003244,30033.07982657121,128.76421937842701
2024-01-06 06:00:00+00:00,30033.07982657121,30725.64904744521,30639.791296300104,30673.088545213155,128.13799002758577
2024-01-06 07:00:00+00:00,30673.088545213155,30268.217692995473,30141.75970753593,30184.93602392735,106.53757226833275
2024-01-06 08:00:00+00:00,30184.93602392735,30037.704233793494,29876.40266983975,29933.74595765507,139.96694839326278
2024-01-06 09:00:00+00:00,29933.74595765507,29609.391842442143,29507.27417110421,29565.685291217687,193.81870843185564
2024-01-06 10:00:00+00:00,29565.685291217687,29489.24080989935,29321.657671904202,29422.423005195855,168.20660505474652
2024-01-06 11:00:00+00:00,29422.423005195855,28886.084858461312,28789.089188653154,28878.098337937317,113.63399255498562
2024-01-06 12:00:00+00:00,28878.098337937317,29173.379207595455,29151.319246094703,29153.517605460198,99.86672435487998
2024-01-06 13:00:00+00:00,29153.517605460198,29088.443791713802,29027.472667601785,29080.401529611663,182.52972944346823
2024-01-06 14:00:00+00:00,29080.401529611663,28587.811781224955,28434.34699558829,28504.819327950212,70.36787384398907
2024-01-06 15:00:00+00:00,28504.819327950212,28151.668979612517,28067.484887667048,28119.268836806037,177.43778854464526
2024-01-06 16:00:00+00:00,28119.268836806037,28341.723788795967,28245.143782619733,28259.91187630911,88.26151420134985
2024-01-06 17:00:00+00:00,28259.91187630911,28618.220309401007,28565.133602976148,28610.621525274462,157.34438536638766
2024-01-06 18:00:00+00:00,28610.621525274462,29540.922820690063,29390.875922699168,29439.35142940653,170.9330871162245
2024-01-06 19:00:00+00:00,29439.35142940653,30786.087586981277,30660.500335981607,30683.53949166041,121.54947758952089
2024-01-06 20:00:00+00:00,30683.53949166041,30891.58206404621,30787.17651124016,30880.597373210046,78.84259642134114
2024-01-06 21:00:00+00:00,30880.597373210046,30476.91640200885,30434.84309318198,30474.0205769424,176.7151615193563
2024-01-06 22:00:00+00:00,30474.0205769424,29602.2691319342,29525.879783870267,29595.605525916053,105.12625175799721
2024-01-06 23:00:00+00:00,29595.605525916053,29826.06135009311,29663.24678008372,29724.566203712366,98.10203907237789
2024-01-07 00:00:00+00:00,29724.566203712366,29433.428346901008,29302.615893883452,29405.82175104737,126.50242735301595
2024-01-07 01:00:00+00:00,29405.82175104737,29317.0237833456,29238.59236452741,29252.86951204863,115.26293616558766
2024-01-07 02:00:00+00:00,29252.86951204863,29070.149044429632,29007.40551990026,29020.669475883635,152.45783255580864
2024-01-07 03:00:00+00:00,29020.669475883635,29073.12750741538,28946.093155323186,28980.90730128962,70.57967125589981
2024-01-07 04:00:00+00:00,28980.90730128962,29491.87055611678,29383.538962868894,29434.309021374727,115.35344810718094
2024-01-07 05:00:00+00:00,29434.309021374727,29575.913239878704,29481.553563723723,29516.801613041836,183.7552716837806
2024-01-07 06:00:00+00:00,29516.801613041836,29585.587134657308,29379.03551408326,29468.9969452824,55.40940641595882
2024-01-07 07:00:00+00:00,29468.9969452824,29079.68862714126,29033.724329090066,29062.236224571112,118.60074997299895
2024-01-07 08:00:00+00:00,29062.236224571112,28500.2070835659,28396.1873938144,28405.819778074085,149.07979495778153
2024-01-07 09:00:00+00:00,28405.819778074085,28235.857499975493,28183.287618255763,28230.01391582134,183.1566630562978
2024-01-07 10:00:00+00:00,28230.01391582134,28279.624180608622,28138.379628508792,28225.696304168516,139.06793403997636
2024-01-07 11:00:00+00:00,28225.696304168516,29053.03252467696,28851.897144728224,28950.393556773222,173.6726406858993
2024-01-07 12:00:00+00:00,28950.393556773222,29097.869651392655,28935.52130865765,29020.64988501498,83.40365284389296
2024-01-07 13:00:00+00:00,29020.64988501498,29521.036293736746,29374.646972025806,29440.34447600022,102.92141543417893
2024-01-07 14:00:00+00:00,29440.34447600022,29283.627492601445,29168.077816575198,29252.816404145895,191.3198410892064
2024-01-07 15:00:00+00:00,29252.816404145895,28837.007437305732,28710.34079728014,28788.806362838248,182.89626696390295
2024-01-07 16:00:00+00:00,28788.806362838248,28461.157393583988,28392.842896943308,28419.485213129887,133.69294740330568
2024-01-07 17:00:00+00:00,28419.485213129887,28207.99489548301,28087.26801860262,28149.281887838064,121.32325066922678
2024-01-07 18:00:00+00:00,28149.281887838064,29071.770717210828,28928.67224471289,29018.11877729446,117.66010871816877
2024-01-07 19:00:00+00:00,29018.11877729446,28741.08827234367,28667.14572983152,28703.555692148577,58.818449235052405
2024-01-07 20:00:00+00:00,28703.555692148577,29095.4275267481,28983.90093434382,29059.918559879585,183.85656559348504
2024-01-07 21:00:00+00:00,29059.918559879585,28740.916906790615,28656.8095767606,28712.106846678616,172.72242626230033
2024-01-07 22:00:00+00:00,28712.106846678616,29148.982930378705,29047.90122986188,29106.48196594603,118.43767170918007
2024-01-07 23:00:00+00:00,29106.48196594603,29298.894853262504,29270.785181768777,29281.332907934124,91.915995907921
2024-01-08 00:00:00+00:00,29281.332907934124,29336.709832028657,29156.820200057075,29234.72690761254,101.43809096397959
2024-01-08 01:00:00+00:00,29234.72690761254,29305.99746660892,29134.348752938688,29235.584217852327,68.47408788093342
2024-01-08 02:00:00+00:00,29235.584217852327,29001.703793561563,28969.79373965321,28986.19195750727,158.26846119585838
2024-01-08 03:00:00+00:00,28986.19195750727,29266.285294336652,29142.543779208263,29185.28336918767,133.50047848322865
2024-01-08 04:00:00+00:00,29185.28336918767,29115.76411957461,29011.727086114395,29017.37589343797,85.11551342373424
2024-01-08 05:00:00+00:00,29017.37589343797,28567.966286902167,28537.46553180874,28540.848408471575,143.45083581165346
2024-01-08 06:00:00+00:00,28540.848408471575,28068.485473333963,27940.541164362567,28051.587130558102,196.88453213824621
2024-01-08 07:00:00+00:00,28051.587130558102,28137.294754915474,28080.78702433677,28136.32492312883,68.35927032142688
2024-01-08 08:00:00+00:00,28136.32492312883,28787.973251693933,28741.60236189466,28782.533313885015,118.77275159379917
2024-01-08 09:00:00+00:00,28782.533313885015,28952.39617991077,28832.65186876934,28864.388503691192,124.12382313831901
2024-01-08 10:00:00+00:00,28864.388503691192,28947.638717247286,28720.751575704482,28833.781457423902,75.01958207357036
2024-01-08 11:00:00+00:00,28833.781457423902,28971.967893947538,28937.540182769815,28966.76774243803,129.7370316495972
2024-01-08 12:00:00+00:00,28966.76774243803,29607.30357311314,29433.28575279262,29518.974423082214,140.89658878221348
2024-01-08 13:00:00+00:00,29518.974423082214,29636.064641694367,29593.92001586247,29627.548242553294,73.6016808227743
2024-01-08 14:00:00+00:00,29627.548242553294,29545.08382234619,29466.95993206514,29475.2707210787,73.20858485133147
2024-01-08 15:00:00+00:00,29475.2707210787,30043.89293534501,29871.43954916312,29953.305120829453,178.45230734506342
2024-01-08 16:00:00+00:00,29953.305120829453,30195.05138663363,30151.53216077564,30151.72885227778,96.70811550050672
2024-01-08 17:00:00+00:00,30151.72885227778,30826.8660785413,30742.19661368149,30825.51780478015,144.55000806179464
2024-01-08 18:00:00+00:00,30825.51780478015,30996.864590706253,30892.274022319874,30923.243848818274,144.0159613512821
2024-01-08 19:00:00+00:00,30923.243848818274,30536.500368630997,30325.128238145368,30415.901970876337,175.87563133739525
2024-01-08 20:00:00+00:00,30415.901970876337,29887.52810451401,29764.832627582477,29856.76161658614,160.98419468472852
2024-01-08 21:00:00+00:00,29856.76161658614,30596.389232408255,30484.662654065032,30573.215801568418,176.08646501574168
2024-01-08 22:00:00+00:00,30573.215801568418,31354.29395302763,31335.690095464095,31338.759218172036,143.78221844759986
2024-01-08 23:00:00+00:00,31338.759218172036,31348.32810951799,31190.808756292252,31278.857064840777,117.4185740770991
2024-01-09 00:00:00+00:00,31278.857064840777,31204.449368347043,31006.88595293047,31130.17959609785,109.0349781969612
2024-01-09 01:00:00+00:00,31130.17959609785,31893.494223200814,31761.88547765295,31792.740379056584,106.85446499921537
2024-01-09 02:00:00+00:00,31792.740379056584,31416.93565036918,31288.223408750582,31322.58285034774,112.75896468637367
2024-01-09 03:00:00+00:00,31322.58285034774,31061.74395264355,30850.524247010006,30951.242878306075,69.39638782306555
2024-01-09 04:00:00+00:00,30951.242878306075,31350.732713242047,31229.96148245718,31250.011090204523,113.59375565047506
2024-01-09 05:00:00+00:00,31250.011090204523,31127.25614908337,31014.33222612919,31096.49958609683,108.41673608039318
2024-01-09 06:00:00+00:00,31096.49958609683,31182.111919902694,31018.967678858888,31112.932016273564,55.18574949773472
2024-01-09 07:00:00+00:00,31112.932016273564,31097.402456611027,31055.834550007206,31060.451457737516,91.269613298951
2024-01-09 08:00:00+00:00,31060.451457737516,31267.514042022685,31157.15428997611,31226.322104074323,162.78604621103253
2024-01-09 09:00:00+00:00,31226.322104074323,31985.637979451043,31793.439904213796,31866.845470645083,136.6918357114438
2024-01-09 10:00:00+00:00,31866.845470645083,32013.516415007987,31887.682996471827,31926.43439549726,170.9251245134045
2024-01-09 11:00:00+00:00,31926.43439549726,32360.55545513762,32121.89668379633,32234.892187544963,131.40320665711474
2024-01-09 12:00:00+00:00,32234.892187544963,31393.891190921633,31321.22096426406,31341.624326510224,178.1125648212901
2024-01-09 13:00:00+00:00,31341.624326510224,31406.423750256337,31293.3985440569,31339.052612706797,169.4100649402575
2024-01-09 14:00:00+00:00,31339.052612706797,31050.234144736638,30884.651139712143,30989.851606423,64.74268552133707
2024-01-09 15:00:00+00:00,30989.851606423,30496.912734802972,30460.584566801535,30483.8306528318,196.55095520239885
2024-01-09 16:00:00+00:00,30483.8306528318,30157.951731121306,30030.43482961238,30129.424951201752,52.21211703519932
2024-01-09 17:00:00+00:00,30129.424951201752,30070.146247933983,29997.325043370332,30006.815500238477,139.5257056894428
2024-01-09 18:00:00+00:00,30006.815500238477,30420.497336865057,30352.78697899654,30412.301306193058,168.87672639751435
2024-01-09 19:00:00+00:00,30412.301306193058,29981.981983671096,29861.68763271489,29870.688347678646,99.78412097763552
2024-01-09 20:00:00+00:00,29870.688347678646,29916.248764030926,29820.355184544365,29901.436348139934,139.7854688445737
2024-01-09 21:00:00+00:00,29901.436348139934,29740.797462727292,29623.285626889425,29717.2636785491,104.31837962711724
2024-01-09 22:00:00+00:00,29717.2636785491,29689.615284903157,29498.384432813687,29599.004300109857,59.09224625112529
2024-01-09 23:00:00+00:00,29599.004300109857,30047.12536950518,29917.58873900788,30035.479467746663,51.269227863399635
2024-01-10 00:00:00+00:00,30035.479467746663,30389.817202139446,30199.376114556915,30280.77273600482,64.22930451667824
2024-01-10 01:00:00+00:00,30280.77273600482,30961.20968014117,30776.626819621266,30871.595492873443,64.76143911800702
2024-01-10 02:00:00+00:00,30871.595492873443,30831.83893449005,30761.021712680224,30823.378427903197,141.6334666090625
2024-01-10 03:00:00+00:00,30823.378427903197,30627.36258231605,30431.32838579818,30542.838689553293,128.87978464437697
2024-01-10 04:00:00+00:00,30542.838689553293,30542.512019180336,30387.090611701653,30465.540399703834,118.3194950259713
2024-01-10 05:00:00+00:00,30465.540399703834,30680.15397877493,30479.389811670604,30587.49229900857,153.78822134036264
2024-01-10 06:00:00+00:00,30587.49229900857,30783.244130936506,30652.706201456935,30681.602382121288,52.523920551867256
2024-01-10 07:00:00+00:00,30681.602382121288,30324.3509943262,30177.386221518365,30237.466589711607,90.64752221235963
2024-01-10 08:00:00+00:00,30237.466589711607,30364.99876259571,30205.53189292888,30293.96833807783,166.6089096931442
2024-01-10 09:00:00+00:00,30293.96833807783,30448.381702958966,30384.49995874871,30409.158350491056,186.49656597756777
2024-01-10 10:00:00+00:00,30409.158350491056,31606.843810862894,31492.289698885288,31518.93451930588,115.75048943563723
2024-01-10 11:00:00+00:00,31518.93451930588,32501.4552182415,32250.851375540053,32377.51776033144,62.22259702076995
2024-01-10 12:00:00+00:00,32377.51776033144,32087.48917162198,31956.606142084827,32012.257577339627,169.8093108842732
2024-01-10 13:00:00+00:00,32012.257577339627,31987.633230869327,31879.653509906933,31902.855238205717,182.77556499091003
2024-01-10 14:00:00+00:00,31902.855238205717,31329.31713864911,31233.167417035853,31274.633062165183,112.04904060405792
2024-01-10 15:00:00+00:00,31274.633062165183,31129.544250839233,30986.34601311887,31035.677364839124,86.50328808804156
2024-01-10 16:00:00+00:00,31035.677364839124,31316.29670288656,31114.079800272615,31191.820454187266,56.59575023344179
2024-01-10 17:00:00+00:00,31191.820454187266,31762.272871838224,31624.715630921182,31741.908618766287,138.6624232842284
2024-01-10 18:00:00+00:00,31741.908618766287,31463.871970112366,31314.351434550823,31438.418762365352,186.48042358437488
2024-01-10 19:00:00+00:00,31438.418762365352,31237.773410212507,31089.260054512815,31170.515198791505,151.68320382804885
2024-01-10 20:00:00+00:00,31170.515198791505,30323.84073555746,30180.830162336788,30265.564343321,97.58728968421016
2024-01-10 21:00:00+00:00,30265.564343321,30283.92133289774,30175.945700741006,30214.84177049906,146.43324864349503
2024-01-10 22:00:00+00:00,30214.84177049906,29792.4715241001,29684.497078208777,29786.624523166523,174.81026111720382
2024-01-10 23:00:00+00:00,29786.624523166523,29632.24418403755,29558.629338537172,29584.403073488742,121.37450890241868
2024-01-11 00:00:00+00:00,29584.403073488742,29309.170304427676,29228.54017593875,29240.982874917645,172.9622734996758
2024-01-11 01:00:00+00:00,29240.982874917645,29288.343458699153,29106.19246744881,29219.946418979227,108.78645149995312
2024-01-11 02:00:00+00:00,29219.946418979227,28601.78877133494,28428.177896510417,28526.782280084255,102.27585178936559
2024-01-11 03:00:00+00:00,28526.782280084255,28044.18954248658,27929.66604298462,27963.630123909214,137.44829388178312
2024-01-11 04:00:00+00:00,27963.630123909214,28901.026197078343,28749.19782099043,28827.050542454035,119.7029626541722
2024-01-11 05:00:00+00:00,28827.050542454035,28418.668545893874,28276.20009194485,28329.12097011454,196.56678806916247
2024-01-11 06:00:00+00:00,28329.12097011454,27983.952255878146,27878.114045804672,27914.193498889847,127.4584135292262
2024-01-11 07:00:00+00:00,27914.193498889847,28720.17389686465,28625.68298026695,28658.55712066618,107.77580433740323
2024-01-11 08:00:00+00:00,28658.55712066618,29938.487722949038,29849.81848547873,29866.068905686858,109.24003146928044
2024-01-11 09:00:00+00:00,29866.068905686858,29409.735987404456,29333.241470464352,29397.83652319227,132.1909925919675
2024-01-11 10:00:00+00:00,29397.83652319227,29296.194536181516,29211.94246951854,29264.219684117736,103.23680570122931
2024-01-11 11:00:00+00:00,29264.219684117736,29484.20668428647,29361.85929058017,29422.137768264565,158.4359902947404
2024-01-11 12:00:00+00:00,29422.137768264565,30266.303848853386,30135.00170209739,30160.98323777131,107.09943915524613
2024-01-11 13:00:00+00:00,30160.98323777131,29845.846016712912,29653.24716397199,29764.998143463996,107.62165797878646
2024-01-11 14:00:00+00:00,29764.998143463996,29691.500349437763,29604.951319473592,29680.766825052862,142.54598740652068
2024-01-11 15:00:00+00:00,29680.766825052862,30094.67597981726,29915.510388904102,30023.54720009685,59.127030904401494
2024-01-11 16:00:00+00:00,30023.54720009685,30251.787218579415,30211.76823955403,30224.979114398615,148.3032377172719
2024-01-11 17:00:00+00:00,30224.979114398615,30172.601723865006,30009.320235357573,30084.272307613082,125.74583257380307
2024-01-11 18:00:00+00:00,30084.272307613082,30145.42882331555,29943.892061846967,30045.983725761518,117.95391714299625
2024-01-11 19:00:00+00:00,30045.983725761518,29560.86829688093,29451.825591978595,29490.862148376764,157.8879486061927
2024-01-11 20:00:00+00:00,29490.862148376764,29479.90021352854,29387.374630693183,29410.33153189508,163.73836730072915
2024-01-11 21:00:00+00:00,29410.33153189508,29358.1458601478,29287.357928385038,29318.43797124632,176.93912951186888
2024-01-11 22:00:00+00:00,29318.43797124632,29484.0779674756,29399.411218843663,29431.54266133388,106.22046812261709
2024-01-11 23:00:00+00:00,29431.54266133388,29322.140275509795,29168.86869992779,29221.139353018014,99.05565383800716
2024-01-12 00:00:00+00:00,29221.139353018014,29517.492123318738,29393.96061373039,29432.336094977312,157.15131522417792
2024-01-12 01:00:00+00:00,29432.336094977312,29932.618785241277,29838.105154213354,29870.517542003414,137.27072887106686
2024-01-12 02:00:00+00:00,29870.517542003414,29997.673090234497,29875.852624531733,29953.55361613574,144.7702319527725
2024-01-12 03:00:00+00:00,29953.55361613574,30125.562309596487,30113.103428448456,30119.492660965916,133.32843606587528
2024-01-12 04:00:00+00:00,30119.492660965916,30177.25816440121,30118.94425419633,30160.005748217045,165.90395348057817
2024-01-12 05:00:00+00:00,30160.005748217045,30201.443404070927,30094.881103705302,30178.14283710661,78.50613327382297
2024-01-12 06:00:00+00:00,30178.14283710661,29937.399636291488,29871.727253949473,29892.753786984515,133.35681991120953
2024-01-12 07:00:00+00:00,29892.753786984515,30156.982357121437,30016.970956816225,30043.520760075717,73.71526834154447
2024-01-12 08:00:00+00:00,30043.520760075717,30081.29605040269,29996.53938691551,30020.63594574744,111.08779089364879
2024-01-12 09:00:00+00:00,30020.63594574744,30960.998085472496,30931.827251271163,30931.941836389364,149.59907351241122
2024-01-12 10:00:00+00:00,30931.941836389364,31653.199898561186,31579.856540463643,31639.816238895106,123.96074124712555
2024-01-12 11:00:00+00:00,31639.816238895106,31873.358179689803,31825.324457547496,31830.28473498768,106.93873050082719
2024-01-12 12:00:00+00:00,31830.28473498768,31613.776683168686,31476.556484435067,31510.95886516108,182.74550021234091
2024-01-12 13:00:00+00:00,31510.95886516108,31090.23621934638,30919.111051895252,31042.636335635463,165.92385717462176
2024-01-12 14:00:00+00:00,31042.636335635463,31681.182272557042,31467.56326019161,31583.588251360256,128.94361775005626
2024-01-12 15:00:00+00:00,31583.588251360256,31820.85180152373,31691.71981506371,31719.007779992502,192.5079733513232
2024-01-12 16:00:00+00:00,31719.007779992502,31966.270761349515,31912.486009598233,31952.106933014267,113.65479341524909
2024-01-12 17:00:00+00:00,31952.106933014267,31275.830151241087,31141.999641028306,31199.86973127059,168.2109391382159
2024-01-12 18:00:00+00:00,31199.86973127059,31747.916539019407,31519.761140491413,31626.584807074054,75.19043597021269
2024-01-12 19:00:00+00:00,31626.584807074054,31898.762086397626,31745.28448833556,31847.533662887145,92.86887156658955
2024-01-12 20:00:00+00:00,31847.533662887145,31381.47243791365,31359.235598507552,31375.078938657938,100.71283720009322
2024-01-12 21:00:00+00:00,31375.078938657938,31302.531526642815,31171.82515056026,31187.350069757133,65.8731129056785
2024-01-12 22:00:00+00:00,31187.350069757133,31432.206119209637,31269.284413664933,31321.495122696182,125.27072226141019
2024-01-12 23:00:00+00:00,31321.495122696182,31428.82702642742,31254.16633387724,31363.322663687817,78.83902011897435
2024-01-13 00:00:00+00:00,31363.322663687817,31323.083625592546,31143.768164234472,31254.04305439193,145.1278834174488
2024-01-13 01:00:00+00:00,31254.04305439193,31253.97336377369,31214.11368273512,31227.524761653687,78.51385393595274
2024-01-13 02:00:00+00:00,31227.524761653687,31238.29260168713,31064.708339920155,31136.23415926065,68.5259386008913
2024-01-13 03:00:00+00:00,31136.23415926065,31283.803878546692,31202.09396820238,31221.535643065516,195.36300913983868
2024-01-13 04:00:00+00:00,31221.535643065516,31894.8479761534,31803.002353620694,31890.52645326471,148.73604587166594
2024-01-13 05:00:00+00:00,31890.52645326471,30867.507877357602,30670.5620250164,30783.405771149068,190.46763720627328
2024-01-13 06:00:00+00:00,30783.405771149068,30816.635050567224,30644.068920491507,30699.914433956274,123.48316879898479
2024-01-13 07:00:00+00:00,30699.914433956274,30896.47672285312,30784.11022245253,30794.344140676647,55.01036945950614
2024-01-13 08:00:00+00:00,30794.344140676647,30975.083879352078,30869.08667646402,30940.776976014396,136.1556755647166
2024-01-13 09:00:00+00:00,30940.776976014396,30805.136040293124,30748.239783907964,30798.56669555366,133.74933302535626
2024-01-13 10:00:00+00:00,30798.56669555366,30181.477165968856,29970.848159651356,30068.37779982168,52.246340890489094
2024-01-13 11:00:00+00:00,30068.37779982168,30338.18738012082,30183.749377882777,30224.896883190537,179.18630666027474
2024-01-13 12:00:00+00:00,30224.896883190537,31049.300645095846,30874.887807199862,30983.3166752821,142.99560209246368
2024-01-13 13:00:00+00:00,30983.3166752821,30421.23252380585,30310.052610673716,30343.27247485508,161.7036754064219
2024-01-13 14:00:00+00:00,30343.27247485508,30787.756993301722,30711.529912110662,30730.8925422787,124.08816592362719
2024-01-13 15:00:00+00:00,30730.8925422787,30659.627398330074,30570.710998736704,30608.234291515582,142.76036568623945
2024-01-13 16:00:00+00:00,30608.234291515582,30614.942478081193,30596.048097884704,30600.32183575241,88.62048398427862
2024-01-13 17:00:00+00:00,30600.32183575241,30182.336947355416,30136.719045547285,30170.66055193994,196.06366516529707
2024-01-13 18:00:00+00:00,30170.66055193994,30075.71562897722,29968.40314483856,30047.743325749314,110.10800113214977
2024-01-13 19:00:00+00:00,30047.743325749314,30720.468563459384,30600.577803364416,30618.003486298363,74.34899320064437
2024-01-13 20:00:00+00:00,30618.003486298363,30905.325573015238,30873.549047291872,30887.30810419777,58.3873127561941
2024-01-13 21:00:00+00:00,30887.30810419777,31693.262052942537,31647.781128759892,31664.548810826927,145.42578996280565
2024-01-13 22:00:00+00:00,31664.548810826927,32280.829478076546,32200.153919974902,32210.145722890964,197.50697767646835
2024-01-13 23:00:00+00:00,32210.145722890964,32456.114567201374,32314.75784580706,32428.209286545727,184.36917452694226
2024-01-14 00:00:00+00:00,32428.209286545727,33271.34107633872,33124.06889437221,33249.63482566682,155.31568512296204
2024-01-14 01:00:00+00:00,33249.63482566682,33550.11928159285,33468.45745015031,33474.6919309906,198.5896893489291
2024-01-14 02:00:00+00:00,33474.6919309906,33935.1996436589,33782.286763312324,33885.30782846967,158.42423930631597
2024-01-14 03:00:00+00:00,33885.30782846967,33849.7304234602,33665.60075771858,33765.160947200246,100.8876685102094
2024-01-14 04:00:00+00:00,33765.160947200246,33940.308579841454,33682.06707998632,33816.91669183168,140.18271995902597
2024-01-14 05:00:00+00:00,33816.91669183168,33528.67449571772,33461.80991313482,33508.43632079944,61.96499637283423
2024-01-14 06:00:00+00:00,33508.43632079944,34120.50382048563,33957.46541028783,33996.290396657285,83.25237353338113
2024-01-14 07:00:00+00:00,33996.290396657285,33580.93924283605,33399.50866420712,33460.149446101736,112.63103538927383
2024-01-14 08:00:00+00:00,33460.149446101736,33961.207933904254,33732.976256044116,33848.95294751344,80.27277403445679
2024-01-14 09:00:00+00:00,33848.95294751344,33864.28478322878,33680.54336197364,33778.98798556423,193.0251522242256
2024-01-14 10:00:00+00:00,33778.98798556423,34443.28045431183,34293.236026356484,34358.05232907622,199.3396290116974
2024-01-14 11:00:00+00:00,34358.05232907622,34830.80389192257,34707.98747022008,34741.97385384832,105.64038801824981
2024-01-14 12:00:00+00:00,34741.97385384832,35758.77874324234,35556.58331272709,35660.28566880448,156.3843479115798
2024-01-14 13:00:00+00:00,35660.28566880448,36050.99253794309,35925.39785251445,36048.61589586946,111.16560959948609
2024-01-14 14:00:00+00:00,36048.61589586946,35420.29464398167,35228.61996474198,35285.06919218885,70.92638065793096
2024-01-14 15:00:00+00:00,35285.06919218885,35355.79237787219,35178.8354715305,35273.167978484154,100.53902715531629
2024-01-14 16:00:00+00:00,35273.167978484154,34828.48018821048,34664.369001531406,34719.95036757844,85.00575480734949
2024-01-14 17:00:00+00:00,34719.95036757844,34541.67383314253,34423.61236094151,34489.62459715632,99.21173306111297
2024-01-14 18:00:00+00:00,34489.62459715632,35249.992912161375,35174.236313342044,35248.244992028085,82.25325325965747
2024-01-14 19:00:00+00:00,35248.244992028085,35658.16228434573,35475.18672752505,35585.60541844785,66.85176785873696
2024-01-14 20:00:00+00:00,35585.60541844785,35331.781802611265,35122.37879607434,35260.24720665984,82.61426440436193
2024-01-14 21:00:00+00:00,35260.24720665984,34845.03209729427,34722.40301177164,34784.230752330586,185.86355477447643
2024-01-14 22:00:00+00:00,34784.230752330586,34868.40226476604,34773.40587937552,34821.08499909157,62.783251366479305
2024-01-14 23:00:00+00:00,34821.08499909157,34287.815484345585,34202.3984008147,34253.58572708298,98.71349656328518
2024-01-15 00:00:00+00:00,34253.58572708298,34025.261849418064,33935.42955912989,33953.613630053296,129.26748417539528
2024-01-15 01:00:00+00:00,33953.613630053296,34173.941449651014,34082.18997808313,34122.71940700963,103.17689842675352
2024-01-15 02:00:00+00:00,34122.71940700963,34834.56043839101,34687.935270318594,34699.934148509536,127.64106425283309
2024-01-15 03:00:00+00:00,34699.934148509536,35042.16041809758,34958.002287566334,35017.93818700067,56.5130090351531
2024-01-15 04:00:00+00:00,35017.93818700067,33976.19873202989,33910.094518214624,33932.81012798691,147.28544500465665
2024-01-15 05:00:00+00:00,33932.81012798691,34138.257698208115,34050.91631357841,34098.16364923215,134.52182023340902
2024-01-15 06:00:00+00:00,34098.16364923215,34227.276325800485,34044.64124218858,34153.05365600933,152.14493987820373
2024-01-15 07:00:00+00:00,34153.05365600933,34440.7891949113,34338.33162128298,34372.14386362736,135.08867237408555
2024-01-15 08:00:00+00:00,34372.14386362736,35270.43412536516,35093.74192259539,35179.847360112544,115.68553736384948
2024-01-15 09:00:00+00:00,35179.847360112544,34328.670164760806,34075.437820909,34198.71480629145,102.52123134411237
2024-01-15 10:00:00+00:00,34198.71480629145,33975.94759761264,33860.269121356716,33937.22914427191,83.96527851496643
2024-01-15 11:00:00+00:00,33937.22914427191,34334.564531563745,34213.14182388593,34239.683414723695,125.01015902099189
2024-01-15 12:00:00+00:00,34239.683414723695,33513.3256176624,33463.7568137253,33509.96923193333,53.90786785662605
2024-01-15 13:00:00+00:00,33509.96923193333,34266.05704709261,34149.29701980394,34230.13068024996,99.23612421489887
2024-01-15 14:00:00+00:00,34230.13068024996,34491.62095162913,34357.99567238842,34427.76162260846,151.6808440346794
2024-01-15 15:00:00+00:00,34427.76162260846,34863.46421041279,34838.41936328408,34859.142403431084,66.30755595295389
2024-01-15 16:00:00+00:00,34859.142403431084,34687.863061850396,34540.53089582311,34602.371748682854,59.43368634792929
2024-01-15 17:00:00+00:00,34602.371748682854,35114.86296919726,34943.77319068632,35019.84563799389,147.8267907937048
2024-01-15 18:00:00+00:00,35019.84563799389,35675.20806794439,35530.93117443511,35568.96616753918,109.66620817135254
2024-01-15 19:00:00+00:00,35568.96616753918,35780.31848530604,35619.06489967692,35706.53813627642,170.27375548240718
2024-01-15 20:00:00+00:00,35706.53813627642,35932.000990930486,35835.34675391483,35845.40642303775,190.59669559569858
2024-01-15 21:00:00+00:00,35845.40642303775,36059.96468103405,35954.451294920196,36002.92664827521,193.55606805988654
2024-01-15 22:00:00+00:00,36002.92664827521,35597.606261361194,35477.23076787135,35591.73319365558,113.83892808412688
2024-01-15 23:00:00+00:00,35591.73319365558,35553.824211802304,35502.75568161124,35539.61520982737,89.64908364125485
2024-01-16 00:00:00+00:00,35539.61520982737,35578.06291877537,35399.19352866461,35485.09255480214,141.2920608113717
2024-01-16 01:00:00+00:00,35485.09255480214,35839.638712771164,35638.93532184263,35697.48343749886,144.22893888923545
2024-01-16 02:00:00+00:00,35697.48343749886,36224.690515313276,36176.549005811416,36222.40079026225,143.3517404113845
2024-01-16 03:00:00+00:00,36222.40079026225,35790.62827640558,35580.11701737253,35710.98086206889,98.26679205783218
2024-01-16 04:00:00+00:00,35710.98086206889,35777.086054937805,35620.95584034074,35669.932329361494,59.562760462595456
2024-01-16 05:00:00+00:00,35669.932329361494,36559.83095447251,36404.825258108474,36439.32249611385,81.50072582383984
2024-01-16 06:00:00+00:00,36439.32249611385,36162.28372972174,35952.3484945949,36083.59192503675,73.16291420333506
2024-01-16 07:00:00+00:00,36083.59192503675,35780.5102624646,35585.50908076484,35692.00608272257,68.58505186749653
2024-01-16 08:00:00+00:00,35692.00608272257,35914.533797425094,35717.047889038906,35814.72175719986,188.94249816073597
2024-01-16 09:00:00+00:00,35814.72175719986,36386.95748975678,36255.179882848075,36262.36489942608,52.077146896095186
2024-01-16 10:00:00+00:00,36262.36489942608,36307.685010452944,36270.88781657094,36289.93349376465,140.27866088544823
2024-01-16 11:00:00+00:00,36289.93349376465,37130.68512341811,36899.17568432231,36993.63374362268,192.12106936102052
2024-01-16 12:00:00+00:00,36993.63374362268,37466.41818933113,37431.13595250977,37462.51947938172,104.00796912411919
2024-01-16 13:00:00+00:00,37462.51947938172,38056.262283815835,37895.16282749106,37929.396077599566,129.06471337586936
2024-01-16 14:00:00+00:00,37929.396077599566,38259.46494371782,38128.52325630634,38247.72435698945,154.36754952127393
2024-01-16 15:00:00+00:00,38247.72435698945,39569.13590105521,39493.13477565486,39538.35478392962,97.57545419873583
2024-01-16 16:00:00+00:00,39538.35478392962,39449.229687129,39437.31913265358,39448.61521240032,121.64779815608738
2024-01-16 17:00:00+00:00,39448.61521240032,38448.86108797472,38374.9112741729,38380.50438022612,172.56542754991278
2024-01-16 18:00:00+00:00,38380.50438022612,39328.35408148744,39206.20041885514,39275.82514339292,161.8033497920395
2024-01-16 19:00:00+00:00,39275.82514339292,39074.3074515511,38951.98894820986,39048.38043412266,171.2674117239261
2024-01-16 20:00:00+00:00,39048.38043412266,39201.47847281015,38994.87131862696,39130.872266956954,198.1010245441484
2024-01-16 21:00:00+00:00,39130.872266956954,39943.00754693371,39861.1482420959,39878.82323762974,105.54912124042684
2024-01-16 22:00:00+00:00,39878.82323762974,39137.44740630943,38986.94328814362,39017.63812480402,162.06368944036598
2024-01-16 23:00:00+00:00,39017.63812480402,38499.94826136851,38281.597258229034,38362.89600117945,140.41768506529743
2024-01-17 00:00:00+00:00,38362.89600117945,37632.939580404374,37480.29605325293,37534.96322920573,149.99071508317945
2024-01-17 01:00:00+00:00,37534.96322920573,37160.7263792201,37070.552762928084,37142.24285573267,160.98108572494016
2024-01-17 02:00:00+00:00,37142.24285573267,37438.16810117113,37255.757933576635,37393.98474568555,162.4596975419472
2024-01-17 03:00:00+00:00,37393.98474568555,37829.722448200206,37609.87091508704,37692.02319050216,182.86177239422295
2024-01-17 04:00:00+00:00,37692.02319050216,37874.240056546485,37797.93462364922,37860.80182032889,102.3982512854083
2024-01-17 05:00:00+00:00,37860.80182032889,37202.043861484366,36994.60123609961,37141.598756131396,148.0222034167866
2024-01-17 06:00:00+00:00,37141.598756131396,36116.83439591234,35971.798516656876,35981.184664903674,92.04356473952838
2024-01-17 07:00:00+00:00,35981.184664903674,36167.197128778505,35895.849716324075,36030.18660224116,139.18530576754625
2024-01-17 08:00:00+00:00,36030.18660224116,35873.386621323385,35742.611482877925,35814.47851192956,162.67627102578916
2024-01-17 09:00:00+00:00,35814.47851192956,36163.47641477704,35994.51558226558,36067.191888262285,168.65016292424605
2024-01-17 10:00:00+00:00,36067.191888262285,36511.82958932201,36310.839905493085,36445.24476880566,113.01867544836841
2024-01-17 11:00:00+00:00,36445.24476880566,36647.88360726927,36463.61861564029,36537.76455211234,126.30803348020397
2024-01-17 12:00:00+00:00,36537.76455211234,36955.50241691764,36886.03655926879,36950.83459081126,100.07747767552593
2024-01-17 13:00:00+00:00,36950.83459081126,37113.23541847649,37051.4187778261,37091.84719871492,75.35545198094458
2024-01-17 14:00:00+00:00,37091.84719871492,37482.41469466228,37292.01966617294,37390.55376112662,89.07761077887983
2024-01-17 15:00:00+00:00,37390.55376112662,37080.174631719245,36961.30273561668,37045.714372954244,186.82055073497366
2024-01-17 16:00:00+00:00,37045.714372954244,37073.36474202936,36943.15442398494,36974.85599063852,96.3454313613974
2024-01-17 17:00:00+00:00,36974.85599063852,37151.23019710936,36993.83561409076,37099.10996507679,196.21390003184152
2024-01-17 18:00:00+00:00,37099.10996507679,37683.43793133942,37453.52031320824,37550.262836337926,86.22171278230726
2024-01-17 19:00:00+00:00,37550.262836337926,37488.70475860135,37306.866625384195,37366.254140968515,158.46066312215672
2024-01-17 20:00:00+00:00,37366.254140968515,37736.72482670517,37661.81585529885,37662.47885381137,136.08549403577535
2024-01-17 21:00:00+00:00,37662.47885381137,37661.163256874446,37478.02187852176,37545.08959570222,154.53050742871977
2024-01-17 22:00:00+00:00,37545.08959570222,37546.53035988665,37504.944469304544,37505.853328714686,146.59369199137717
2024-01-17 23:00:00+00:00,37505.853328714686,38041.792708059,37955.34120623203,37966.730996105354,156.01228753963838
2024-01-18 00:00:00+00:00,37966.730996105354,36973.3375946577,36880.52029019083,36944.15436502427,185.83205726531884
2024-01-18 01:00:00+00:00,36944.15436502427,36426.424082554855,36289.52329412183,36301.41852612752,134.5204244093722
2024-01-18 02:00:00+00:00,36301.41852612752,35694.374009888146,35538.01443415578,35577.244099866744,60.17731743559928
2024-01-18 03:00:00+00:00,35577.244099866744,34578.693598076854,34364.02348773986,34454.36163438205,90.62381516703493
2024-01-18 04:00:00+00:00,34454.36163438205,34269.08574496603,34107.06920989882,34149.22510912642,156.23284706131457
2024-01-18 05:00:00+00:00,34149.22510912642,34662.65930425568,34392.32370985997,34530.1194101977,124.11119419635101
2024-01-18 06:00:00+00:00,34530.1194101977,34444.7475762643,34287.18438131743,34413.31634837252,132.28279739295303
2024-01-18 07:00:00+00:00,34413.31634837252,34658.15397050162,34448.610718321346,34529.45244037441,139.48706830704373
2024-01-18 08:00:00+00:00,34529.45244037441,35161.226133815864,34945.384886515705,35081.07105161012,107.3943909476855
2024-01-18 09:00:00+00:00,35081.07105161012,35821.12698193651,35636.52851860289,35760.69211547132,166.0843287631783
2024-01-18 10:00:00+00:00,35760.69211547132,35827.66501186995,35701.93771891415,35747.537065403565,158.5302325844823
2024-01-18 11:00:00+00:00,35747.537065403565,36503.24085584605,36343.98394839557,36453.28493054665,157.14491182896708
2024-01-18 12:00:00+00:00,36453.28493054665,36564.39291187372,36502.2488927058,36522.238504907575,157.2965261052417
2024-01-18 13:00:00+00:00,36522.238504907575,36153.095194844165,36019.33265793987,36118.23180605537,183.55370024813718
2024-01-18 14:00:00+00:00,36118.23180605537,35852.23207858775,35770.012759197125,35840.41506516723,139.30891691649117
2024-01-18 15:00:00+00:00,35840.41506516723,35196.01786982352,35123.88389441529,35126.248022876935,195.06082992454375
2024-01-18 16:00:00+00:00,35126.248022876935,34836.285857145755,34674.940928556316,34713.01830793719,67.87890265859568
2024-01-18 17:00:00+00:00,34713.01830793719,34647.30645441428,34428.120979609404,34560.19375779437,144.79384648907967
2024-01-18 18:00:00+00:00,34560.19375779437,35045.053439278185,34927.993579962415,34972.17483562285,157.5389818903693
2024-01-18 19:00:00+00:00,34972.17483562285,35907.8675056947,35820.395464237896,35846.41342993165,121.58306164315393
2024-01-18 20:00:00+00:00,35846.41342993165,35245.8876597567,35154.14623982022,35180.536067099616,93.23125796854046
2024-01-18 21:00:00+00:00,35180.536067099616,35425.408637478424,35327.92999264439,35395.77849892044,132.50561790666484
2024-01-18 22:00:00+00:00,35395.77849892044,35019.71834091153,34787.17054181808,34904.82062419696,104.71215204360541
2024-01-18 23:00:00+00:00,34904.82062419696,35186.55054671458,35052.04975901998,35158.651037203614,186.36861066017246
2024-01-19 00:00:00+00:00,35158.651037203614,35215.90696853995,35053.8887523472,35115.2494211665,103.51886187998824
2024-01-19 01:00:00+00:00,35115.2494211665,34351.240782449095,34218.53836762743,34247.1315557726,76.35604890531937
2024-01-19 02:00:00+00:00,34247.1315557726,34795.76922186062,34709.54399809825,34715.94074346746,136.45837102481792
2024-01-19 03:00:00+00:00,34715.94074346746,34562.68807794903,34380.05924864563,34443.79823016331,109.3988887070554
2024-01-19 04:00:00+00:00,34443.79823016331,34247.64762346226,34096.336064833136,34207.82282789974,64.38472172012615
2024-01-19 05:00:00+00:00,34207.82282789974,33838.4620931474,33621.13294800759,33719.55114521858,134.72635264968625
2024-01-19 06:00:00+00:00,33719.55114521858,33529.68781175344,33377.503187280265,33432.14478737445,130.6769616748552
2024-01-19 07:00:00+00:00,33432.14478737445,33760.72782370242,33573.15124842348,33653.20585418378,75.97956299497926
2024-01-19 08:00:00+00:00,33653.20585418378,33673.584696311926,33525.702752438054,33584.306900613185,139.64572534397644
2024-01-19 09:00:00+00:00,33584.306900613185,33873.7312276132,33681.25390710426,33759.44295241222,135.10384607862335
2024-01-19 10:00:00+00:00,33759.44295241222,34086.16561880682,33881.017740188836,33951.29763851643,166.04189345623865
2024-01-19 11:00:00+00:00,33951.29763851643,34663.788368799214,34511.36726201796,34605.62837040431,104.23548947639514
2024-01-19 12:00:00+00:00,34605.62837040431,34572.8159446556,34390.63992222978,34460.62377600877,87.31392854954589
2024-01-19 13:00:00+00:00,34460.62377600877,33876.285119385626,33648.611194618585,33775.69033782844,192.68298304561634
2024-01-19 14:00:00+00:00,33775.69033782844,34366.844560645026,34245.96873855865,34304.70225586377,134.18262841741821
2024-01-19 15:00:00+00:00,34304.70225586377,34293.044228730556,34164.18711848953,34166.362327195784,54.070993832627046
2024-01-19 16:00:00+00:00,34166.362327195784,34779.2991247868,34691.68230504768,34724.51412972849,173.10675261676147
2024-01-19 17:00:00+00:00,34724.51412972849,35011.35668893181,34862.39500331488,34932.34448819702,79.51370913784112
2024-01-19 18:00:00+00:00,34932.34448819702,34903.98235957568,34813.75691219411,34889.197384358,167.90544764687652
2024-01-19 19:00:00+00:00,34889.197384358,35112.69712466214,35003.502555119085,35081.01543239298,155.77436407339474
2024-01-19 20:00:00+00:00,35081.01543239298,36195.37804205368,35970.96151037441,36074.06871635204,195.3220586394736
2024-01-19 21:00:00+00:00,36074.06871635204,37219.65458133339,37119.88537886254,37160.70985862662,194.83689523917894
2024-01-19 22:00:00+00:00,37160.70985862662,37277.81761226887,37120.15912353214,37219.14771652216,91.16159369836399
2024-01-19 23:00:00+00:00,37219.14771652216,37361.8249946204,37219.98763048746,37325.09993028073,164.96743718351277
2024-01-20 00:00:00+00:00,37325.09993028073,37989.04745640286,37852.11683304536,37914.4908343477,97.5282628669886
2024-01-20 01:00:00+00:00,37914.4908343477,37611.588688984084,37430.43549485207,37490.74597298919,144.37969082443914
2024-01-20 02:00:00+00:00,37490.74597298919,37823.52921079531,37661.605671309255,37688.57935524059,139.66191274318896
2024-01-20 03:00:00+00:00,37688.57935524059,37708.11986214532,37635.12205889202,37697.5472936735,58.1815273431747
2024-01-20 04:00:00+00:00,37697.5472936735,37973.41814299643,37767.06855096454,37886.30680467064,50.77726247530364
2024-01-20 05:00:00+00:00,37886.30680467064,37539.35819247618,37333.0901045178,37469.32452262683,58.664602189221426
2024-01-20 06:00:00+00:00,37469.32452262683,36756.78204906915,36579.624009785104,36666.687326901825,69.19130712976116
2024-01-20 07:00:00+00:00,36666.687326901825,35702.987783237986,35596.54823813312,35639.225546888534,88.64787370216605
2024-01-20 08:00:00+00:00,35639.225546888534,35163.08477042889,35011.290846498596,35107.10371015203,186.04328348638435
2024-01-20 09:00:00+00:00,35107.10371015203,34969.20386636975,34799.98879769293,34903.32304658823,127.79490130200296
2024-01-20 10:00:00+00:00,34903.32304658823,34862.18263670424,34734.99304367673,34781.21209615602,169.53376082611828
2024-01-20 11:00:00+00:00,34781.21209615602,35830.53714242706,35640.653051786074,35758.87875082912,175.74676281608123
2024-01-20 12:00:00+00:00,35758.87875082912,36407.29981239891,36327.959369643446,36338.67140415517,160.2414647885812
2024-01-20 13:00:00+00:00,36338.67140415517,35991.37147813972,35872.47221622439,35874.01533234464,108.7077686630858
2024-01-20 14:00:00+00:00,35874.01533234464,36178.29298647556,36052.96620858494,36070.70878029733,179.57890907614743
2024-01-20 15:00:00+00:00,36070.70878029733,35936.253475499456,35864.854093833834,35887.248935491836,161.30746299813808
2024-01-20 16:00:00+00:00,35887.248935491836,35880.64981506325,35640.37217001312,35766.11567988038,161.47271651075786
2024-01-20 17:00:00+00:00,35766.11567988038,36003.073185014066,35819.56102676881,35880.55534471698,185.2361490748354
2024-01-20 18:00:00+00:00,35880.55534471698,36236.891096089,36174.83019910064,36214.65642616212,139.79952086865256
2024-01-20 19:00:00+00:00,36214.65642616212,36148.74782449057,36002.79292777892,36064.69077328523,129.2861644943265
2024-01-20 20:00:00+00:00,36064.69077328523,36669.62700895963,36569.976923818715,36627.82557721307,183.5243836395613
2024-01-20 21:00:00+00:00,36627.82557721307,36175.18566585799,36025.04906196494,36068.542193531175,118.16925922462953
2024-01-20 22:00:00+00:00,36068.542193531175,36127.8671368992,36073.483790900245,36093.39284610548,171.73560440432644
2024-01-20 23:00:00+00:00,36093.39284610548,37553.22542725666,37354.379015580314,37452.64208371825,58.07695406672116
2024-01-21 00:00:00+00:00,37452.64208371825,37630.70546253015,37571.80141069713,37592.34252869801,50.19349166844832
2024-01-21 01:00:00+00:00,37592.34252869801,38455.735952744544,38258.236045713034,38377.27074235488,129.24387344065352
2024-01-21 02:00:00+00:00,38377.27074235488,38595.43725604557,38418.51794240357,38449.53718546953,61.041784072457034
2024-01-21 03:00:00+00:00,38449.53718546953,38845.86385226304,38673.235266798714,38786.70519992457,196.48145201795953
2024-01-21 04:00:00+00:00,38786.70519992457,38914.98545292124,38654.18413980543,38779.143897864975,50.82517610596982
2024-01-21 05:00:00+00:00,38779.143897864975,38862.77586559634,38690.5520762227,38709.95753428795,157.72244547479696
2024-01-21 06:00:00+00:00,38709.95753428795,38446.87463386208,38299.5087880603,38312.802682076,86.5077043679331
2024-01-21 07:00:00+00:00,38312.802682076,38593.025636843806,38420.94717185384,38567.43752588772,195.13280079080843
2024-01-21 08:00:00+00:00,38567.43752588772,38258.282863089764,38062.62797673046,38133.257909955566,107.23124759418442
2024-01-21 09:00:00+00:00,38133.257909955566,38518.30546854387,38416.26281684757,38513.35274456774,54.092513939579774
2024-01-21 10:00:00+00:00,38513.35274456774,39188.016365628064,39122.82192535991,39126.46232029582,54.04036481131741
2024-01-21 11:00:00+00:00,39126.46232029582,39488.41530957221,39307.486654324275,39351.35714974965,133.00600575870328
2024-01-21 12:00:00+00:00,39351.35714974965,39325.540841140406,39138.214569166885,39217.49629174104,198.00679685469217
2024-01-21 13:00:00+00:00,39217.49629174104,39575.37944557886,39351.233769105136,39491.2251569141,196.96603025685792
2024-01-21 14:00:00+00:00,39491.2251569141,39405.57604836018,39301.81609957301,39344.53472993875,100.59094584338987
2024-01-21 15:00:00+00:00,39344.53472993875,40016.7716250644,39763.489963102205,39887.170717156856,122.40554737833455
2024-01-21 16:00:00+00:00,39887.170717156856,39011.2187312041,38797.76667205406,38900.809147001535,65.06837086967242
2024-01-21 17:00:00+00:00,38900.809147001535,38814.287608850136,38723.8371925644,38741.700334739144,128.32652839875976
2024-01-21 18:00:00+00:00,38741.700334739144,37834.02236069404,37655.19741367912,37699.43772991181,139.95523985724097
2024-01-21 19:00:00+00:00,37699.43772991181,36974.692706433845,36905.56745948581,36940.71492973426,87.65924984169816
2024-01-21 20:00:00+00:00,36940.71492973426,37701.117408104736,37608.74942367555,37675.43910839316,141.81716538727608
2024-01-21 21:00:00+00:00,37675.43910839316,38271.630530389055,38076.46663639059,38173.478308172256,184.95391275443808
2024-01-21 22:00:00+00:00,38173.478308172256,37960.59715616886,37748.022209073715,37813.5788174175,50.14330001352208
2024-01-21 23:00:00+00:00,37813.5788174175,37085.34044366121,37012.45925962572,37048.69830690585,84.34006614619167
2024-01-22 00:00:00+00:00,37048.69830690585,35599.37199609973,35464.862504920595,35563.85503145154,81.48793449859072
2024-01-22 01:00:00+00:00,35563.85503145154,35335.16757644785,35232.89824528462,35315.46171155179,68.58293045507405
2024-01-22 02:00:00+00:00,35315.46171155179,36680.417526243546,36478.654121309846,36554.58734365946,74.91518191056528
2024-01-22 03:00:00+00:00,36554.58734365946,36833.22338274641,36718.28741938495,36799.897757387764,143.88688180480813
2024-01-22 04:00:00+00:00,36799.897757387764,36608.181224280226,36502.219176517276,36534.647424019306,65.40415852259639
2024-01-22 05:00:00+00:00,36534.647424019306,36941.21383048802,36695.22886376872,36795.37572997369,160.77974135310825
2024-01-22 06:00:00+00:00,36795.37572997369,36023.349421469655,35965.76652546689,36021.60008275902,183.0533885837575
2024-01-22 07:00:00+00:00,36021.60008275902,35973.39740673759,35841.3159422928,35893.50047172855,188.98815862675534
2024-01-22 08:00:00+00:00,35893.50047172855,36038.794307156335,35943.55538750294,35965.09620832691,149.02637214795513
2024-01-22 09:00:00+00:00,35965.09620832691,36059.41858797014,35857.519917340884,35943.329200520515,79.6094615950424
2024-01-22 10:00:00+00:00,35943.329200520515,36416.971364541925,36277.627428919644,36365.29169725997,62.79448633098618
2024-01-22 11:00:00+00:00,36365.29169725997,36623.124139192354,36513.34091260967,36563.110713050075,84.80374307104995
2024-01-22 12:00:00+00:00,36563.110713050075,36953.77912047148,36801.95849779013,36928.97201252997,194.29357786775637
2024-01-22 13:00:00+00:00,36928.97201252997,36705.18624083704,36472.97653606844,36596.74054952779,194.3517802626068
2024-01-22 14:00:00+00:00,36596.74054952779,37198.279712111485,37065.710010244424,37081.8857675862,107.28783258775131
2024-01-22 15:00:00+00:00,37081.8857675862,37980.77905149957,37854.49337065896,37960.02807752384,98.86873116463259
2024-01-22 16:00:00+00:00,37960.02807752384,37529.38444197737,37411.38384360761,37470.41244660786,126.5015873388598
2024-01-22 17:00:00+00:00,37470.41244660786,37162.089338666134,36881.755752436184,37029.8328477573,93.7532137201101
2024-01-22 18:00:00+00:00,37029.8328477573,37751.89566371833,37717.50694290477,37751.48684929205,196.9493677483345
2024-01-22 19:00:00+00:00,37751.48684929205,37718.11068539523,37630.81712147627,37673.089976000374,83.18320850368661
2024-01-22 20:00:00+00:00,37673.089976000374,38529.23306410053,38375.89601818487,38443.88114555127,105.3714023274153
2024-01-22 21:00:00+00:00,38443.88114555127,38280.45791052179,38188.27787816551,38229.36912059434,114.40563135502674
2024-01-22 22:00:00+00:00,38229.36912059434,39082.010536960326,38931.468094403004,39039.52847332459,68.75960346217433
2024-01-22 23:00:00+00:00,39039.52847332459,39206.94673819853,39059.6513681311,39134.93259434829,107.42372401551947
2024-01-23 00:00:00+00:00,39134.93259434829,39328.77807147768,39265.52009577443,39300.24246283241,178.509608015296
2024-01-23 01:00:00+00:00,39300.24246283241,40279.9167393876,40113.349747852386,40194.76409291552,71.05415021851377
2024-01-23 02:00:00+00:00,40194.76409291552,40128.81881410507,39873.44120806061,40015.70307749169,137.6032926239281
2024-01-23 03:00:00+00:00,40015.70307749169,39606.560780832435,39390.38016786394,39515.62821498434,110.99557070900252
2024-01-23 04:00:00+00:00,39515.62821498434,39306.45338811913,39213.420063441496,39291.81964797658,75.5805089176182
2024-01-23 05:00:00+00:00,39291.81964797658,39698.80014260207,39519.50645511,39565.16348313795,51.85042466738087
2024-01-23 06:00:00+00:00,39565.16348313795,38757.64631464638,38702.66997275615,38730.53837125067,91.00149552348503
2024-01-23 07:00:00+00:00,38730.53837125067,39220.81358617208,38963.810063733246,39101.1933385579,59.27434410470029
2024-01-23 08:00:00+00:00,39101.1933385579,38886.6657712519,38720.356834418904,38830.66184369521,106.51527069451028
2024-01-23 09:00:00+00:00,38830.66184369521,39606.99402166462,39393.00605745385,39483.369798587264,171.53147835490185
2024-01-23 10:00:00+00:00,39483.369798587264,38236.275011104335,38070.35825787029,38204.752590141725,157.95278913164185
2024-01-23 11:00:00+00:00,38204.752590141725,37837.26146711886,37790.62744615705,37809.03141374935,192.10755675526505
2024-01-23 12:00:00+00:00,37809.03141374935,37022.4163312018,36848.08891096012,36948.95798276884,114.05231260056037
2024-01-23 13:00:00+00:00,36948.95798276884,36550.75962347387,36514.26508743354,36545.944912358675,156.17020978877792
2024-01-23 14:00:00+00:00,36545.944912358675,36727.96080856012,36677.19345812751,36694.89176271594,149.80125831530302
2024-01-23 15:00:00+00:00,36694.89176271594,36730.9692181656,36556.69024422597,36624.90170787939,82.55694547373893
2024-01-23 16:00:00+00:00,36624.90170787939,36639.43188428419,36460.53067285119,36517.1165639402,95.53737578489879
2024-01-23 17:00:00+00:00,36517.1165639402,36469.47461190736,36320.44154335079,36457.69361971776,129.47443000966405
2024-01-23 18:00:00+00:00,36457.69361971776,36712.67435618232,36536.18671025054,36583.59605772788,169.49859785088827
2024-01-23 19:00:00+00:00,36583.59605772788,36207.46929083479,35974.68537476905,36092.33226716492,119.27191016943989
2024-01-23 20:00:00+00:00,36092.33226716492,36600.0291023102,36363.900290219026,36473.14860408637,84.1612304263291
2024-01-23 21:00:00+00:00,36473.14860408637,36938.09775147055,36736.77834266849,36835.19075532305,199.01985354205547
2024-01-23 22:00:00+00:00,36835.19075532305,37156.44243027116,36920.08803914043,37056.515376254654,67.33682095305028
2024-01-23 23:00:00+00:00,37056.515376254654,37447.27068207928,37307.80772172214,37368.78230317634,193.38333612369917
2024-01-24 00:00:00+00:00,37368.78230317634,37644.740723626994,37488.177227916414,37546.70069747854,171.35694326457332
2024-01-24 01:00:00+00:00,37546.70069747854,38797.128393588755,38630.12989922416,38655.01559990139,175.83402789617776
2024-01-24 02:00:00+00:00,38655.01559990139,38646.61634454948,38588.471298547185,38631.083249329015,169.23763746372492
2024-01-24 03:00:00+00:00,38631.083249329015,38537.057615197264,38352.99957175998,38488.44448089878,81.2256411956933
2024-01-24 04:00:00+00:00,38488.44448089878,38118.45105889713,38035.096882669335,38107.406774290575,144.88735660928626
2024-01-24 05:00:00+00:00,38107.406774290575,37725.229447773265,37531.87766962352,37583.1942625037,163.51247186763976
2024-01-24 06:00:00+00:00,37583.1942625037,37022.05669795972,36924.288604645284,36956.23535652929,161.85286881524772
2024-01-24 07:00:00+00:00,36956.23535652929,36619.79560371729,36450.29300740957,36521.13820870908,90.73480558161164
2024-01-24 08:00:00+00:00,36521.13820870908,36629.74186516776,36402.262102880166,36506.91507013318,77.16790816455222
2024-01-24 09:00:00+00:00,36506.91507013318,36845.66576723357,36658.099589890706,36700.18619274771,99.21844758718238
2024-01-24 10:00:00+00:00,36700.18619274771,36772.29608090415,36637.135192797454,36748.51502058317,121.97667205660878
2024-01-24 11:00:00+00:00,36748.51502058317,36494.92722860084,36286.94351750771,36378.5866741042,136.06711205955148
2024-01-24 12:00:00+00:00,36378.5866741042,36992.911512918494,36745.93783756855,36862.062559367565,175.54255434787405
2024-01-24 13:00:00+00:00,36862.062559367565,37275.27234751738,37230.58281345213,37267.986399998284,165.3551341556924
2024-01-24 14:00:00+00:00,37267.986399998284,37319.33028100391,37113.18527929417,37207.10018890658,151.4225788499774
2024-01-24 15:00:00+00:00,37207.10018890658,36943.01823799112,36867.98842091728,36890.674013237105,89.52339394141408
2024-01-24 16:00:00+00:00,36890.674013237105,37293.826395985154,37143.193046660104,37197.32214081784,121.8320748402415
2024-01-24 17:00:00+00:00,37197.32214081784,37394.45701060891,37209.59869256873,37317.72457461748,100.31538111919416
2024-01-24 18:00:00+00:00,37317.72457461748,36628.73535943303,36498.26593574609,36590.7187366725,85.23922693258012
2024-01-24 19:00:00+00:00,36590.7187366725,36597.63560841283,36550.36501437274,36577.85118098934,51.53680405752192
2024-01-24 20:00:00+00:00,36577.85118098934,36751.50139674824,36608.194960662884,36734.317489588924,100.91929558560359
2024-01-24 21:00:00+00:00,36734.317489588924,36311.29604383088,36288.54932410118,36296.29509609665,88.41744015719323
2024-01-24 22:00:00+00:00,36296.29509609665,36507.63407901805,36328.03577521987,36414.73425971806,135.78534904502249
2024-01-24 23:00:00+00:00,36414.73425971806,35752.157669607615,35561.47609267312,35701.97342609438,59.34526554255683
2024-01-25 00:00:00+00:00,35701.97342609438,36429.49428984845,36320.571494351985,36397.95423397099,90.57793950653016
2024-01-25 01:00:00+00:00,36397.95423397099,37164.26154233769,36942.99480508928,37061.691814031336,56.715423498262304
2024-01-25 02:00:00+00:00,37061.691814031336,37054.591043637476,36865.09120585683,36953.06625359738,146.21268567701543
2024-01-25 03:00:00+00:00,36953.06625359738,37244.01792934361,37047.45725132913,37163.867613190065,135.22843378529373
2024-01-25 04:00:00+00:00,37163.867613190065,36086.936733200644,35858.19958087226,35952.4805224001,100.62200346117098
2024-01-25 05:00:00+00:00,35952.4805224001,35450.93697679109,35298.51366876436,35396.367921038676,72.10019006533157
2024-01-25 06:00:00+00:00,35396.367921038676,35390.17304028409,35240.100356088406,35272.24199629069,193.68797491531026
2024-01-25 07:00:00+00:00,35272.24199629069,34778.06802954265,34664.45297086065,34767.61835650857,137.65886710829201
2024-01-25 08:00:00+00:00,34767.61835650857,35242.15500871711,35104.73089444712,35138.169766393985,151.86700498581018
2024-01-25 09:00:00+00:00,35138.169766393985,36299.215982199836,36014.43658280331,36156.26172860197,129.7023129904178
2024-01-25 10:00:00+00:00,36156.26172860197,35707.409442414064,35554.473265848836,35586.89822417486,170.97998714693074
2024-01-25 11:00:00+00:00,35586.89822417486,35274.80712557889,35159.88741020598,35193.206085869344,184.4570074322182
2024-01-25 12:00:00+00:00,35193.206085869344,35419.172126233854,35209.24631904226,35330.59605168327,107.40658153964446
2024-01-25 13:00:00+00:00,35330.59605168327,36209.34080796374,36123.09972191435,36158.243489760025,153.50379683459158
2024-01-25 14:00:00+00:00,36158.243489760025,35662.72308112593,35514.713085303425,35566.056642085816,84.48312268195954
2024-01-25 15:00:00+00:00,35566.056642085816,35821.74340838139,35609.61086322542,35711.69490884796,147.77825707430577
2024-01-25 16:00:00+00:00,35711.69490884796,36802.337822234775,36632.69733942871,36655.97367453467,109.8733444964829
2024-01-25 17:00:00+00:00,36655.97367453467,35910.1395205519,35816.736706369935,35839.540941048755,51.01723991019574
2024-01-25 18:00:00+00:00,35839.540941048755,35232.25494765802,35155.092331429914,35223.61754379129,193.3291802633931
2024-01-25 19:00:00+00:00,35223.61754379129,35119.86462114307,35002.20486482672,35036.357851580986,180.26623183080784
2024-01-25 20:00:00+00:00,35036.357851580986,34819.37774624708,34770.002013013705,34802.808247572444,93.62548255190427
2024-01-25 21:00:00+00:00,34802.808247572444,35256.611767074835,35220.825527235414,35222.12718509644,199.6635971349291
2024-01-25 22:00:00+00:00,35222.12718509644,35409.211212402995,35310.30462583764,35362.70502431729,97.56915118348012
2024-01-25 23:00:00+00:00,35362.70502431729,34616.419382773405,34471.55366210018,34515.49195993689,118.82662796886122
2024-01-26 00:00:00+00:00,34515.49195993689,34811.889250074826,34781.97803901831,34786.31322219474,177.68885392616255
2024-01-26 01:00:00+00:00,34786.31322219474,34549.78263492493,34441.09389860871,34526.89089927749,95.68945269920613
2024-01-26 02:00:00+00:00,34526.89089927749,35175.87817654081,35081.39595759728,35169.55268735837,117.581042658125
2024-01-26 03:00:00+00:00,35169.55268735837,35004.6663132963,34872.94313915004,34882.82202017334,149.8380750684883
2024-01-26 04:00:00+00:00,34882.82202017334,34690.02111111274,34550.18543302977,34594.05644792428,69.57013321586423
2024-01-26 05:00:00+00:00,34594.05644792428,34883.624393116734,34756.28434886034,34878.05137359672,113.35255530375765
2024-01-26 06:00:00+00:00,34878.05137359672,35277.729217001455,35191.596482616784,35273.73731557293,96.41149060424397
2024-01-26 07:00:00+00:00,35273.73731557293,35596.39243790341,35458.49418493037,35517.02264734184,151.5161458797227
2024-01-26 08:00:00+00:00,35517.02264734184,34748.73713050867,34644.93676603706,34709.5106073151,70.39540850905577
2024-01-26 09:00:00+00:00,34709.5106073151,35076.46082491237,34963.78268289995,34992.93599695891,84.90972186514061
2024-01-26 10:00:00+00:00,34992.93599695891,34570.5722491826,34398.50448213015,34510.57848312687,156.7064305628724
2024-01-26 11:00:00+00:00,34510.57848312687,34773.17347149946,34518.5564276639,34645.22000408437,73.43365545861722
2024-01-26 12:00:00+00:00,34645.22000408437,34021.00258867102,33858.097111403426,33981.88142139731,113.30288933598345
2024-01-26 13:00:00+00:00,33981.88142139731,34308.354347785564,34184.75738733895,34215.405411328116,156.9321083138928
2024-01-26 14:00:00+00:00,34215.405411328116,33858.82933712678,33809.433947634505,33851.51005683329,164.8202576645008
2024-01-26 15:00:00+00:00,33851.51005683329,33396.22517442215,33247.647938921735,33269.02299007321,64.23217680075027
2024-01-26 16:00:00+00:00,33269.02299007321,33755.23648089872,33582.01464663849,33623.331148419646,177.7993414129217
2024-01-26 17:00:00+00:00,33623.331148419646,33857.31803103927,33712.58198563682,33757.52072262093,158.59584516949496
2024-01-26 18:00:00+00:00,33757.52072262093,33551.000164995,33403.87524479042,33488.68275350234,100.89418830399705
2024-01-26 19:00:00+00:00,33488.68275350234,34226.61795734219,34170.58492234567,34196.525911948534,164.570427849536
2024-01-26 20:00:00+00:00,34196.525911948534,34117.13390989181,33881.54791270396,34006.61020402296,159.24482980109886
2024-01-26 21:00:00+00:00,34006.61020402296,34142.58793407437,34028.28014915421,34042.31912940508,140.13368397625783
2024-01-26 22:00:00+00:00,34042.31912940508,34221.586921077,34190.29072270851,34191.23139337571,133.77217601087665
2024-01-26 23:00:00+00:00,34191.23139337571,33977.452079344264,33800.25188839656,33916.23797816017,160.20552333493782
2024-01-27 00:00:00+00:00,33916.23797816017,34224.41535449246,34065.009912016714,34161.17633001205,199.88898525581817
2024-01-27 01:00:00+00:00,34161.17633001205,34039.50159772173,33879.124243428305,33927.34991810199,136.78283739738282
2024-01-27 02:00:00+00:00,33927.34991810199,33844.96281394707,33672.23782894228,33752.6365695457,171.3076807643372
2024-01-27 03:00:00+00:00,33752.6365695457,34511.9243732482,34392.5838501556,34423.36441033548,161.64105759733744
2024-01-27 04:00:00+00:00,34423.36441033548,34034.110251506805,33923.00987574539,33945.874411205645,178.37126030507386
2024-01-27 05:00:00+00:00,33945.874411205645,32873.59322483219,32776.17986088975,32838.06636716382,193.17872920762076
2024-01-27 06:00:00+00:00,32838.06636716382,33657.20877213674,33559.76134138282,33607.240014036695,78.96248111912229
2024-01-27 07:00:00+00:00,33607.240014036695,34855.63245763217,34763.50600302321,34849.267268875,74.81894545926744
2024-01-27 08:00:00+00:00,34849.267268875,34782.04003774378,34642.642461432835,34672.89791906248,137.95277426223512
2024-01-27 09:00:00+00:00,34672.89791906248,33824.08437136785,33676.065975618796,33765.602588747606,117.39425943297567
2024-01-27 10:00:00+00:00,33765.602588747606,33698.29533504403,33536.14033889435,33639.327161169465,135.60840393787538
2024-01-27 11:00:00+00:00,33639.327161169465,33557.81110799205,33502.5630761777,33524.90892225044,169.70641017282628
2024-01-27 12:00:00+00:00,33524.90892225044,33483.98072406753,33450.085082867336,33455.9543657817,189.75717200738697
2024-01-27 13:00:00+00:00,33455.9543657817,33035.768679755485,32900.32212902619,32958.27429419198,112.61237377978372
2024-01-27 14:00:00+00:00,32958.27429419198,33277.64937733442,33143.78781759233,33246.72287473377,157.68989683154365
2024-01-27 15:00:00+00:00,33246.72287473377,33520.46365707334,33424.62126358349,33511.85662576228,79.5198781762114
2024-01-27 16:00:00+00:00,33511.85662576228,32938.52526503882,32745.519752913,32837.712513526894,130.18279240317855
2024-01-27 17:00:00+00:00,32837.712513526894,33230.599593592975,33127.16775792426,33180.633616110164,53.27071666707799
2024-01-27 18:00:00+00:00,33180.633616110164,34220.46159887703,34136.38234974053,34168.493290887345,125.56258506996454
2024-01-27 19:00:00+00:00,34168.493290887345,34330.53535958648,34198.50858224664,34271.40782068111,131.80046886882496
2024-01-27 20:00:00+00:00,34271.40782068111,34241.68424527878,34102.51263749348,34130.41297959957,160.3168003667497
2024-01-27 21:00:00+00:00,34130.41297959957,34126.811721445505,33984.06287643183,34083.07129425293,147.42271853104876
2024-01-27 22:00:00+00:00,34083.07129425293,34502.85140146294,34371.448573410635,34398.550015357316,103.75951014587022
2024-01-27 23:00:00+00:00,34398.550015357316,33721.51784603704,33556.12056842487,33595.26083008684,50.8596351069682
2024-01-28 00:00:00+00:00,33595.26083008684,33781.94422041971,33624.610208684746,33692.87801438419,67.32288104344234
2024-01-28 01:00:00+00:00,33692.87801438419,33587.205981527484,33464.033912921856,33529.31010617647,195.95909802761784
2024-01-28 02:00:00+00:00,33529.31010617647,34531.647738529166,34345.92035738808,34428.666127681456,188.34997374729588
2024-01-28 03:00:00+00:00,34428.666127681456,34428.37334379944,34305.29809663852,34365.42998379961,98.7639744621718
2024-01-28 04:00:00+00:00,34365.42998379961,35256.78101268269,35068.97617595348,35198.43225178113,88.82794098858315
2024-01-28 05:00:00+00:00,35198.43225178113,34752.38149538189,34563.00120463048,34679.51523348983,115.46244405350562
2024-01-28 06:00:00+00:00,34679.51523348983,35031.26275303556,34863.76894355957,34986.79840392996,153.4910044418109
2024-01-28 07:00:00+00:00,34986.79840392996,35179.351997576356,35076.14127610431,35164.68829213686,103.52415089869605
2024-01-28 08:00:00+00:00,35164.68829213686,34817.97501423295,34672.00125820953,34760.293504341134,60.09407715967333
2024-01-28 09:00:00+00:00,34760.293504341134,34884.91826992413,34782.678588408686,34867.64387943119,110.41926386665946
2024-01-28 10:00:00+00:00,34867.64387943119,35544.128223668115,35424.13976657841,35485.86873465273,89.08834917221478
2024-01-28 11:00:00+00:00,35485.86873465273,35425.31674152022,35301.03257134107,35346.57394568136,98.73950168168176
2024-01-28 12:00:00+00:00,35346.57394568136,34668.445600700135,34458.06828336791,34539.85906857059,74.44358686809566
2024-01-28 13:00:00+00:00,34539.85906857059,34557.09873355134,34548.563790624925,34552.09250421936,148.8260104168471
2024-01-28 14:00:00+00:00,34552.09250421936,34223.650447653905,34137.76888862314,34138.78710272283,128.99463998678374
2024-01-28 15:00:00+00:00,34138.78710272283,34058.19513403876,33880.14106923723,33995.95056293367,90.62946759430315
2024-01-28 16:00:00+00:00,33995.95056293367,33980.27566870651,33971.2124809844,33977.52197699117,133.0793721959362
2024-01-28 17:00:00+00:00,33977.52197699117,33228.82597517419,33126.00653025898,33195.69027934125,123.90617707508571
2024-01-28 18:00:00+00:00,33195.69027934125,32488.125996292136,32392.85449441954,32472.735835091848,169.3962284849042
2024-01-28 19:00:00+00:00,32472.735835091848,32740.622211261263,32686.324398711946,32712.25490982876,193.39764040103026
2024-01-28 20:00:00+00:00,32712.25490982876,32528.9151963546,32376.8077544973,32493.228501712416,69.60057634679839
2024-01-28 21:00:00+00:00,32493.228501712416,31416.374296122798,31342.17456358528,31366.024758317726,182.58702183619744
2024-01-28 22:00:00+00:00,31366.024758317726,31798.751602321852,31619.334219243152,31731.602531291508,155.71954074273532
2024-01-28 23:00:00+00:00,31731.602531291508,31872.075367810798,31774.677207384648,31871.94915566645,153.88303179468573
2024-01-29 00:00:00+00:00,31871.94915566645,31594.381574745934,31543.53334950461,31573.938162014667,106.14513457137085
2024-01-29 01:00:00+00:00,31573.938162014667,31027.39770697274,30997.087768309004,31015.789565666888,101.58622931973815
2024-01-29 02:00:00+00:00,31015.789565666888,31468.719043580597,31359.96234193865,31399.680766529782,50.84592272337755
2024-01-29 03:00:00+00:00,31399.680766529782,31614.126720896726,31522.31048142814,31572.567766312983,197.33073119559617
2024-01-29 04:00:00+00:00,31572.567766312983,32734.718922391712,32630.957181018355,32663.06950890919,140.97587485595733
2024-01-29 05:00:00+00:00,32663.06950890919,32904.67046254256,32744.144016973314,32875.50025443423,110.34929358858881
2024-01-29 06:00:00+00:00,32875.50025443423,33077.472579110276,33043.884775752864,33074.26710659463,131.56532328382679
2024-01-29 07:00:00+00:00,33074.26710659463,33141.191211638725,32907.16742820052,33016.867267521615,56.07905511443937
2024-01-29 08:00:00+00:00,33016.867267521615,33431.09854719474,33395.352671243316,33416.62138128158,76.04764329375033
2024-01-29 09:00:00+00:00,33416.62138128158,33747.68834366638,33598.315422296524,33730.57227100105,143.50398874451037
2024-01-29 10:00:00+00:00,33730.57227100105,34367.6178973389,34316.49918496429,34347.48383831845,127.139259452543
2024-01-29 11:00:00+00:00,34347.48383831845,34252.092830641704,34060.62639624487,34118.17537250361,168.06122343914495
2024-01-29 12:00:00+00:00,34118.17537250361,34015.01802616043,33855.37528204991,33931.18624757272,148.81140356680055
2024-01-29 13:00:00+00:00,33931.18624757272,33806.912060829236,33708.35861624371,33724.58495952451,140.2153513969081
2024-01-29 14:00:00+00:00,33724.58495952451,34255.16458540504,34009.01681908917,34120.498049164926,172.28985564579702
2024-01-29 15:00:00+00:00,34120.498049164926,34877.05817559016,34826.417260453905,34864.72460225046,60.23946583278509
2024-01-29 16:00:00+00:00,34864.72460225046,34797.38432227249,34586.114899465334,34662.27066746056,153.63301946469278
2024-01-29 17:00:00+00:00,34662.27066746056,34505.56731164275,34401.63206501951,34477.431914163106,157.3386069933523
2024-01-29 18:00:00+00:00,34477.431914163106,34736.507704819676,34566.62326644193,34650.14962152634,91.27453245200165
2024-01-29 19:00:00+00:00,34650.14962152634,34609.918636824725,34544.19138659564,34551.85996274077,79.34744547310916
2024-01-29 20:00:00+00:00,34551.85996274077,35090.30084066309,35012.86030350867,35036.49154280015,82.07787131839987
2024-01-29 21:00:00+00:00,35036.49154280015,34096.110103266445,33947.67181782538,33969.57434534489,79.72112951479913
2024-01-29 22:00:00+00:00,33969.57434534489,33618.89008694438,33558.24029470216,33598.83457589638,128.56732863553918
2024-01-29 23:00:00+00:00,33598.83457589638,33385.37388390651,33233.477548300536,33252.75272679902,70.34394670487427
2024-01-30 00:00:00+00:00,33252.75272679902,32258.05952579589,32090.43679917357,32209.214244523224,148.89287921290256
2024-01-30 01:00:00+00:00,32209.214244523224,31879.187526021222,31731.431017107116,31796.67199475174,65.76173884231542
2024-01-30 02:00:00+00:00,31796.67199475174,31532.337164141474,31332.378755679285,31410.72654946942,54.03344604653843
2024-01-30 03:00:00+00:00,31410.72654946942,31348.435355997586,31296.397754634596,31341.21420856332,97.89353636688067
2024-01-30 04:00:00+00:00,31341.21420856332,31970.070315752164,31817.291702988987,31852.488210791224,78.77895855995615
2024-01-30 05:00:00+00:00,31852.488210791224,31834.586444737062,31698.51757952393,31762.44613057848,198.29930831151236
2024-01-30 06:00:00+00:00,31762.44613057848,31414.415694467898,31289.271496597597,31326.151521020773,95.44944509258261
2024-01-30 07:00:00+00:00,31326.151521020773,31338.659266127954,31276.917570140668,31319.96948977724,83.30961290382706
2024-01-30 08:00:00+00:00,31319.96948977724,31870.333877805962,31744.887296192293,31802.48170177013,79.51547352488218
2024-01-30 09:00:00+00:00,31802.48170177013,31474.299900515787,31326.23485034521,31389.734234481773,106.07793572052356
2024-01-30 10:00:00+00:00,31389.734234481773,31067.31126982211,30888.619912001923,31010.717045213947,140.87733429973667
2024-01-30 11:00:00+00:00,31010.717045213947,31292.307167294406,31244.984013540732,31272.91981110712,167.29179125694236
2024-01-30 12:00:00+00:00,31272.91981110712,31225.249161887423,31133.89893810302,31194.788190525174,104.68643716146026
2024-01-30 13:00:00+00:00,31194.788190525174,31605.38653060253,31478.903632006575,31497.740760050656,143.89564700641841
2024-01-30 14:00:00+00:00,31497.740760050656,31514.969045109156,31466.50945788276,31510.6242351005,122.30898474190812
2024-01-30 15:00:00+00:00,31510.6242351005,31931.069246016905,31749.427392733538,31840.786342074378,176.97430193800977
2024-01-30 16:00:00+00:00,31840.786342074378,31527.070410256285,31379.62734143695,31401.540861981615,135.35626657376528
2024-01-30 17:00:00+00:00,31401.540861981615,31416.012343272658,31342.019255025323,31415.072027825947,93.48375078186501
2024-01-30 18:00:00+00:00,31415.072027825947,31361.533487809033,31289.104054879535,31341.34393527083,155.53808857673837
2024-01-30 19:00:00+00:00,31341.34393527083,30913.982617999238,30824.48390084368,30830.844864570558,173.00967320344938
2024-01-30 20:00:00+00:00,30830.844864570558,30188.676048425838,30068.787417042164,30181.433610860644,119.81609851459476
2024-01-30 21:00:00+00:00,30181.433610860644,30562.807306672443,30440.42997155367,30490.874457256858,198.07958583234785
2024-01-30 22:00:00+00:00,30490.874457256858,30442.704371842316,30264.441472328694,30359.640383177633,181.86453187869702
2024-01-30 23:00:00+00:00,30359.640383177633,30016.64333982452,29896.324349835682,29946.192365106686,79.54320044982371
2024-01-31 00:00:00+00:00,29946.192365106686,29967.55664410527,29811.648018660824,29923.845721253416,168.0133808234356
2024-01-31 01:00:00+00:00,29923.845721253416,30503.24859016132,30383.06514120164,30418.407721456224,140.14268665246493
2024-01-31 02:00:00+00:00,30418.407721456224,29550.24305924777,29431.552963931757,29480.163471695105,130.22169467117521
2024-01-31 03:00:00+00:00,29480.163471695105,28910.211586280875,28798.537295897997,28886.220174003225,127.09078798693525
2024-01-31 04:00:00+00:00,28886.220174003225,28596.784162638658,28493.290703487946,28532.51347270146,178.01167141736434
2024-01-31 05:00:00+00:00,28532.51347270146,29242.472383536562,29097.209421202857,29139.678412747326,141.63091833551726
2024-01-31 06:00:00+00:00,29139.678412747326,29350.828221052714,29156.263217560612,29272.748049999234,130.65589775806006
2024-01-31 07:00:00+00:00,29272.748049999234,29662.5352895523,29540.86303444664,29606.662601641383,57.328986013707365
2024-01-31 08:00:00+00:00,29606.662601641383,29192.816852704178,29074.916899132822,29155.313311603415,117.2454304637836
2024-01-31 09:00:00+00:00,29155.313311603415,28729.002558309396,28645.217529016376,28719.13624730699,186.20623430682616
2024-01-31 10:00:00+00:00,28719.13624730699,28945.394041967833,28821.333758304267,28917.09841447646,156.76050940169284
2024-01-31 11:00:00+00:00,28917.09841447646,28959.365201851848,28858.242250550113,28958.069414762187,57.643096708423016
2024-01-31 12:00:00+00:00,28958.069414762187,29314.139650830362,29133.120209297227,29198.906060898127,182.59884232265634
2024-01-31 13:00:00+00:00,29198.906060898127,29165.70067078126,29105.435162471807,29139.76834562908,174.00008320655812
2024-01-31 14:00:00+00:00,29139.76834562908,29366.426507973454,29268.347970222047,29271.017516006592,132.0026317354292
2024-01-31 15:00:00+00:00,29271.017516006592,29373.29365660494,29281.352866963247,29353.492391585172,53.36081977734222
2024-01-31 16:00:00+00:00,29353.492391585172,29726.35528010611,29594.630276190957,29692.671776703173,134.3644427050701
2024-01-31 17:00:00+00:00,29692.671776703173,30098.342415134826,29993.917308483273,30048.06871261841,58.188357488963916
2024-01-31 18:00:00+00:00,30048.06871261841,29430.07066416554,29372.56690245753,29391.93102854267,98.05684394562206
2024-01-31 19:00:00+00:00,29391.93102854267,28589.706408589034,28465.85871527681,28498.698571919074,144.33644283541082
2024-01-31 20:00:00+00:00,28498.698571919074,29029.318805197418,28859.545892870046,28918.53843069933,186.93696258232617
2024-01-31 21:00:00+00:00,28918.53843069933,29524.076175960807,29322.603563203822,29421.067782627797,103.6693455889218
2024-01-31 22:00:00+00:00,29421.067782627797,29038.902877546683,29001.137054764586,29021.074898428957,179.003567432518
2024-01-31 23:00:00+00:00,29021.074898428957,28380.052729521234,28222.879781954765,28292.15594092593,187.75415156007745
2024-02-01 00:00:00+00:00,28292.15594092593,28365.190055448027,28262.986593272974,28348.413814164465,53.156582068597146
2024-02-01 01:00:00+00:00,28348.413814164465,28842.490953780525,28629.899149367026,28737.497803605795,85.91417566287973
2024-02-01 02:00:00+00:00,28737.497803605795,29548.663329987383,29473.814150042064,29487.579387534857,156.47934488412483
2024-02-01 03:00:00+00:00,29487.579387534857,29759.306985873878,29609.192004860583,29719.31891853739,163.52645646193224
2024-02-01 04:00:00+00:00,29719.31891853739,29601.38568885316,29511.632283954936,29582.804670389523,108.86252753255812
2024-02-01 05:00:00+00:00,29582.804670389523,29234.12454584256,29143.09253365844,29232.7436976504,148.51319191592825
2024-02-01 06:00:00+00:00,29232.7436976504,29283.993068412346,29248.685621084172,29254.978332937324,141.82379260430525
2024-02-01 07:00:00+00:00,29254.978332937324,29256.725117428567,29091.132651965592,29150.14983025852,160.96624424015897
2024-02-01 08:00:00+00:00,29150.14983025852,28847.781048978628,28684.458972350953,28756.07651855331,157.79876416176825
2024-02-01 09:00:00+00:00,28756.07651855331,29725.44316877209,29574.236447620762,29610.578557699624,62.8806196985542
2024-02-01 10:00:00+00:00,29610.578557699624,30390.407130666972,30325.71236878856,30378.1633308826,73.73752714100914
2024-02-01 11:00:00+00:00,30378.1633308826,30956.86037117567,30815.230553224876,30883.70567508978,69.9090720888974
2024-02-01 12:00:00+00:00,30883.70567508978,30537.78862602642,30438.98465992702,30506.409675190607,189.87201047642284
2024-02-01 13:00:00+00:00,30506.409675190607,30959.394694085164,30887.131017730168,30892.30381357404,187.03139725294838
2024-02-01 14:00:00+00:00,30892.30381357404,31228.865825391586,31134.0595109959,31188.887300149097,169.61184043954552
2024-02-01 15:00:00+00:00,31188.887300149097,31437.16254652902,31374.70061508431,31401.557507419668,67.5077841013939
2024-02-01 16:00:00+00:00,31401.557507419668,32048.345463000536,31857.70564195003,31974.950761891818,136.14072048793787
2024-02-01 17:00:00+00:00,31974.950761891818,32303.675215078714,32153.909141705648,32280.00517022693,78.0845939134777
2024-02-01 18:00:00+00:00,32280.00517022693,32696.988476298622,32596.629596325765,32635.746396797498,105.25759063382037
2024-02-01 19:00:00+00:00,32635.746396797498,33033.58454136017,32924.7252747102,32947.81317767054,90.06369149561195
2024-02-01 20:00:00+00:00,32947.81317767054,33142.23886328336,33096.17008449115,33125.25460804189,174.33964722311987
2024-02-01 21:00:00+00:00,33125.25460804189,32448.067263321627,32265.952671253028,32327.73125732756,71.66770992789098
2024-02-01 22:00:00+00:00,32327.73125732756,32450.536148786778,32271.740980528462,32385.02452161474,146.92687529151135
2024-02-01 23:00:00+00:00,32385.02452161474,32258.519309541865,32088.806898610495,32153.117791886893,197.58419956642504
2024-02-02 00:00:00+00:00,32153.117791886893,31683.74761669917,31594.089317963575,31601.091116321117,153.058187488045
2024-02-02 01:00:00+00:00,31601.091116321117,32465.34004919848,32368.234542614013,32373.3994728134,61.885023351043955
2024-02-02 02:00:00+00:00,32373.3994728134,33281.55851618783,33156.3097786501,33186.49501258138,186.17742529437874
2024-02-02 03:00:00+00:00,33186.49501258138,33962.81984461606,33730.258903950584,33844.351091989214,146.46195165343943
2024-02-02 04:00:00+00:00,33844.351091989214,34069.293926015016,33901.39199733826,33985.87824758478,118.44664694078052
2024-02-02 05:00:00+00:00,33985.87824758478,34693.976854209715,34577.37179563312,34655.40993643271,148.95387178116778
2024-02-02 06:00:00+00:00,34655.40993643271,34695.86613409748,34637.81124405094,34682.06133594796,181.85664957089554
2024-02-02 07:00:00+00:00,34682.06133594796,34885.93773146071,34672.16214512217,34801.54390126885,121.5690841872874
2024-02-02 08:00:00+00:00,34801.54390126885,34302.509940022705,34247.979162100244,34293.40808491357,129.69822242183437
2024-02-02 09:00:00+00:00,34293.40808491357,34538.5377959158,34389.994437454596,34505.234247623936,117.86710988269303
2024-02-02 10:00:00+00:00,34505.234247623936,34563.53526010514,34431.311976723264,34555.14427801462,60.888713948549785
2024-02-02 11:00:00+00:00,34555.14427801462,34025.57497067074,33885.39487298074,33951.03376639747,168.06051903910378
2024-02-02 12:00:00+00:00,33951.03376639747,33968.84192799746,33825.635888532415,33947.069889863684,68.96176154627584
2024-02-02 13:00:00+00:00,33947.069889863684,34012.39384679173,33891.98321856949,33929.55046300092,109.18550154324654
2024-02-02 14:00:00+00:00,33929.55046300092,34925.27060884254,34723.44051319115,34815.13430584727,108.02342684115938
2024-02-02 15:00:00+00:00,34815.13430584727,35390.849693089884,35262.4710653385,35274.88270898586,92.00611881301069
2024-02-02 16:00:00+00:00,35274.88270898586,35345.419807021644,35234.78739319692,35301.710146213976,110.37606888416276
2024-02-02 17:00:00+00:00,35301.710146213976,35523.97575916233,35415.32818074931,35446.14247684553,142.70136655736428
2024-02-02 18:00:00+00:00,35446.14247684553,35569.300327079065,35480.46700476387,35489.37672322333,96.70809683115677
2024-02-02 19:00:00+00:00,35489.37672322333,35476.92093934686,35409.41362979225,35409.94130988177,75.87679065474147
2024-02-02 20:00:00+00:00,35409.94130988177,34989.767306530164,34852.98460509426,34898.317815377326,180.40512657609
2024-02-02 21:00:00+00:00,34898.317815377326,34874.77879159056,34763.3264861851,34845.49643109691,195.62489747857032
2024-02-02 22:00:00+00:00,34845.49643109691,34639.26439047702,34441.28343711962,34504.11271402442,118.78757358144809
2024-02-02 23:00:00+00:00,34504.11271402442,33939.05278362101,33884.79206882881,33925.74305956816,99.05295685168787
2024-02-03 00:00:00+00:00,33925.74305956816,34303.33602787131,34054.37572376263,34189.93197024721,57.1223116667344
2024-02-03 01:00:00+00:00,34189.93197024721,34480.104755563014,34269.08855641575,34398.3610425507,55.527731091507974
2024-02-03 02:00:00+00:00,34398.3610425507,33601.609030807485,33551.85908974716,33568.73117806261,108.93229934681031
2024-02-03 03:00:00+00:00,33568.73117806261,33631.249844327824,33475.55996521706,33531.23622594812,189.53630274514487
2024-02-03 04:00:00+00:00,33531.23622594812,34033.83289350771,33934.03479039557,34022.33594385345,159.60628151023468
2024-02-03 05:00:00+00:00,34022.33594385345,34658.3703232766,34449.96925815965,34551.34162264975,102.39041283061624
2024-02-03 06:00:00+00:00,34551.34162264975,35154.943806415315,35020.77767115325,35072.1755452808,195.20696377730914
2024-02-03 07:00:00+00:00,35072.1755452808,35127.903447683864,35007.533803773586,35112.348632521076,114.31368548835961
2024-02-03 08:00:00+00:00,35112.348632521076,34731.262522314966,34702.97865611662,34720.22071951898,91.51891159619686
2024-02-03 09:00:00+00:00,34720.22071951898,34320.72186015726,34172.53773312958,34217.95352909532,113.95298670865358
2024-02-03 10:00:00+00:00,34217.95352909532,34444.3848387882,34305.47921211596,34404.07208661175,81.73148404757492
2024-02-03 11:00:00+00:00,34404.07208661175,34731.1072522277,34521.3849019128,34607.99942048376,182.84581553011935
2024-02-03 12:00:00+00:00,34607.99942048376,35366.00837669168,35140.4548723844,35258.530078555494,104.17599656265355
2024-02-03 13:00:00+00:00,35258.530078555494,35927.25039937599,35820.47858858398,35827.193611076524,148.6953446741482
2024-02-03 14:00:00+00:00,35827.193611076524,35822.271382737825,35757.43400280749,35782.39461586702,108.35707982407453
2024-02-03 15:00:00+00:00,35782.39461586702,35285.38602097371,35178.78220144187,35185.60744678234,185.25971269459438
2024-02-03 16:00:00+00:00,35185.60744678234,35182.71969389166,35022.855931262486,35049.790184267884,146.3571127573445
2024-02-03 17:00:00+00:00,35049.790184267884,35190.53084379023,35177.04476870084,35177.647405510244,123.23778354219492
2024-02-03 18:00:00+00:00,35177.647405510244,35145.110292006655,35028.528196147374,35099.317946910305,69.82144537720077
2024-02-03 19:00:00+00:00,35099.317946910305,34870.089585998896,34763.76773626415,34837.38811083596,185.28749942783065
2024-02-03 20:00:00+00:00,34837.38811083596,35036.95400244476,34889.87012165168,34981.92741181959,132.02253024076563
2024-02-03 21:00:00+00:00,34981.92741181959,34860.03663301921,34703.318757996014,34756.83210720938,92.75794594421262
2024-02-03 22:00:00+00:00,34756.83210720938,34538.630016956275,34472.79299463426,34473.235312537465,181.6890337725056
2024-02-03 23:00:00+00:00,34473.235312537465,34723.75014722646,34551.27216092763,34644.659078128505,58.16606410916117
2024-02-04 00:00:00+00:00,34644.659078128505,34514.22331719112,34463.420650056,34470.90650209462,97.11153759943575
2024-02-04 01:00:00+00:00,34470.90650209462,34629.23049298892,34489.759099867995,34609.67059302006,130.52426018032213
2024-02-04 02:00:00+00:00,34609.67059302006,34800.27055128153,34760.00263431528,34763.152730453854,100.97215040649395
2024-02-04 03:00:00+00:00,34763.152730453854,34351.26389297775,34160.90410386432,34233.54427834659,121.51013830682868
2024-02-04 04:00:00+00:00,34233.54427834659,34106.0703216698,33902.28853807015,34024.083581385195,89.64743784964759
2024-02-04 05:00:00+00:00,34024.083581385195,34789.2455983502,34657.17959121,34736.725243606015,69.51246363993457
2024-02-04 06:00:00+00:00,34736.725243606015,34304.7223067059,34113.450362562035,34196.673678330015,55.52812079252776
2024-02-04 07:00:00+00:00,34196.673678330015,33226.674850784344,33127.54293720936,33218.110234397485,73.64698473682128
2024-02-04 08:00:00+00:00,33218.110234397485,32415.750559473567,32367.007881401147,32382.863677517056,192.94197710372177
2024-02-04 09:00:00+00:00,32382.863677517056,32445.342767503007,32327.994708800128,32415.507125782962,136.31047000051075
2024-02-04 10:00:00+00:00,32415.507125782962,32576.900911791494,32334.73795711756,32449.004515283505,123.34401879169273
2024-02-04 11:00:00+00:00,32449.004515283505,32506.615628829724,32288.744991963158,32415.06270952027,107.64857589585628
2024-02-04 12:00:00+00:00,32415.06270952027,33072.09800454106,32932.107396744126,32990.57355503828,156.2630218975078
2024-02-04 13:00:00+00:00,32990.57355503828,31798.595699323738,31754.143444131838,31797.961652382648,71.188921385914
2024-02-04 14:00:00+00:00,31797.961652382648,32017.487290797002,31897.494857248243,31993.900107614216,91.41948014789952
2024-02-04 15:00:00+00:00,31993.900107614216,32803.799173840125,32649.56522974237,32720.61795846333,148.38531794956293
2024-02-04 16:00:00+00:00,32720.61795846333,32276.331544035882,32194.213083061793,32227.38210472758,121.85965468778419
2024-02-04 17:00:00+00:00,32227.38210472758,32194.301985611597,32053.625823561888,32075.71417200487,165.51388084386332
2024-02-04 18:00:00+00:00,32075.71417200487,31855.591282208316,31736.820473671116,31758.445472547715,184.56647659349798
2024-02-04 19:00:00+00:00,31758.445472547715,31438.264996115664,31324.46581031731,31382.10557928674,173.5058887055984
2024-02-04 20:00:00+00:00,31382.10557928674,31351.551361757403,31236.567604529286,31257.838489304577,77.6311571391098
2024-02-04 21:00:00+00:00,31257.838489304577,32032.435412408362,31905.4260670493,31907.94283080211,63.72053532904678
2024-02-04 22:00:00+00:00,31907.94283080211,32819.426426701684,32752.195794917283,32759.021304073023,75.41609008175728
2024-02-04 23:00:00+00:00,32759.021304073023,32708.73086347641,32503.532047194803,32624.881539562546,167.5296037400346
2024-02-05 00:00:00+00:00,32624.881539562546,33650.031798199736,33517.04749027684,33526.83214082822,187.07466342390657
2024-02-05 01:00:00+00:00,33526.83214082822,33597.05292654761,33553.84234279058,33563.66719216479,188.81733015557862
2024-02-05 02:00:00+00:00,33563.66719216479,34540.611660330476,34356.43847115132,34418.55548934631,94.73236840556683
2024-02-05 03:00:00+00:00,34418.55548934631,34407.67824761857,34360.53816652657,34394.25833624224,176.05120670203377
2024-02-05 04:00:00+00:00,34394.25833624224,34567.532891337236,34345.33640350392,34478.103837901166,130.43533025331448
2024-02-05 05:00:00+00:00,34478.103837901166,34784.34933772789,34549.41075111396,34675.767282988054,173.4187772522311
2024-02-05 06:00:00+00:00,34675.767282988054,36364.77015933987,36216.86014853762,36275.58934805841,132.25472635700015
2024-02-05 07:00:00+00:00,36275.58934805841,36805.350209300894,36666.60900276813,36732.54119886488,71.88398296686773
2024-02-05 08:00:00+00:00,36732.54119886488,36482.317254147376,36337.844940190414,36392.4501598858,61.88293266096461
2024-02-05 09:00:00+00:00,36392.4501598858,36934.04598264798,36906.06254578629,36911.65334967121,193.58287238140093
2024-02-05 10:00:00+00:00,36911.65334967121,36778.87258953831,36704.140932250215,36747.18612147893,113.87038346473685
2024-02-05 11:00:00+00:00,36747.18612147893,36557.41970407998,36500.075815951015,36517.99497253723,102.57809673459766
2024-02-05 12:00:00+00:00,36517.99497253723,37096.17387615978,36992.53020465587,37007.6841600181,103.44546271524656
2024-02-05 13:00:00+00:00,37007.6841600181,37111.49697929097,36962.903541955944,37046.01428532832,106.84016172132081
2024-02-05 14:00:00+00:00,37046.01428532832,37249.490156128646,37198.397955031236,37213.09934087717,191.74952418415072
2024-02-05 15:00:00+00:00,37213.09934087717,37374.2379561288,37227.39128322922,37242.725055195915,59.405688110476376
2024-02-05 16:00:00+00:00,37242.725055195915,37497.091086003355,37369.127088787965,37441.09091952649,67.85919310734488
2024-02-05 17:00:00+00:00,37441.09091952649,37754.355584830824,37620.44359755982,37687.11698650159,168.4477273222774
2024-02-05 18:00:00+00:00,37687.11698650159,36761.02708666115,36680.67625220759,36700.881523978474,132.4114237010208
2024-02-05 19:00:00+00:00,36700.881523978474,37094.18797491632,37066.551851123215,37067.2115028975,69.2805136941428
2024-02-05 20:00:00+00:00,37067.2115028975,36690.092304380036,36554.7934064581,36583.03176699174,55.16902051675046
2024-02-05 21:00:00+00:00,36583.03176699174,35937.616422543506,35839.41687070986,35873.26577282195,83.6351522418841
2024-02-05 22:00:00+00:00,35873.26577282195,35867.78722826764,35750.64985567342,35865.4549536975,89.12161065654067
2024-02-05 23:00:00+00:00,35865.4549536975,36067.744003440836,35797.63517584348,35929.19904267303,52.131954436196295
2024-02-06 00:00:00+00:00,35929.19904267303,35719.57881514831,35545.59096489847,35603.402972771684,82.413580750579
2024-02-06 01:00:00+00:00,35603.402972771684,36145.979511780504,35983.27501982339,36041.66637241723,160.74784054285996
2024-02-06 02:00:00+00:00,36041.66637241723,35515.01465083435,35291.114634587815,35391.979125476304,178.31505344555055
2024-02-06 03:00:00+00:00,35391.979125476304,35339.759801900866,35123.73687063067,35212.037677181266,184.73537446545768
2024-02-06 04:00:00+00:00,35212.037677181266,34993.027038482636,34920.11183519462,34945.85157772935,108.48710489653152
2024-02-06 05:00:00+00:00,34945.85157772935,35029.424116102055,34928.97432438497,34944.02669064017,97.91205888553364
2024-02-06 06:00:00+00:00,34944.02669064017,35187.25400101853,35040.329253670076,35101.77306677846,199.97912723118313
2024-02-06 07:00:00+00:00,35101.77306677846,34667.74688436609,34552.4781136317,34630.71976467101,165.40106763823832
2024-02-06 08:00:00+00:00,34630.71976467101,35035.73411085407,34985.235013325924,35004.656661425535,130.60281213613314
2024-02-06 09:00:00+00:00,35004.656661425535,35072.545976797424,35015.448529998816,35056.57318473808,88.21571490340949
2024-02-06 10:00:00+00:00,35056.57318473808,34250.79140111159,34118.89595230469,34160.70086103106,98.1958179327657
2024-02-06 11:00:00+00:00,34160.70086103106,33360.56163657795,33221.91890803968,33256.67854914741,127.30465232440808
2024-02-06 12:00:00+00:00,33256.67854914741,33372.17017473622,33209.58004564478,33270.899813359465,131.31243796861258
2024-02-06 13:00:00+00:00,33270.899813359465,33230.02700201227,33101.34515814747,33188.04076157268,52.05179664105167
2024-02-06 14:00:00+00:00,33188.04076157268,33187.13875419036,33092.34786170564,33159.9131589246,193.91001279072117
2024-02-06 15:00:00+00:00,33159.9131589246,33226.99904220729,33140.09259070616,33166.81928428092,136.34093710273453
2024-02-06 16:00:00+00:00,33166.81928428092,33364.5066588512,33277.98122451574,33291.68928359354,138.37373666137
2024-02-06 17:00:00+00:00,33291.68928359354,33880.6649621329,33645.589976309384,33756.56406805531,81.72067006307287
2024-02-06 18:00:00+00:00,33756.56406805531,33371.84582166983,33191.717162959685,33255.47518288433,164.74807682018718
2024-02-06 19:00:00+00:00,33255.47518288433,32853.86371063022,32725.782757709432,32733.918993788546,160.5896780137764
2024-02-06 20:00:00+00:00,32733.918993788546,32365.74347930143,32222.73518363346,32256.03909236657,64.27369601071462
2024-02-06 21:00:00+00:00,32256.03909236657,32531.245201231064,32301.98875637108,32406.21151110865,139.24915583898803
2024-02-06 22:00:00+00:00,32406.21151110865,33057.208440656126,32896.55516008708,32995.770316700065,148.729061799482
2024-02-06 23:00:00+00:00,32995.770316700065,32823.03333815896,32701.835621962313,32816.80162476817,175.3352261860816
2024-02-07 00:00:00+00:00,32816.80162476817,31716.943182748004,31629.985377854722,31706.34539613479,80.9136768376566
2024-02-07 01:00:00+00:00,31706.34539613479,31025.852802712918,30925.091432165358,30977.49369582738,181.6452195209609
2024-02-07 02:00:00+00:00,30977.49369582738,30668.271986293254,30584.410522574322,30636.693264798738,119.22216075613935
2024-02-07 03:00:00+00:00,30636.693264798738,30437.32781692361,30393.048394650883,30416.651721800306,64.47854289584672
2024-02-07 04:00:00+00:00,30416.651721800306,30376.775007581207,30182.617573083568,30261.39390800121,65.8431832266314
2024-02-07 05:00:00+00:00,30261.39390800121,30319.597341689372,30225.014905391552,30295.91568019838,79.67066805097544
2024-02-07 06:00:00+00:00,30295.91568019838,30297.906913570732,30163.386133725802,30182.08265559042,92.41260589779628
2024-02-07 07:00:00+00:00,30182.08265559042,30740.406045249427,30538.563792280587,30647.13591983976,124.46087066896995
2024-02-07 08:00:00+00:00,30647.13591983976,30454.551966045932,30331.901426078202,30376.672778242813,162.312679661684
2024-02-07 09:00:00+00:00,30376.672778242813,30111.37315303897,30024.19464356202,30030.169297759054,78.00888530291485
2024-02-07 10:00:00+00:00,30030.169297759054,30290.429247766413,30210.64641808117,30250.320429746727,198.8977691749305
2024-02-07 11:00:00+00:00,30250.320429746727,29701.28049298031,29521.60281083594,29624.679717128434,74.22828976554689
2024-02-07 12:00:00+00:00,29624.679717128434,29826.878850200923,29695.303521741436,29804.621698363168,139.90669515832212
2024-02-07 13:00:00+00:00,29804.621698363168,29977.37773025707,29806.77439876663,29865.35809613157,189.341065380701
2024-02-07 14:00:00+00:00,29865.35809613157,29857.661305578702,29707.582806934024,29821.66139040197,174.87611343152406
2024-02-07 15:00:00+00:00,29821.66139040197,30541.643490193615,30403.68375689976,30510.500017842074,147.183380249474
2024-02-07 16:00:00+00:00,30510.500017842074,30350.123777816232,30164.133920642933,30264.033159790004,157.32394951863478
2024-02-07 17:00:00+00:00,30264.033159790004,31250.22296064511,31061.198101133432,31168.381185152342,70.13084400580465
2024-02-07 18:00:00+00:00,31168.381185152342,31144.936672075328,31041.327060655192,31088.815277246547,51.44945806403724
2024-02-07 19:00:00+00:00,31088.815277246547,30633.570332366675,30463.81006647961,30556.269541894802,115.1223176540559
2024-02-07 20:00:00+00:00,30556.269541894802,30624.077007685555,30533.875345040404,30604.55215155549,63.42783895074545
2024-02-07 21:00:00+00:00,30604.55215155549,30246.214040952793,30078.13334106943,30164.970327299547,103.66288428692366
2024-02-07 22:00:00+00:00,30164.970327299547,29899.405692828976,29845.836486759097,29867.076291713984,83.56141903546063
2024-02-07 23:00:00+00:00,29867.076291713984,30084.37582379935,29963.661047624126,30051.579215935155,187.4520083571114
2024-02-08 00:00:00+00:00,30051.579215935155,30324.072565492184,30188.33638591699,30304.413494256154,182.00839985120862
2024-02-08 01:00:00+00:00,30304.413494256154,30099.59268209819,30023.236362058087,30059.628149759516,172.84142727965127
2024-02-08 02:00:00+00:00,30059.628149759516,30536.74807295537,30376.04304744955,30496.34029272505,157.09164476209813
2024-02-08 03:00:00+00:00,30496.34029272505,31069.507203662844,30966.22653773187,31013.16508898335,73.11078936560405
2024-02-08 04:00:00+00:00,31013.16508898335,31686.20483011924,31636.7938611102,31662.08851327364,57.255113929872735
2024-02-08 05:00:00+00:00,31662.08851327364,31941.41805285232,31902.442080248384,31916.777338627297,148.08317867820386
2024-02-08 06:00:00+00:00,31916.777338627297,32621.918814391196,32449.175080122273,32551.38145880257,146.3387205762649
2024-02-08 07:00:00+00:00,32551.38145880257,31740.834537586325,31654.074073008807,31724.480262863133,105.41364271317215
2024-02-08 08:00:00+00:00,31724.480262863133,31689.637591076786,31563.72943843624,31602.553971573492,120.90299996533956
2024-02-08 09:00:00+00:00,31602.553971573492,31357.97258659938,31163.984890662316,31240.0168899786,123.3724082356984
2024-02-08 10:00:00+00:00,31240.0168899786,31364.439607735836,31269.392378100736,31310.98604072713,85.98921991197597
2024-02-08 11:00:00+00:00,31310.98604072713,31192.156828280764,31024.39087254365,31080.13094377335,97.12499178613788
2024-02-08 12:00:00+00:00,31080.13094377335,31038.728086444524,30919.464512126724,31026.526397205125,112.75843319952523
2024-02-08 13:00:00+00:00,31026.526397205125,31879.551737597052,31788.886046037802,31874.0747990844,140.47685448673846
2024-02-08 14:00:00+00:00,31874.0747990844,31909.322884088815,31720.483300475928,31817.514225998857,193.37288090260887
2024-02-08 15:00:00+00:00,31817.514225998857,32119.054587440005,31946.840602965884,32021.57814037704,130.772691427856
2024-02-08 16:00:00+00:00,32021.57814037704,32044.474998212416,31810.128514288645,31936.776746906962,159.67458643148024
2024-02-08 17:00:00+00:00,31936.776746906962,31997.105729016545,31958.944703187317,31989.835376302628,171.050165359333
2024-02-08 18:00:00+00:00,31989.835376302628,32111.211944114166,31978.14580757316,32011.73138429879,67.02621819628304
2024-02-08 19:00:00+00:00,32011.73138429879,32281.167159858353,32220.686172199683,32232.61984054047,147.96870013309115
2024-02-08 20:00:00+00:00,32232.61984054047,32822.22570307448,32709.800636548614,32782.44910105912,122.31660803816366
2024-02-08 21:00:00+00:00,32782.44910105912,33590.6802862382,33485.09278195627,33567.44840003156,135.86464133718383
2024-02-08 22:00:00+00:00,33567.44840003156,33867.898829252576,33635.545523740664,33733.502429673594,55.762540365356685
2024-02-08 23:00:00+00:00,33733.502429673594,34042.16009537918,33987.82773129505,34033.49331801244,185.93236048210778
2024-02-09 00:00:00+00:00,34033.49331801244,33620.48677952554,33507.99294606599,33509.63582993374,192.91762243631752
2024-02-09 01:00:00+00:00,33509.63582993374,33574.18511335425,33403.83248730615,33488.52221890708,50.52228855269176
2024-02-09 02:00:00+00:00,33488.52221890708,34052.478494047646,33817.013366088024,33952.64678731052,81.91873880622663
2024-02-09 03:00:00+00:00,33952.64678731052,34485.30175125296,34346.8901788432,34387.40533091815,77.02912605634249
2024-02-09 04:00:00+00:00,34387.40533091815,34628.62892868217,34484.739777739225,34510.13018534033,167.1956775919777
2024-02-09 05:00:00+00:00,34510.13018534033,34987.7263091694,34922.61876680403,34962.02333862634,139.71200886677303
2024-02-09 06:00:00+00:00,34962.02333862634,35224.30958036884,35164.25372669113,35224.193394517395,76.60004949450976
2024-02-09 07:00:00+00:00,35224.193394517395,35928.42263500615,35806.637840604344,35842.611338973824,172.09564329782907
2024-02-09 08:00:00+00:00,35842.611338973824,36060.67399183178,35959.72889942473,36009.7046115267,103.02123077086227
2024-02-09 09:00:00+00:00,36009.7046115267,35870.08728927327,35760.81022256335,35852.33502980265,119.12853144396536
2024-02-09 10:00:00+00:00,35852.33502980265,36069.756849588826,35993.17764624866,36042.920912017464,108.0959907980968
2024-02-09 11:00:00+00:00,36042.920912017464,34660.762107854396,34559.990276339966,34614.8283258624,128.20703096618445
2024-02-09 12:00:00+00:00,34614.8283258624,34831.5452514874,34816.18681587473,34821.76265240222,122.0213703243088
2024-02-09 13:00:00+00:00,34821.76265240222,33115.200356505346,32986.09957886632,33107.66330397086,91.1876003993664
2024-02-09 14:00:00+00:00,33107.66330397086,32456.271666793586,32285.151476210176,32337.782635126223,113.68340562407604
2024-02-09 15:00:00+00:00,32337.782635126223,32603.142532646332,32519.75047921711,32562.491160578247,186.25057247814502
2024-02-09 16:00:00+00:00,32562.491160578247,32929.45952817821,32789.2416181609,32800.588548308806,125.43412047188676
2024-02-09 17:00:00+00:00,32800.588548308806,32415.039685956403,32208.567868623308,32290.480190839633,187.45796156335632
2024-02-09 18:00:00+00:00,32290.480190839633,32007.592806111086,31878.816961802626,31989.349755649197,132.5190571726947
2024-02-09 19:00:00+00:00,31989.349755649197,32721.95361996186,32623.274480483542,32628.645573198395,165.32259398962384
2024-02-09 20:00:00+00:00,32628.645573198395,32505.669351530043,32408.894946230117,32427.738376490328,94.03869644895694
2024-02-09 21:00:00+00:00,32427.738376490328,33574.73477830823,33462.63130611199,33482.237141975755,168.56202350666118
2024-02-09 22:00:00+00:00,33482.237141975755,33514.322195541085,33420.72376996893,33501.43205053765,89.64824194774783
2024-02-09 23:00:00+00:00,33501.43205053765,33739.00708255849,33589.34703306361,33713.57894217294,52.93249574644595
2024-02-10 00:00:00+00:00,33713.57894217294,34516.70609314346,34445.705313900005,34506.12807927207,74.10934147665395
2024-02-10 01:00:00+00:00,34506.12807927207,34673.819990538424,34542.66204423269,34590.23142266321,53.24793125480552
2024-02-10 02:00:00+00:00,34590.23142266321,34263.37829111166,34024.14546152344,34128.694031265135,192.0593962837143
2024-02-10 03:00:00+00:00,34128.694031265135,34188.40821142327,33995.481443069446,34096.758234152825,199.99655306265413
2024-02-10 04:00:00+00:00,34096.758234152825,34197.16600707105,34066.559763197714,34100.21751528806,164.3345395429281
2024-02-10 05:00:00+00:00,34100.21751528806,33606.78513393347,33453.414778806626,33474.94939616593,66.21922456273815
2024-02-10 06:00:00+00:00,33474.94939616593,33465.802821240206,33327.519448239946,33375.28749904757,184.84181904989742
2024-02-10 07:00:00+00:00,33375.28749904757,33055.42688034514,32947.579733193634,33050.11485798296,161.56642748991567
2024-02-10 08:00:00+00:00,33050.11485798296,33616.871632166054,33407.55007304917,33500.69048702679,99.83667731031318
2024-02-10 09:00:00+00:00,33500.69048702679,33585.964842542904,33447.72085522088,33537.04391518551,125.34168677133982
2024-02-10 10:00:00+00:00,33537.04391518551,33425.16068331564,33313.68407848617,33424.57727449758,149.26390118929532
2024-02-10 11:00:00+00:00,33424.57727449758,33462.71420234664,33357.93892572743,33394.9579462325,53.60757135099068
2024-02-10 12:00:00+00:00,33394.9579462325,33645.17609970772,33473.99866909221,33519.54284184642,125.23113681498427
2024-02-10 13:00:00+00:00,33519.54284184642,33865.365630163506,33824.813616133346,33830.54308256505,159.85931498824777
2024-02-10 14:00:00+00:00,33830.54308256505,33445.9996430159,33264.375843704074,33380.37207263548,78.23380578444993
2024-02-10 15:00:00+00:00,33380.37207263548,32939.76873615412,32840.20086146112,32916.887958774285,116.56858602189996
2024-02-10 16:00:00+00:00,32916.887958774285,33457.70456912104,33410.09654792985,33449.985293046004,129.87951937774
2024-02-10 17:00:00+00:00,33449.985293046004,33288.12605893033,33268.16474370639,33277.404751760405,160.3348057938848
2024-02-10 18:00:00+00:00,33277.404751760405,32738.333343929513,32548.946701177476,32643.404898453962,194.66805661896612
2024-02-10 19:00:00+00:00,32643.404898453962,32980.17284236303,32768.14240988975,32866.576164744394,177.24133220064374
2024-02-10 20:00:00+00:00,32866.576164744394,33119.30774091718,33012.13183706387,33100.33478270426,143.2277630344925
2024-02-10 21:00:00+00:00,33100.33478270426,32455.372529951233,32391.561026707408,32417.98570111665,137.54610122522138
2024-02-10 22:00:00+00:00,32417.98570111665,32567.209570031748,32422.952250523504,32541.82311228063,140.4780039609006
2024-02-10 23:00:00+00:00,32541.82311228063,32901.94279870159,32799.29794794462,32898.40874939516,131.77679639896607
2024-02-11 00:00:00+00:00,32898.40874939516,33164.398938498336,33004.08059188439,33091.14422937038,58.904432038838536
2024-02-11 01:00:00+00:00,33091.14422937038,33498.786633186006,33318.282488444216,33405.26229845819,154.74445918823073
2024-02-11 02:00:00+00:00,33405.26229845819,32859.53073586576,32656.03521796541,32774.59504756,157.45052001944043
2024-02-11 03:00:00+00:00,32774.59504756,32997.74569845327,32824.26723426985,32946.605509894536,126.87205434005412
2024-02-11 04:00:00+00:00,32946.605509894536,32899.88426277734,32748.794987276382,32827.006961947656,180.55814081038145
2024-02-11 05:00:00+00:00,32827.006961947656,32637.724864728556,32571.068638449262,32625.444737814447,150.86552041350177
2024-02-11 06:00:00+00:00,32625.444737814447,33065.726751614515,32997.25184343268,33045.33068197192,104.39969867855254
2024-02-11 07:00:00+00:00,33045.33068197192,33882.89683054458,33646.47934140202,33757.078175282346,52.95415303979514
2024-02-11 08:00:00+00:00,33757.078175282346,34742.11712814001,34547.3051491188,34636.61293171704,58.87424697465201
2024-02-11 09:00:00+00:00,34636.61293171704,35431.55373339061,35290.34797624798,35301.258328624026,102.76973924626795
2024-02-11 10:00:00+00:00,35301.258328624026,35397.54072099448,35248.16339445781,35268.22198593905,119.31579877980244
2024-02-11 11:00:00+00:00,35268.22198593905,35556.20259796946,35336.38507937743,35464.0821454983,75.03066792626376
2024-02-11 12:00:00+00:00,35464.0821454983,36001.55070053087,35741.47102186533,35868.373060053884,78.39924596339482
2024-02-11 13:00:00+00:00,35868.373060053884,36010.76257011719,35813.96242049783,35950.83912143256,84.53170381690045
2024-02-11 14:00:00+00:00,35950.83912143256,36038.85236076575,35976.65492782687,36038.33106705863,167.0770009364409
2024-02-11 15:00:00+00:00,36038.33106705863,36487.36078900035,36363.82623539386,36478.23085456569,165.6931761427657
2024-02-11 16:00:00+00:00,36478.23085456569,36485.81533531693,36349.022444669,36469.8433928297,107.44084781206682
2024-02-11 17:00:00+00:00,36469.8433928297,36134.823297511706,36075.433021424935,36121.04623154869,75.85465723765938
2024-02-11 18:00:00+00:00,36121.04623154869,35984.161797402514,35912.720016571206,35933.61005113505,66.63625775952039
2024-02-11 19:00:00+00:00,35933.61005113505,36377.44618330713,36131.018577812676,36275.68985409741,63.06939680707598
2024-02-11 20:00:00+00:00,36275.68985409741,36413.781905124044,36294.595209591,36298.98291503371,108.69188763490581
2024-02-11 21:00:00+00:00,36298.98291503371,36580.33249118643,36406.97797839837,36494.175104853864,56.83136499816791
2024-02-11 22:00:00+00:00,36494.175104853864,36881.84203987716,36764.38339166684,36860.25134307761,100.04525556895025
2024-02-11 23:00:00+00:00,36860.25134307761,36799.090531587186,36589.2729173674,36689.330495350325,194.22998638117062
2024-02-12 00:00:00+00:00,36689.330495350325,37154.75161332536,37064.15873339545,37102.09603381805,126.1256923415058
2024-02-12 01:00:00+00:00,37102.09603381805,37323.72686421641,37214.064616447795,37321.787124243776,173.39669852527834
2024-02-12 02:00:00+00:00,37321.787124243776,36745.34692036698,36672.380801299485,36704.151851024166,69.38989188430986
2024-02-12 03:00:00+00:00,36704.151851024166,37524.861018445416,37351.029752605406,37475.30359390643,90.21181736145573
2024-02-12 04:00:00+00:00,37475.30359390643,37276.68632285276,37203.20329913852,37235.83927217079,191.98196668160134
2024-02-12 05:00:00+00:00,37235.83927217079,36523.0147476674,36303.33714580932,36404.790895024584,107.53278454010353
2024-02-12 06:00:00+00:00,36404.790895024584,36006.694052350045,35785.08540937543,35897.575989932484,147.26091926724837
2024-02-12 07:00:00+00:00,35897.575989932484,35507.83884843072,35382.56097887646,35409.32274311269,196.4190168743884
2024-02-12 08:00:00+00:00,35409.32274311269,35476.1781088514,35422.71095788912,35456.46359482834,132.61816344961034
2024-02-12 09:00:00+00:00,35456.46359482834,35456.187709714475,35231.84559778913,35341.98589115752,95.80189238431039
2024-02-12 10:00:00+00:00,35341.98589115752,35292.167432337585,35184.722079872605,35196.82964448955,129.79226839280935
2024-02-12 11:00:00+00:00,35196.82964448955,35552.514544237165,35497.72124255995,35524.82824284723,58.195579899628896
2024-02-12 12:00:00+00:00,35524.82824284723,35808.27870853497,35650.6118174194,35715.690220344484,66.85548111390368
2024-02-12 13:00:00+00:00,35715.690220344484,35965.025167486776,35762.04364394447,35895.601402930195,51.07566575784049
2024-02-12 14:00:00+00:00,35895.601402930195,36187.29971317026,36042.62702506472,36123.815710502684,182.63150623475065
2024-02-12 15:00:00+00:00,36123.815710502684,36474.98343485511,36402.09519021029,36458.632006229454,150.69206433493935
2024-02-12 16:00:00+00:00,36458.632006229454,35493.08796514517,35281.04118569463,35419.65532991933,94.74946476991221
2024-02-12 17:00:00+00:00,35419.65532991933,35274.64426956601,35195.14680533386,35260.54966751147,83.17421288109568
2024-02-12 18:00:00+00:00,35260.54966751147,34243.56359236182,34161.70836249529,34221.07987921917,152.461490173667
2024-02-12 19:00:00+00:00,34221.07987921917,34277.07312481558,34202.49961435861,34258.90955604467,187.92980971779238
2024-02-12 20:00:00+00:00,34258.90955604467,34408.06454333223,34234.445025270725,34277.24771999869,94.8708636578166
2024-02-12 21:00:00+00:00,34277.24771999869,34843.20236910905,34758.20382854801,34803.54516463036,98.23386640801726
2024-02-12 22:00:00+00:00,34803.54516463036,35458.60445941847,35310.87518830881,35408.29574046576,178.13610877906595
2024-02-12 23:00:00+00:00,35408.29574046576,35576.043628789244,35524.465587160055,35530.269186223806,184.00637238256283
2024-02-13 00:00:00+00:00,35530.269186223806,35430.268373383675,35207.14125388024,35303.4231112796,187.1054850244668
2024-02-13 01:00:00+00:00,35303.4231112796,35645.450350153085,35536.73836117093,35565.36200442199,93.97313120100421
2024-02-13 02:00:00+00:00,35565.36200442199,35454.537329564504,35270.373210893325,35324.66128119221,68.04688513945234
2024-02-13 03:00:00+00:00,35324.66128119221,35387.5768929573,35324.455520338684,35345.17330186117,115.9996357997813
2024-02-13 04:00:00+00:00,35345.17330186117,35874.50888728465,35778.75563129452,35858.03790285128,94.36472977117717
2024-02-13 05:00:00+00:00,35858.03790285128,35679.68056151237,35496.61311304845,35600.47399925591,182.58000002177536
2024-02-13 06:00:00+00:00,35600.47399925591,36075.704996245506,35974.80469332132,36025.91185540946,55.49524127053173
2024-02-13 07:00:00+00:00,36025.91185540946,36507.74998252129,36367.23356385789,36391.02114837494,145.08207044544085
2024-02-13 08:00:00+00:00,36391.02114837494,36055.755637086724,35896.8143221555,35929.367130997205,185.92720486221708
2024-02-13 09:00:00+00:00,35929.367130997205,36513.35245975807,36325.19897112532,36444.461710862786,196.5005550209099
2024-02-13 10:00:00+00:00,36444.461710862786,36967.80286399818,36785.29839510117,36824.722756960495,147.51958989470648
2024-02-13 11:00:00+00:00,36824.722756960495,36981.06426869666,36785.09641614053,36899.44078597075,192.488443553357
2024-02-13 12:00:00+00:00,36899.44078597075,36569.22217610243,36481.24130834815,36529.63568302441,61.34891939376009
2024-02-13 13:00:00+00:00,36529.63568302441,36185.15584423807,36087.25543936765,36114.519381334474,103.89175189943597
2024-02-13 14:00:00+00:00,36114.519381334474,35870.5612199854,35760.86836130908,35865.208654297465,51.307204599010056
2024-02-13 15:00:00+00:00,35865.208654297465,36276.67142383928,36092.6084113545,36160.379475623464,197.17756582862276
2024-02-13 16:00:00+00:00,36160.379475623464,35715.720263791394,35696.76829153483,35701.23483750616,185.4089718150049
2024-02-13 17:00:00+00:00,35701.23483750616,35986.529249990555,35804.13138039894,35942.14092325609,54.2078834372302
2024-02-13 18:00:00+00:00,35942.14092325609,35423.823886364036,35323.013182927156,35343.90191600868,52.719897568964896
2024-02-13 19:00:00+00:00,35343.90191600868,35270.28402512608,35214.371599206024,35264.22208762586,105.04542411595492
2024-02-13 20:00:00+00:00,35264.22208762586,35350.80616123993,35285.20010838708,35339.59405316542,88.78069501863527
2024-02-13 21:00:00+00:00,35339.59405316542,36694.11536588479,36520.58826162292,36592.22557873749,177.03984158637533
2024-02-13 22:00:00+00:00,36592.22557873749,35925.25212197895,35802.10394007361,35914.940641832065,74.07266049077934
2024-02-13 23:00:00+00:00,35914.940641832065,36754.77317837765,36683.87280225921,36684.766484210035,168.59741940512862
2024-02-14 00:00:00+00:00,36684.766484210035,36833.70217924225,36646.66832176473,36783.86803730401,133.16895499859947
2024-02-14 01:00:00+00:00,36783.86803730401,37052.198513856565,36922.77189916788,37018.42595115889,106.60876571074817
2024-02-14 02:00:00+00:00,37018.42595115889,37130.082450879265,36960.981952073234,37102.06610229024,71.85796426000681
2024-02-14 03:00:00+00:00,37102.06610229024,37470.270274740884,37234.05944123811,37356.19770187481,199.65369589395067
2024-02-14 04:00:00+00:00,37356.19770187481,37440.24464033117,37159.854004936424,37298.281087583906,142.6979181382305
2024-02-14 05:00:00+00:00,37298.281087583906,38109.53474164638,37996.61391397162,38088.17797776671,115.90733488519913
2024-02-14 06:00:00+00:00,38088.17797776671,38013.627902220294,37814.13938179966,37868.26206260332,105.66913348290976
2024-02-14 07:00:00+00:00,37868.26206260332,38587.981088927496,38428.193855834805,38496.39623692492,185.8592345946283
2024-02-14 08:00:00+00:00,38496.39623692492,38271.55176432067,38073.096100693205,38173.573880758704,173.17877122861415
2024-02-14 09:00:00+00:00,38173.573880758704,38272.65407337312,38099.10457456179,38164.27876059339,171.67786825523356
2024-02-14 10:00:00+00:00,38164.27876059339,37724.3210875425,37508.272518584665,37618.36986814846,142.42977094435892
2024-02-14 11:00:00+00:00,37618.36986814846,38005.7210724881,37867.58101793281,37881.498379822115,183.19348740437027
2024-02-14 12:00:00+00:00,37881.498379822115,38753.713907125646,38550.501810084075,38678.913738083465,94.89175581831057
2024-02-14 13:00:00+00:00,38678.913738083465,38742.715932228915,38628.660930254584,38660.23685494118,155.5559202744934
2024-02-14 14:00:00+00:00,38660.23685494118,38626.92879521652,38431.30123450027,38576.95975025621,110.66716135878389
2024-02-14 15:00:00+00:00,38576.95975025621,38018.44759214149,37978.80292312732,38002.44740745358,139.99982128395382
2024-02-14 16:00:00+00:00,38002.44740745358,38004.15511970834,37883.80362124265,37903.38666311425,199.72295009190393
2024-02-14 17:00:00+00:00,37903.38666311425,37094.76213000031,36969.32657348734,37089.77578511526,197.67871710129776
2024-02-14 18:00:00+00:00,37089.77578511526,36681.149568364395,36520.760265103825,36640.75166653504,126.89285247011723
2024-02-14 19:00:00+00:00,36640.75166653504,36793.19492647889,36670.64776844755,36779.332080573404,136.0795178247237
2024-02-14 20:00:00+00:00,36779.332080573404,37515.90069683619,37343.27053150122,37487.30131117706,184.59826537059516
2024-02-14 21:00:00+00:00,37487.30131117706,39114.09395957759,38972.19532615965,39014.41510766608,197.84535687707825
2024-02-14 22:00:00+00:00,39014.41510766608,38815.89224592163,38590.530825326445,38718.55741196695,166.79117039391195
2024-02-14 23:00:00+00:00,38718.55741196695,39594.72926089455,39472.49311437484,39528.155165158765,59.77766869379461
2024-02-15 00:00:00+00:00,39528.155165158765,39701.396547143806,39601.77076362437,39687.08189668091,98.3959601515796
2024-02-15 01:00:00+00:00,39687.08189668091,39695.59679402058,39556.2727302443,39626.90372815725,184.48435098804617
2024-02-15 02:00:00+00:00,39626.90372815725,39947.83915332544,39890.619524376314,39891.55299033423,165.25287587757208
2024-02-15 03:00:00+00:00,39891.55299033423,40065.239773828675,39858.31077247446,39950.11008395831,161.33496065366407
2024-02-15 04:00:00+00:00,39950.11008395831,40128.6441114376,39916.20833357823,40035.91666730157,150.18848457022116
2024-02-15 05:00:00+00:00,40035.91666730157,39909.90888855128,39803.7787095551,39831.589505113945,112.28957744485753
2024-02-15 06:00:00+00:00,39831.589505113945,39159.098715887754,38937.32039097384,39082.96789553404,110.48619805170526
2024-02-15 07:00:00+00:00,39082.96789553404,38418.29400247265,38189.177487363726,38270.37183774819,171.33987313862016
2024-02-15 08:00:00+00:00,38270.37183774819,38762.06468966842,38617.60287759969,38645.15625617494,94.06704376476064
2024-02-15 09:00:00+00:00,38645.15625617494,38595.41888185146,38419.32194262157,38518.846564112006,152.72478090514602
2024-02-15 10:00:00+00:00,38518.846564112006,38294.92778595764,38192.31863000069,38221.661048850496,158.9312785135935
2024-02-15 11:00:00+00:00,38221.661048850496,38253.20653114448,38239.43493048318,38249.15531811049,176.6833984042293
2024-02-15 12:00:00+00:00,38249.15531811049,38846.32495776635,38594.334970458935,38700.42292934514,97.98283860605235
2024-02-15 13:00:00+00:00,38700.42292934514,38871.117929907654,38804.36522097688,38821.5546108064,161.2833900257303
2024-02-15 14:00:00+00:00,38821.5546108064,38529.11106461212,38473.353869685016,38489.70698354321,65.97348463680304
2024-02-15 15:00:00+00:00,38489.70698354321,39336.33404782624,39063.744758432236,39179.70784895294,70.70925934278571
2024-02-15 16:00:00+00:00,39179.70784895294,40194.82224132701,40070.7531199357,40079.603054314466,112.60040602601023
2024-02-15 17:00:00+00:00,40079.603054314466,40389.941581608,40251.48961254679,40382.29095091238,58.28386645328709
2024-02-15 18:00:00+00:00,40382.29095091238,40971.23136949087,40830.6472931705,40961.09178267304,192.15474821980075
2024-02-15 19:00:00+00:00,40961.09178267304,41708.7974357228,41680.95631802718,41704.54331140805,185.28437157640408
2024-02-15 20:00:00+00:00,41704.54331140805,42496.7273509297,42307.13679158634,42395.04387272265,57.34005432887647
2024-02-15 21:00:00+00:00,42395.04387272265,42799.01426484467,42770.22904154379,42786.76621071212,175.7467582838418
2024-02-15 22:00:00+00:00,42786.76621071212,43333.773254649896,43063.34715605846,43172.586097855405,126.3311261135038
2024-02-15 23:00:00+00:00,43172.586097855405,43676.99713140126,43502.969887425534,43513.92321443467,155.2944332560325
2024-02-16 00:00:00+00:00,43513.92321443467,42969.90846887773,42714.27423247919,42876.25744988793,183.03967539472808
2024-02-16 01:00:00+00:00,42876.25744988793,43431.79933142275,43288.93627933436,43324.93596256374,136.54617306165477
2024-02-16 02:00:00+00:00,43324.93596256374,42585.50164820725,42419.647771424825,42535.83775658591,67.44906504269441
2024-02-16 03:00:00+00:00,42535.83775658591,42101.291913422894,42068.92195101781,42090.52136277143,50.38679157298794
2024-02-16 04:00:00+00:00,42090.52136277143,43017.97192179878,42855.489352256154,42891.44893369652,124.53822983771698
2024-02-16 05:00:00+00:00,42891.44893369652,43442.69111566241,43346.680911339594,43425.01088498496,192.38481981865402
2024-02-16 06:00:00+00:00,43425.01088498496,44380.55002057232,44263.6643538829,44365.36683605468,135.89328074197937
2024-02-16 07:00:00+00:00,44365.36683605468,44278.525847389414,44046.779577396606,44223.47238109241,105.94087071323437
2024-02-16 08:00:00+00:00,44223.47238109241,43544.09379210518,43537.40716564271,43541.922676918075,54.638302562137
2024-02-16 09:00:00+00:00,43541.922676918075,43497.033051059756,43421.59227561129,43421.64688608633,187.24691259173005
2024-02-16 10:00:00+00:00,43421.64688608633,43632.97866282159,43448.83677355087,43509.814402606185,99.07349912870632
2024-02-16 11:00:00+00:00,43509.814402606185,43723.802896631496,43520.26423226005,43584.0986132287,155.7166101972644
2024-02-16 12:00:00+00:00,43584.0986132287,44415.04272827751,44151.296250666994,44307.94028056619,154.13558031671974
2024-02-16 13:00:00+00:00,44307.94028056619,44260.28996703661,43949.84533334224,44110.86455396539,88.08247420531218
2024-02-16 14:00:00+00:00,44110.86455396539,44427.5283314425,44199.18187875385,44355.40605020893,59.5666259691088
2024-02-16 15:00:00+00:00,44355.40605020893,43920.58665345351,43746.90805711653,43771.97692496622,107.75005680077653
2024-02-16 16:00:00+00:00,43771.97692496622,44164.53547386801,44002.58925122452,44075.24373544516,97.56965207557998
2024-02-16 17:00:00+00:00,44075.24373544516,44142.9629504194,43972.03121974768,44103.616151310955,155.03845983084886
2024-02-16 18:00:00+00:00,44103.616151310955,43834.17921541349,43614.6526793025,43669.258653610705,172.96737434897585
2024-02-16 19:00:00+00:00,43669.258653610705,43599.342032666915,43435.900635835555,43551.44052203808,83.3668126087512
2024-02-16 20:00:00+00:00,43551.44052203808,43469.91632787963,43424.13089948042,43465.360900014275,129.23466046646635
2024-02-16 21:00:00+00:00,43465.360900014275,43369.324102133054,43271.21500090418,43327.26649041538,56.091252108224246
2024-02-16 22:00:00+00:00,43327.26649041538,44507.005374481516,44288.86408412238,44441.820323632266,82.13837344001928
2024-02-16 23:00:00+00:00,44441.820323632266,44469.657086043844,44362.74953032723,44407.247197090066,164.26424079831247
2024-02-17 00:00:00+00:00,44407.247197090066,44375.37092534742,44111.62622088909,44282.43670224079,169.00974807336087
2024-02-17 01:00:00+00:00,44282.43670224079,43178.820343721716,42974.11824127811,43026.82775077995,166.4606695177705
2024-02-17 02:00:00+00:00,43026.82775077995,42566.75668584663,42513.03788005051,42517.039262327016,71.35818874824052
2024-02-17 03:00:00+00:00,42517.039262327016,42474.45376332699,42342.94281642266,42386.159898289836,132.6552091202626
2024-02-17 04:00:00+00:00,42386.159898289836,42063.4665099748,41977.54781978189,42006.314574424185,113.40626216650745
2024-02-17 05:00:00+00:00,42006.314574424185,42993.35469867502,42765.61939700578,42852.49459633022,198.72294451926356
2024-02-17 06:00:00+00:00,42852.49459633022,42806.28505451828,42760.02904911086,42779.31671431179,148.1104803587504
2024-02-17 07:00:00+00:00,42779.31671431179,43602.16941389532,43474.980629428275,43584.123796502376,190.28031370935935
2024-02-17 08:00:00+00:00,43584.123796502376,43735.790676008946,43495.22150573536,43647.97178552268,71.80254575126564
2024-02-17 09:00:00+00:00,43647.97178552268,43814.37460452205,43633.57302800736,43696.93688680117,117.63099096503436
2024-02-17 10:00:00+00:00,43696.93688680117,43807.80088361743,43639.41069774352,43668.842225645596,165.7411400158803
2024-02-17 11:00:00+00:00,43668.842225645596,43800.433968645004,43627.45357141164,43697.37373839361,105.17865920456039
2024-02-17 12:00:00+00:00,43697.37373839361,44927.12582537315,44647.67852277245,44788.48758366731,144.876274423047
2024-02-17 13:00:00+00:00,44788.48758366731,43451.53549312625,43280.74416816283,43383.387123135464,126.7553258560491
2024-02-17 14:00:00+00:00,43383.387123135464,42215.4557615166,42192.8294141062,42209.90639637494,198.78941138269886
2024-02-17 15:00:00+00:00,42209.90639637494,41934.75005067827,41825.21929843619,41915.28470849765,76.08088100982371
2024-02-17 16:00:00+00:00,41915.28470849765,41955.47006741836,41870.42977075454,41948.972574070554,190.30230429951916
2024-02-17 17:00:00+00:00,41948.972574070554,42437.41119076549,42326.19227272042,42381.64649671815,110.23564307049452
2024-02-17 18:00:00+00:00,42381.64649671815,42773.49467749243,42670.07624956487,42688.886782416084,120.19894495659418
2024-02-17 19:00:00+00:00,42688.886782416084,42545.897571680725,42318.612973257776,42485.34448752036,129.29028255349684
2024-02-17 20:00:00+00:00,42485.34448752036,43218.37188909997,43091.31080156789,43121.67593353069,89.80498241503697
2024-02-17 21:00:00+00:00,43121.67593353069,43858.52528977368,43740.62303959858,43774.371835479054,194.54861639161896
2024-02-17 22:00:00+00:00,43774.371835479054,44032.739591425765,43888.08353107435,43913.655804002345,186.72308078521843
2024-02-17 23:00:00+00:00,43913.655804002345,44655.02487294173,44434.63206229017,44536.20900767504,195.9357650317044
2024-02-18 00:00:00+00:00,44536.20900767504,44790.2743530246,44653.974711645234,44733.36203844835,199.53793583142846
2024-02-18 01:00:00+00:00,44733.36203844835,44471.24119530018,44365.40894119071,44409.740019485886,150.47001427714582
2024-02-18 02:00:00+00:00,44409.740019485886,44977.66833199293,44795.56237902961,44872.63982221986,117.7528243708617
2024-02-18 03:00:00+00:00,44872.63982221986,45076.44035395117,44848.005257941404,44969.15609495644,177.6100852244457
2024-02-18 04:00:00+00:00,44969.15609495644,45053.63191887343,44946.287020069365,44996.98972375344,53.57073167545079
2024-02-18 05:00:00+00:00,44996.98972375344,46022.819149153394,45793.8243089351,45962.09074658847,175.16060670702552
2024-02-18 06:00:00+00:00,45962.09074658847,44561.80340996484,44383.980126490285,44438.434315044215,124.592903631651
2024-02-18 07:00:00+00:00,44438.434315044215,43704.1669139152,43556.725534068326,43591.281045387936,150.98300406251266
2024-02-18 08:00:00+00:00,43591.281045387936,42921.73005266719,42734.757785198715,42898.55611457569,106.10690920137614
2024-02-18 09:00:00+00:00,42898.55611457569,42781.90070831486,42568.09416509518,42706.55918376735,105.29347308002238
2024-02-18 10:00:00+00:00,42706.55918376735,42732.188657771265,42521.69905399927,42580.14244978213,54.757572921633155
2024-02-18 11:00:00+00:00,42580.14244978213,41722.08721541287,41575.62431849447,41716.029100849264,113.568414564352
2024-02-18 12:00:00+00:00,41716.029100849264,41310.14254628746,41083.879573565064,41169.31648564777,111.25312931289952
2024-02-18 13:00:00+00:00,41169.31648564777,40727.10941078339,40644.09159119724,40700.54365196485,83.7186652802107
2024-02-18 14:00:00+00:00,40700.54365196485,42235.97415777685,42008.89109394891,42150.45112301767,87.09849103096512
2024-02-18 15:00:00+00:00,42150.45112301767,43326.55304320813,43123.00351926992,43253.137515555856,137.62093706637677
2024-02-18 16:00:00+00:00,43253.137515555856,43032.076346109345,42979.06225654767,43030.33287107908,97.66571638092546
2024-02-18 17:00:00+00:00,43030.33287107908,42994.406120155654,42733.59817077278,42837.55266215823,174.53778635259346
2024-02-18 18:00:00+00:00,42837.55266215823,42255.913472102766,42116.83773888094,42179.16001626608,66.70776602855997
2024-02-18 19:00:00+00:00,42179.16001626608,41248.80907150993,41091.785153020806,41091.95806347015,136.64674198625653
2024-02-18 20:00:00+00:00,41091.95806347015,41096.47825158855,40891.46777684619,41049.395596284085,74.00670907086536
2024-02-18 21:00:00+00:00,41049.395596284085,40644.57203820742,40415.17154793876,40504.220737623036,129.23609403809883
2024-02-18 22:00:00+00:00,40504.220737623036,40629.769854237515,40383.51580296991,40480.415003237504,132.8818830425478
2024-02-18 23:00:00+00:00,40480.415003237504,39695.59593610521,39512.33674576194,39607.37724978478,146.34465297885936
2024-02-19 00:00:00+00:00,39607.37724978478,39242.41336110984,39124.26088723854,39210.62487027137,114.11374209093405
2024-02-19 01:00:00+00:00,39210.62487027137,39423.64534997453,39270.26697808765,39315.88092419741,126.42120276938816
2024-02-19 02:00:00+00:00,39315.88092419741,39628.51643732203,39388.015329577654,39541.68636321406,77.142892412194
2024-02-19 03:00:00+00:00,39541.68636321406,39947.69898989836,39698.376920688446,39797.339917203084,119.45230246044945
2024-02-19 04:00:00+00:00,39797.339917203084,39160.507389171624,38986.90946516399,39091.81961236743,105.95455836414358
2024-02-19 05:00:00+00:00,39091.81961236743,39628.6486104592,39514.11700221987,39586.13094479546,149.91966569816145
2024-02-19 06:00:00+00:00,39586.13094479546,39190.284025119174,39123.517449274914,39168.617982185475,115.22325852447291
2024-02-19 07:00:00+00:00,39168.617982185475,39651.41013940702,39530.734036698486,39540.91170638878,166.90124764703302
2024-02-19 08:00:00+00:00,39540.91170638878,39712.88923420754,39503.332318224566,39558.75099477208,113.89881478605382
2024-02-19 09:00:00+00:00,39558.75099477208,38831.465229305795,38799.713823751954,38827.06320781971,85.3656759460938
2024-02-19 10:00:00+00:00,38827.06320781971,38793.3230299332,38576.32995639151,38678.76498249383,91.05330784378769
2024-02-19 11:00:00+00:00,38678.76498249383,39044.682606278584,38763.67598258064,38900.45057127153,56.79278376374548
2024-02-19 12:00:00+00:00,38900.45057127153,39271.00381335421,39211.716615270794,39259.26034247005,130.9878215901365
2024-02-19 13:00:00+00:00,39259.26034247005,39222.63882880363,39153.15866782171,39205.36180289073,174.63213258504828
2024-02-19 14:00:00+00:00,39205.36180289073,40190.16956784469,39971.76632573343,40079.2371173495,165.3667560226355
2024-02-19 15:00:00+00:00,40079.2371173495,40778.38142043896,40648.677812511916,40672.96305863433,115.66841995077071
2024-02-19 16:00:00+00:00,40672.96305863433,40562.56867511328,40400.644509563135,40551.40448168162,79.41805327167683
2024-02-19 17:00:00+00:00,40551.40448168162,41140.96146075686,40944.42559401606,41004.10243673785,179.5226664946179
2024-02-19 18:00:00+00:00,41004.10243673785,42242.918766212286,42137.59563653039,42154.65974936986,58.517155106760256
2024-02-19 19:00:00+00:00,42154.65974936986,43511.01983953374,43323.405603648236,43353.69839430279,109.88340878037411
2024-02-19 20:00:00+00:00,43353.69839430279,42790.05975865389,42481.21822845368,42640.30855037412,178.49227135759267
2024-02-19 21:00:00+00:00,42640.30855037412,42252.91365135402,42074.40448943855,42116.03522805648,108.97650311062947
2024-02-19 22:00:00+00:00,42116.03522805648,43115.34148739355,42912.57151174733,43026.55208447521,67.68132061354399
2024-02-19 23:00:00+00:00,43026.55208447521,42461.92605117676,42392.718952510004,42419.216578267056,89.89242505186942
2024-02-20 00:00:00+00:00,42419.216578267056,41750.34695529773,41633.66923621119,41666.01901542852,140.00441626144226
2024-02-20 01:00:00+00:00,41666.01901542852,41424.90836679361,41262.57996603942,41408.21069170506,72.80538615418563
2024-02-20 02:00:00+00:00,41408.21069170506,41787.37577837185,41652.86079156572,41677.53943303862,148.24029902635337
2024-02-20 03:00:00+00:00,41677.53943303862,41665.13018619748,41639.69012407821,41642.81343281907,115.72428967988687
2024-02-20 04:00:00+00:00,41642.81343281907,41374.44917927575,41207.24008280922,41290.02380411704,100.15842512307827
2024-02-20 05:00:00+00:00,41290.02380411704,40935.57323141789,40785.43639465218,40926.67053885798,86.13882207847459
2024-02-20 06:00:00+00:00,40926.67053885798,40593.443195359825,40491.99936116328,40544.86841732969,173.49949787850642
2024-02-20 07:00:00+00:00,40544.86841732969,40109.93180012774,40052.18815927259,40072.73140826563,109.50109211951023
2024-02-20 08:00:00+00:00,40072.73140826563,41500.93695690531,41235.613433917206,41398.264038834976,160.77188984093414
2024-02-20 09:00:00+00:00,41398.264038834976,41726.912672734004,41483.40544924648,41596.00394004096,116.05327889560766
2024-02-20 10:00:00+00:00,41596.00394004096,42150.55770663317,41997.50304431242,42140.898514665634,63.78007803301691
2024-02-20 11:00:00+00:00,42140.898514665634,42020.89563532627,41752.467771303134,41878.46134556011,116.07589627508906
2024-02-20 12:00:00+00:00,41878.46134556011,41938.54821982856,41677.91513894265,41794.646294419406,126.15316696036459
2024-02-20 13:00:00+00:00,41794.646294419406,41460.72677806755,41340.35145990395,41404.0414862624,118.67632902400652
2024-02-20 14:00:00+00:00,41404.0414862624,40024.31433770477,39867.29754960593,39919.08697519886,172.43625676224087
2024-02-20 15:00:00+00:00,39919.08697519886,39242.942010985884,39067.48344077756,39179.84474668535,186.6277023564544
2024-02-20 16:00:00+00:00,39179.84474668535,38245.67040469258,38112.51931484807,38222.096409634425,168.0168012816551
2024-02-20 17:00:00+00:00,38222.096409634425,37137.57396657272,36918.29452139156,37059.20672713913,137.41728533164394
2024-02-20 18:00:00+00:00,37059.20672713913,36478.65040116436,36383.10649745654,36466.053615082135,131.2174940832336
2024-02-20 19:00:00+00:00,36466.053615082135,37301.69987779721,37127.2792813172,37171.084825775986,146.69240451854884
2024-02-20 20:00:00+00:00,37171.084825775986,37307.68749214481,37097.4794608273,37170.26311792697,93.17454446590618
2024-02-20 21:00:00+00:00,37170.26311792697,37995.130990722035,37777.70381233939,37870.67082808288,171.77702692230275
2024-02-20 22:00:00+00:00,37870.67082808288,38197.81429531545,38047.00367485095,38112.057878130145,178.52722664054915
2024-02-20 23:00:00+00:00,38112.057878130145,38641.021529424324,38433.0199700628,38555.02861088739,90.08257447727458
2024-02-21 00:00:00+00:00,38555.02861088739,38244.68787819206,38005.572211862454,38094.65476582607,185.42273122101165
2024-02-21 01:00:00+00:00,38094.65476582607,38436.22622788914,38396.70110449127,38398.150362444176,177.3099085987501
2024-02-21 02:00:00+00:00,38398.150362444176,38826.96724887329,38726.701711315865,38815.1754522816,113.67301512237654
2024-02-21 03:00:00+00:00,38815.1754522816,38612.786157632,38428.547034797506,38526.18839008497,186.35003031391184
2024-02-21 04:00:00+00:00,38526.18839008497,38903.57199652707,38710.23479778933,38852.475459046254,68.06584907172622
2024-02-21 05:00:00+00:00,38852.475459046254,39235.69606609603,39120.325443938855,39185.17246447815,54.197983881335055
2024-02-21 06:00:00+00:00,39185.17246447815,38909.28947510692,38818.780782071066,38908.186761973644,102.18002383910815
2024-02-21 07:00:00+00:00,38908.186761973644,38415.769723560705,38251.551822126145,38324.367730014135,134.81535482410175
2024-02-21 08:00:00+00:00,38324.367730014135,37756.728864624405,37636.68502099916,37716.89473919908,102.71639217992993
2024-02-21 09:00:00+00:00,37716.89473919908,37813.65799500803,37775.09244646887,37785.26485501307,191.31016005070393
2024-02-21 10:00:00+00:00,37785.26485501307,37987.57227300625,37845.10915689907,37981.42962277938,88.20653435827177
2024-02-21 11:00:00+00:00,37981.42962277938,37639.66331386511,37448.01438783997,37584.88536153717,92.18200903890184
2024-02-21 12:00:00+00:00,37584.88536153717,37753.71526769085,37538.96778511344,37621.442958511674,145.22414188172826
2024-02-21 13:00:00+00:00,37621.442958511674,37997.01010042244,37861.432961365674,37945.90898113566,50.57958235125623
2024-02-21 14:00:00+00:00,37945.90898113566,38402.746565367874,38289.89859534445,38298.715884416655,159.13355785318987
2024-02-21 15:00:00+00:00,38298.715884416655,39281.917859899724,39069.73094291394,39163.40204831516,106.62042246397358
2024-02-21 16:00:00+00:00,39163.40204831516,39946.13669066856,39825.298016408626,39893.77996471624,196.6621801464944
2024-02-21 17:00:00+00:00,39893.77996471624,39491.42323632527,39250.41969320182,39362.05735737048,153.7126389544623
2024-02-21 18:00:00+00:00,39362.05735737048,40436.63755248619,40317.43600419303,40325.03726026344,57.83224326235146
2024-02-21 19:00:00+00:00,40325.03726026344,40140.000168702216,39936.5232807391,40050.40864952803,63.89417131129605
2024-02-21 20:00:00+00:00,40050.40864952803,40665.1339731007,40618.30642113624,40664.97253900725,63.225216038623785
2024-02-21 21:00:00+00:00,40664.97253900725,40733.8426754689,40621.95500380568,40728.12595093203,192.89333898379155
2024-02-21 22:00:00+00:00,40728.12595093203,40678.69322295485,40416.46139775271,40518.10121271599,152.60773118263816
2024-02-21 23:00:00+00:00,40518.10121271599,39652.94863458638,39493.388727288984,39529.25622796562,114.14090109334036
2024-02-22 00:00:00+00:00,39529.25622796562,39606.07061799423,39388.574833813196,39458.09247128014,80.07240348200466
2024-02-22 01:00:00+00:00,39458.09247128014,38768.59487932591,38500.0546792677,38629.173969422125,181.04596196537048
2024-02-22 02:00:00+00:00,38629.173969422125,39182.56005341119,39084.44951866859,39179.35628173115,80.23338915070107
2024-02-22 03:00:00+00:00,39179.35628173115,40171.0852069025,40033.239190341774,40044.24948519622,156.0018824713726
2024-02-22 04:00:00+00:00,40044.24948519622,39695.24005463569,39553.53692573077,39623.73573567979,164.49865423180188
2024-02-22 05:00:00+00:00,39623.73573567979,39941.23194618604,39765.83204586613,39815.485373693766,94.19841332831123
2024-02-22 06:00:00+00:00,39815.485373693766,39437.900589460165,39335.62327724242,39436.84119220603,125.73721057559634
2024-02-22 07:00:00+00:00,39436.84119220603,39159.92028643705,39018.67456765222,39114.828821105766,83.44839234775908
2024-02-22 08:00:00+00:00,39114.828821105766,39683.89202503114,39563.34195862766,39564.98756165531,106.83944861832472
2024-02-22 09:00:00+00:00,39564.98756165531,39692.89092386995,39471.20022826059,39567.379904610534,194.7701597420013
2024-02-22 10:00:00+00:00,39567.379904610534,40667.770645132005,40447.967073245396,40567.21027498021,153.97070519816452
2024-02-22 11:00:00+00:00,40567.21027498021,40367.02166521907,40194.46097712517,40318.43695049852,176.99213092857727
2024-02-22 12:00:00+00:00,40318.43695049852,40961.81314391894,40901.37310140008,40911.02413806402,131.08993572001114
2024-02-22 13:00:00+00:00,40911.02413806402,41149.95984710371,40941.65405740011,40991.44364496923,85.85596132270342
2024-02-22 14:00:00+00:00,40991.44364496923,41548.422436173096,41405.66593767663,41475.556158551706,156.93197850007903
2024-02-22 15:00:00+00:00,41475.556158551706,41315.21950119026,41211.80287077911,41241.459060888425,125.08519411858497
2024-02-22 16:00:00+00:00,41241.459060888425,41328.69730064488,41168.18961185986,41237.58981506148,76.5273302160588
2024-02-22 17:00:00+00:00,41237.58981506148,41263.152048833574,41183.952234700155,41195.673151137205,111.86448344273154
2024-02-22 18:00:00+00:00,41195.673151137205,40830.79911561545,40722.2839136019,40740.73413450759,145.22603285244588
2024-02-22 19:00:00+00:00,40740.73413450759,41215.95423925296,41034.747568518644,41144.80081982446,160.29977850233573
2024-02-22 20:00:00+00:00,41144.80081982446,41683.3789173275,41502.356817441796,41545.9921510836,86.48311938355276
2024-02-22 21:00:00+00:00,41545.9921510836,42070.232874464615,41798.52885465217,41917.81115853909,181.39960090239967
2024-02-22 22:00:00+00:00,41917.81115853909,43015.04123562141,42847.01111968738,42855.25793319514,106.9326660612017
2024-02-22 23:00:00+00:00,42855.25793319514,43858.73108324827,43661.46132784257,43759.95677295134,90.67050768391226
2024-02-23 00:00:00+00:00,43759.95677295134,43634.01369117887,43488.77778434054,43556.979069326815,79.26800831805872
2024-02-23 01:00:00+00:00,43556.979069326815,43934.92956955055,43671.673985942005,43811.33952290701,170.62570016044606
2024-02-23 02:00:00+00:00,43811.33952290701,43602.30221484292,43320.30809492249,43456.579511636395,103.12468624490937
2024-02-23 03:00:00+00:00,43456.579511636395,43594.83321304473,43431.53863316243,43496.881325957605,122.5098541831902
2024-02-23 04:00:00+00:00,43496.881325957605,43279.918921216915,43051.57373475797,43159.0767825483,83.42297353458135
2024-02-23 05:00:00+00:00,43159.0767825483,44308.12919673845,44135.44159414485,44175.6500709569,152.9136606753397
2024-02-23 06:00:00+00:00,44175.6500709569,44548.007578037126,44324.66000875097,44427.804815276075,167.15501113286336
2024-02-23 07:00:00+00:00,44427.804815276075,44451.2547346372,44304.57693808723,44318.983212514555,100.91378734300125
2024-02-23 08:00:00+00:00,44318.983212514555,45130.48648813233,45014.46264692874,45092.85283502968,191.7619078057103
2024-02-23 09:00:00+00:00,45092.85283502968,43856.66305228766,43737.417284740746,43769.40881512107,54.591591434035415
2024-02-23 10:00:00+00:00,43769.40881512107,42678.190056476546,42427.550441455554,42578.0008603801,69.94146549110606
2024-02-23 11:00:00+00:00,42578.0008603801,43081.31433570229,43004.220441814876,43080.887329862046,138.31805473407363
2024-02-23 12:00:00+00:00,43080.887329862046,43290.96746261219,43041.29983812389,43143.25143964954,155.21102930725695
2024-02-23 13:00:00+00:00,43143.25143964954,43426.47949378177,43258.324479404764,43320.77256183183,87.60244842635885
2024-02-23 14:00:00+00:00,43320.77256183183,42571.24912802872,42500.127619540035,42549.270501192885,133.11066453370228
2024-02-23 15:00:00+00:00,42549.270501192885,42699.941353108785,42526.41574071939,42560.961585086334,97.75793705642191
2024-02-23 16:00:00+00:00,42560.961585086334,43923.55306554035,43638.178267222276,43797.930620472,133.11338684323852
2024-02-23 17:00:00+00:00,43797.930620472,44467.29486643659,44191.05431844595,44332.82462374603,148.89915166463788
2024-02-23 18:00:00+00:00,44332.82462374603,44534.679399776556,44441.24900373127,44464.95080465646,195.9212080353586
2024-02-23 19:00:00+00:00,44464.95080465646,44370.08529382928,44086.919678812505,44218.997380206434,118.35452900317756
2024-02-23 20:00:00+00:00,44218.997380206434,44074.66917455175,43928.13291776459,44001.797343497325,147.23240604070708
2024-02-23 21:00:00+00:00,44001.797343497325,42832.67080979203,42732.51572498006,42735.14763827156,136.7058871879898
2024-02-23 22:00:00+00:00,42735.14763827156,42915.421911679834,42824.61146014113,42915.31165302601,97.63323408313595
2024-02-23 23:00:00+00:00,42915.31165302601,43564.45702479976,43429.76865387229,43452.37195901835,87.95961975465805
2024-02-24 00:00:00+00:00,43452.37195901835,42652.05070764411,42494.161080595266,42529.87500097241,198.18060826170856
2024-02-24 01:00:00+00:00,42529.87500097241,42258.80785985462,42045.77420552426,42163.16336057296,81.0278542552273
2024-02-24 02:00:00+00:00,42163.16336057296,41592.784144208636,41467.63864486343,41510.334853129614,168.5412900611355
2024-02-24 03:00:00+00:00,41510.334853129614,41110.436608072014,40831.48930468346,40977.67933965103,71.98810865311415
2024-02-24 04:00:00+00:00,40977.67933965103,41144.82000264086,40925.12242947433,41032.984976772765,170.65269040418764
2024-02-24 05:00:00+00:00,41032.984976772765,39921.15176009693,39744.04175388153,39876.79695201876,77.85926644843221
2024-02-24 06:00:00+00:00,39876.79695201876,40399.740609873865,40146.313582858005,40245.34765022151,195.07349660242505
2024-02-24 07:00:00+00:00,40245.34765022151,40811.88982870192,40555.31846834469,40696.75590724843,152.8981484861776
2024-02-24 08:00:00+00:00,40696.75590724843,40738.6353485946,40519.5737311592,40578.279899072215,63.517736551374334
2024-02-24 09:00:00+00:00,40578.279899072215,39369.072432921326,39130.57176975848,39216.71372495238,153.97656791885163
2024-02-24 10:00:00+00:00,39216.71372495238,38838.89006621812,38616.80220398551,38696.65513564064,140.54311441723277
2024-02-24 11:00:00+00:00,38696.65513564064,39513.03918659346,39251.594964797965,39394.01072819824,100.63193700409377
2024-02-24 12:00:00+00:00,39394.01072819824,38006.478190908216,37889.04399077669,37914.05443789523,89.1103996635072
2024-02-24 13:00:00+00:00,37914.05443789523,37778.682582294765,37665.38958546071,37752.682964367625,157.81411726222282
2024-02-24 14:00:00+00:00,37752.682964367625,37237.174671368986,37044.290854967134,37156.41870030019,161.20420594247986
2024-02-24 15:00:00+00:00,37156.41870030019,37714.97941946783,37544.21190966718,37599.86719707668,99.08087734288048
2024-02-24 16:00:00+00:00,37599.86719707668,37346.16333597317,37139.18313305752,37268.51704039385,181.43406662592554
2024-02-24 17:00:00+00:00,37268.51704039385,37632.619684017605,37446.419804980214,37502.37556452447,90.32408283327369
2024-02-24 18:00:00+00:00,37502.37556452447,37839.71652162365,37796.90608934738,37823.12640587854,60.47966389622165
2024-02-24 19:00:00+00:00,37823.12640587854,38890.51881394861,38740.63156105011,38831.34910337806,139.9801767241368
2024-02-24 20:00:00+00:00,38831.34910337806,38822.8314191069,38679.23957942931,38744.418230931056,66.06058592474241
2024-02-24 21:00:00+00:00,38744.418230931056,39039.70201131522,38969.93918072875,38972.30715443025,91.49960963997279
2024-02-24 22:00:00+00:00,38972.30715443025,38209.90579981099,38182.647208261384,38193.31667817924,126.0779589572657
2024-02-24 23:00:00+00:00,38193.31667817924,38882.343726597064,38828.127524107156,38858.48022188653,92.95394335359464
2024-02-25 00:00:00+00:00,38858.48022188653,38598.91159705143,38351.63443182833,38470.018984420116,82.24945136300666
2024-02-25 01:00:00+00:00,38470.018984420116,38266.09723109602,38055.82318079898,38192.09862549578,155.47781223584815
2024-02-25 02:00:00+00:00,38192.09862549578,38210.565209747816,38119.739080176645,38203.11981492018,132.04990121034433
2024-02-25 03:00:00+00:00,38203.11981492018,37401.19907931797,37382.94001282003,37398.73207061393,175.9641872375421
2024-02-25 04:00:00+00:00,37398.73207061393,37612.32137403188,37460.97103123905,37541.221993333274,137.18593919832165
2024-02-25 05:00:00+00:00,37541.221993333274,38101.03354964542,37945.685886206345,38075.99801347839,122.51708176606675
2024-02-25 06:00:00+00:00,38075.99801347839,38363.31703121681,38140.73116307162,38255.417481451994,89.18845274161822
2024-02-25 07:00:00+00:00,38255.417481451994,37555.388206183394,37392.701815683075,37436.29235952906,168.8098812636946
2024-02-25 08:00:00+00:00,37436.29235952906,37428.03632183655,37375.35770837013,37393.88871499638,79.53065128465508
2024-02-25 09:00:00+00:00,37393.88871499638,37896.60761266543,37670.84526458665,37807.053750326035,86.33426164597404
2024-02-25 10:00:00+00:00,37807.053750326035,36870.85632401987,36722.206197982734,36848.09236206796,176.23828951296048
2024-02-25 11:00:00+00:00,36848.09236206796,36363.68891075799,36311.78124810485,36319.58492717,161.17887885938165
2024-02-25 12:00:00+00:00,36319.58492717,36920.89360512002,36668.88585022244,36790.09811139243,141.9310233469281
2024-02-25 13:00:00+00:00,36790.09811139243,37032.06279568956,36937.272858993056,36951.641525165636,55.83807961798601
2024-02-25 14:00:00+00:00,36951.641525165636,37319.462198064306,37178.27210953894,37187.68559698851,69.08864274270897
2024-02-25 15:00:00+00:00,37187.68559698851,38225.81936915462,38075.52109560515,38191.40924487091,124.99361902814145
2024-02-25 16:00:00+00:00,38191.40924487091,38516.60962740962,38383.31245002264,38465.830984976295,161.95083852243363
2024-02-25 17:00:00+00:00,38465.830984976295,38918.23118778937,38780.64197934581,38845.0545417697,119.61512962877349
2024-02-25 18:00:00+00:00,38845.0545417697,40449.3141844795,40225.825291778114,40371.78742151526,52.593953662217466
2024-02-25 19:00:00+00:00,40371.78742151526,40436.00482569727,40140.06985615742,40275.282610401206,77.64049980002326
2024-02-25 20:00:00+00:00,40275.282610401206,39870.043956640664,39842.61495215922,39851.80054853926,138.3150049430327
2024-02-25 21:00:00+00:00,39851.80054853926,40251.96423273174,40016.39905484268,40115.25704713841,154.1325589531987
2024-02-25 22:00:00+00:00,40115.25704713841,40526.30970908759,40262.02675971277,40386.78434800209,55.01424690678566
2024-02-25 23:00:00+00:00,40386.78434800209,40202.89249978327,40025.79837782464,40114.12817653291,56.49976301907505
2024-02-26 00:00:00+00:00,40114.12817653291,39616.67994228732,39406.67683929251,39562.23642313127,89.19651731845445
2024-02-26 01:00:00+00:00,39562.23642313127,40971.94688227216,40774.82665700304,40887.028432316816,62.52525430798474
2024-02-26 02:00:00+00:00,40887.028432316816,41147.28122771299,41082.07969416028,41099.200472386816,131.2919348290047
2024-02-26 03:00:00+00:00,41099.200472386816,40834.52827715872,40672.133036232684,40704.41945806527,68.55529729350206
2024-02-26 04:00:00+00:00,40704.41945806527,41336.70433039166,41118.134009712056,41254.47934135469,147.23290023521338
2024-02-26 05:00:00+00:00,41254.47934135469,41368.850447621066,41051.88148304803,41216.211618939655,166.58379789613804
2024-02-26 06:00:00+00:00,41216.211618939655,41197.55842914443,41079.03484065391,41095.19992798548,195.577499562816
2024-02-26 07:00:00+00:00,41095.19992798548,41530.093492768014,41428.197457413575,41444.829983495365,192.26104424565716
2024-02-26 08:00:00+00:00,41444.829983495365,40842.24789039744,40602.0506215683,40726.410680268455,91.00477253529172
2024-02-26 09:00:00+00:00,40726.410680268455,41035.078616130864,40941.987415740456,40952.52929817029,54.41144039347592
2024-02-26 10:00:00+00:00,40952.52929817029,42241.6388557988,42077.81588243813,42089.35848765016,99.4118324167652
2024-02-26 11:00:00+00:00,42089.35848765016,42421.654037765,42239.67003027869,42390.379100942475,156.272017806898
2024-02-26 12:00:00+00:00,42390.379100942475,42357.27944845202,42057.911890195,42193.005423283874,58.970181390880896
2024-02-26 13:00:00+00:00,42193.005423283874,42055.84935479353,41771.84301335719,41919.662340036055,103.9568986507143
2024-02-26 14:00:00+00:00,41919.662340036055,41848.13556851697,41596.03210613081,41704.549579857245,94.70518213203604
2024-02-26 15:00:00+00:00,41704.549579857245,41661.79476358701,41527.828524106,41581.47468436054,82.90184537284651
2024-02-26 16:00:00+00:00,41581.47468436054,41525.540346342226,41236.90536229906,41386.943493481864,155.9196132095473
2024-02-26 17:00:00+00:00,41386.943493481864,41997.92283616851,41896.32893430733,41946.45050052205,148.8645507536561
2024-02-26 18:00:00+00:00,41946.45050052205,41090.29847806434,40920.29859961865,40965.444295404515,130.3241141051515
2024-02-26 19:00:00+00:00,40965.444295404515,41511.00334163021,41340.59668516836,41487.6955279978,186.61619595223962
2024-02-26 20:00:00+00:00,41487.6955279978,41343.23202142366,41180.064724703436,41292.51623652231,65.47082790954087
2024-02-26 21:00:00+00:00,41292.51623652231,41609.973691866624,41387.10778122114,41535.91803039151,72.45338367171962
2024-02-26 22:00:00+00:00,41535.91803039151,40962.99775142058,40884.74118175967,40910.25302652184,107.51745188291196
2024-02-26 23:00:00+00:00,40910.25302652184,41767.91342107671,41544.497893296866,41703.35377431835,148.3823077794351
2024-02-27 00:00:00+00:00,41703.35377431835,42601.7567802803,42358.38795120453,42462.46211366185,137.61189383681182
2024-02-27 01:00:00+00:00,42462.46211366185,43106.8055262279,42947.52372343809,43062.59300831444,61.106403120189796
2024-02-27 02:00:00+00:00,43062.59300831444,42310.05783658724,42030.06514763238,42184.30117488269,193.7637205619701
2024-02-27 03:00:00+00:00,42184.30117488269,42715.02114238231,42637.394094764866,42702.4304043775,95.75972246920873
2024-02-27 04:00:00+00:00,42702.4304043775,43102.54668196306,42847.245377024934,42970.928599902334,103.84589206746408
2024-02-27 05:00:00+00:00,42970.928599902334,42174.38708462446,41933.5139210233,42041.196664964344,143.54446985651353
2024-02-27 06:00:00+00:00,42041.196664964344,42119.691070581226,41919.6152335113,42052.121927039734,191.7748276189602
2024-02-27 07:00:00+00:00,42052.121927039734,42414.872766128654,42140.914404132294,42292.65075710874,149.40323586549079
2024-02-27 08:00:00+00:00,42292.65075710874,42804.88595580874,42532.75282426404,42648.767854464626,193.21599943215563
2024-02-27 09:00:00+00:00,42648.767854464626,42917.41882112906,42768.824948770474,42780.39953743517,78.13866782307184
2024-02-27 10:00:00+00:00,42780.39953743517,43048.08946814976,42949.47620774153,42980.962401017845,142.82148934594025
2024-02-27 11:00:00+00:00,42980.962401017845,43988.26188835726,43735.6968579875,43903.227743581425,174.33183378144273
2024-02-27 12:00:00+00:00,43903.227743581425,44829.432452625464,44516.95774121349,44690.11414208956,126.35367023822707
2024-02-27 13:00:00+00:00,44690.11414208956,43007.87513826808,42791.36748378552,42957.59849461833,104.32605137440106
2024-02-27 14:00:00+00:00,42957.59849461833,42930.38198717299,42786.48148198105,42792.78047663302,197.71377950478157
2024-02-27 15:00:00+00:00,42792.78047663302,42775.93669808829,42654.52351054429,42719.87606388693,71.14810105949908
2024-02-27 16:00:00+00:00,42719.87606388693,41844.22062423203,41583.00692743736,41709.74996158127,111.63942912929849
2024-02-27 17:00:00+00:00,41709.74996158127,41804.35906024168,41663.997612513675,41789.84955036755,181.00606288409904
2024-02-27 18:00:00+00:00,41789.84955036755,42559.94950341864,42537.770140748966,42552.392658574165,185.07211197588813
2024-02-27 19:00:00+00:00,42552.392658574165,42102.49047686883,41832.903832427866,41935.13983927019,197.0573152339661
2024-02-27 20:00:00+00:00,41935.13983927019,42305.011028744535,42134.29876083195,42158.39137400755,182.72713883965721
2024-02-27 21:00:00+00:00,42158.39137400755,41793.35638975504,41564.125757427064,41646.287107349606,57.64355380811188
2024-02-27 22:00:00+00:00,41646.287107349606,41438.20783787834,41241.5502154169,41281.128199993414,189.46497494412324
2024-02-27 23:00:00+00:00,41281.128199993414,42243.08586166339,42160.18510693379,42169.15215309187,114.22507871101779
2024-02-28 00:00:00+00:00,42169.15215309187,41923.21945950848,41861.77099454652,41875.17430411308,147.74287811848728
2024-02-28 01:00:00+00:00,41875.17430411308,42194.25575571128,42018.664049028834,42172.32193191492,109.14138037506787
2024-02-28 02:00:00+00:00,42172.32193191492,41188.94534056908,40984.09420352037,41106.53346049506,172.0502114920323
2024-02-28 03:00:00+00:00,41106.53346049506,42254.85784791963,42060.34025943219,42217.69811366243,136.3878914484149
2024-02-28 04:00:00+00:00,42217.69811366243,42760.375716609495,42520.86620103636,42600.954279513055,176.83169638310065
2024-02-28 05:00:00+00:00,42600.954279513055,42518.43168734172,42447.461795467854,42517.75086548806,79.06572072811508
2024-02-28 06:00:00+00:00,42517.75086548806,42912.01815893464,42825.968082277774,42887.45278561859,77.74746421323533
2024-02-28 07:00:00+00:00,42887.45278561859,42115.980501300546,41970.7758596017,42074.4991090567,116.05652023771805
2024-02-28 08:00:00+00:00,42074.4991090567,42836.59565926543,42742.3417270026,42802.53225500416,50.71273174437208
2024-02-28 09:00:00+00:00,42802.53225500416,42672.905405410136,42507.1340398609,42634.401691176754,153.92794323443871
2024-02-28 10:00:00+00:00,42634.401691176754,42649.914056637295,42401.93883456702,42538.285495346776,94.40805917120164
2024-02-28 11:00:00+00:00,42538.285495346776,42327.225927167376,42123.75348703113,42271.847764305676,133.5949019321675
2024-02-28 12:00:00+00:00,42271.847764305676,42057.98594310362,41914.02647774847,41954.77310950534,60.50053406912703
2024-02-28 13:00:00+00:00,41954.77310950534,42541.16954373664,42300.854321688115,42390.216637056146,75.59665390740409
2024-02-28 14:00:00+00:00,42390.216637056146,42670.4916357549,42529.84708077682,42567.8933472327,143.42887550328993
2024-02-28 15:00:00+00:00,42567.8933472327,43103.27779273755,42977.405805912545,42983.86298338506,95.84939406665646
2024-02-28 16:00:00+00:00,42983.86298338506,43067.238723336326,42882.607460087944,43004.3657732242,82.20829138784507
2024-02-28 17:00:00+00:00,43004.3657732242,43368.14508238185,43245.280145110555,43340.4525324874,84.32697512116519
2024-02-28 18:00:00+00:00,43340.4525324874,43168.198133947386,42988.070427975385,43112.91288292316,82.22290470882432
2024-02-28 19:00:00+00:00,43112.91288292316,44678.32621167974,44491.05900671142,44506.65821859177,143.42764241458224
2024-02-28 20:00:00+00:00,44506.65821859177,43674.82864066423,43392.98189895237,43566.46813719174,75.15368217041856
2024-02-28 21:00:00+00:00,43566.46813719174,44418.2457972003,44192.52125680297,44368.99424016131,104.40595387698355
2024-02-28 22:00:00+00:00,44368.99424016131,45335.647261786515,45169.85188619948,45254.02433988499,153.18302983901782
2024-02-28 23:00:00+00:00,45254.02433988499,44893.71730210279,44589.175571523614,44744.17991941547,127.05065860214759
2024-02-29 00:00:00+00:00,44744.17991941547,46313.866803685545,46145.36211458742,46190.36419578462,139.59213061632258
2024-02-29 01:00:00+00:00,46190.36419578462,46971.83531953133,46728.46219419405,46866.731455027526,87.63604691956228
2024-02-29 02:00:00+00:00,46866.731455027526,47705.10510152651,47369.61156733754,47536.793880657104,189.90723097478084
2024-02-29 03:00:00+00:00,47536.793880657104,47711.977985646125,47428.92827686975,47583.98855800487,112.08188724745034
2024-02-29 04:00:00+00:00,47583.98855800487,47590.00610271543,47313.83673118563,47467.969800910076,93.04459049185019
2024-02-29 05:00:00+00:00,47467.969800910076,47393.36427128395,47269.705576021726,47357.416556391865,185.64892760877083
2024-02-29 06:00:00+00:00,47357.416556391865,47665.90357668943,47489.35201108044,47645.6277543371,148.29344228965806
2024-02-29 07:00:00+00:00,47645.6277543371,48806.359003660444,48484.33874601512,48618.663325060246,142.09187947076757
2024-02-29 08:00:00+00:00,48618.663325060246,48888.316633190436,48745.64837149355,48771.48777847688,183.0101978249252
2024-02-29 09:00:00+00:00,48771.48777847688,48262.12142007625,48160.00104011588,48182.0075754024,58.781042940707664
2024-02-29 10:00:00+00:00,48182.0075754024,48885.506184183265,48620.010173563125,48770.59859210724,175.65192680113705
2024-02-29 11:00:00+00:00,48770.59859210724,49445.4959573384,49309.59873705648,49433.27368698325,151.67965464576514
2024-02-29 12:00:00+00:00,49433.27368698325,50082.52280620065,49814.660178172744,49918.36580620862,103.9989192170194
2024-02-29 13:00:00+00:00,49918.36580620862,50516.1041163949,50289.19907018287,50472.36566563158,88.45270137857834
2024-02-29 14:00:00+00:00,50472.36566563158,50473.37628049675,50178.72490051999,50311.46472841972,65.72088498223364
2024-02-29 15:00:00+00:00,50311.46472841972,49797.37950883019,49612.42399001153,49691.16396146346,191.1611255370035
2024-02-29 16:00:00+00:00,49691.16396146346,49174.64269897672,49038.97167532587,49120.30149619178,71.28681549943043
2024-02-29 17:00:00+00:00,49120.30149619178,48043.01564106572,47920.91383058589,48037.21083445372,88.91578035963263
2024-02-29 18:00:00+00:00,48037.21083445372,48383.13183445119,48079.095717213204,48225.755116013366,153.66607693542048
2024-02-29 19:00:00+00:00,48225.755116013366,48232.377382167455,48089.55341785963,48198.357026569465,156.5228656828989
2024-02-29 20:00:00+00:00,48198.357026569465,47941.058335870155,47833.5840979136,47931.126025764104,74.11530569038909
2024-02-29 21:00:00+00:00,47931.126025764104,46155.00435472939,45882.078967401736,46015.87485446156,172.11967411484414
2024-02-29 22:00:00+00:00,46015.87485446156,45309.79306029455,45118.79738016017,45246.4402213506,126.54309037645437
2024-02-29 23:00:00+00:00,45246.4402213506,46061.243511004635,45836.872865641955,45989.62221567314,177.26850171726636
2024-03-01 00:00:00+00:00,45989.62221567314,45636.08701086956,45579.623545350565,45591.03074699635,63.09280847713168
2024-03-01 01:00:00+00:00,45591.03074699635,46006.841257726286,45710.81441418129,45849.270432049605,56.42449986405345
2024-03-01 02:00:00+00:00,45849.270432049605,45045.73477186769,44899.76380185431,44992.22470446826,145.54855722415246
2024-03-01 03:00:00+00:00,44992.22470446826,45973.814494213046,45921.46937701506,45935.19354871698,72.50356956647252
2024-03-01 04:00:00+00:00,45935.19354871698,45926.91894089127,45745.59233914822,45870.17758143507,128.74235685999497
2024-03-01 05:00:00+00:00,45870.17758143507,46121.90564765868,45952.37203135221,46084.457495810304,52.11631389267631
2024-03-01 06:00:00+00:00,46084.457495810304,47698.81128687876,47538.502298921536,47638.28109208242,166.98938908223005
2024-03-01 07:00:00+00:00,47638.28109208242,48705.81921073094,48535.06743207278,48689.66666254813,184.92952552677522
2024-03-01 08:00:00+00:00,48689.66666254813,48541.00110921776,48451.979359326775,48510.239790311556,175.8324142946432
2024-03-01 09:00:00+00:00,48510.239790311556,48218.204881361926,48099.02312171542,48137.90068024459,193.75292197256275
2024-03-01 10:00:00+00:00,48137.90068024459,48116.43904485579,47880.49752719843,47947.76516381108,185.46436319881846
2024-03-01 11:00:00+00:00,47947.76516381108,48331.32517655872,48240.99698681102,48320.25196329158,116.60270274355479
2024-03-01 12:00:00+00:00,48320.25196329158,48319.150240686824,48143.68678164425,48278.08013454462,109.752231266547
2024-03-01 13:00:00+00:00,48278.08013454462,48215.040217382884,47878.013958414704,48040.49072936323,184.42755019573144
2024-03-01 14:00:00+00:00,48040.49072936323,49241.58481770476,48925.41086644944,49066.903760255875,189.04081930358404
2024-03-01 15:00:00+00:00,49066.903760255875,49151.13446346487,48983.79938657682,49017.913414999864,195.92539224770556
2024-03-01 16:00:00+00:00,49017.913414999864,50700.789901937474,50577.86936002337,50652.06797070872,165.2475852264174
2024-03-01 17:00:00+00:00,50652.06797070872,50832.11237756873,50714.740028970795,50746.89604596515,80.29832449120705
2024-03-01 18:00:00+00:00,50746.89604596515,52106.486354597444,51919.48926944604,52062.49958285817,191.74312041660838
2024-03-01 19:00:00+00:00,52062.49958285817,52381.92586755032,52303.02471195985,52354.99686358255,192.07122002243293
2024-03-01 20:00:00+00:00,52354.99686358255,53178.15392027078,52985.85932563648,53097.44614312208,149.91970458694573
2024-03-01 21:00:00+00:00,53097.44614312208,52714.202429674624,52426.48650067846,52593.06553602453,178.5920399524227
2024-03-01 22:00:00+00:00,52593.06553602453,52074.237427458014,51859.81864994813,51999.37233463044,134.17646317459284
2024-03-01 23:00:00+00:00,51999.37233463044,52494.470990909605,52304.02472216605,52366.5239570874,191.6190418117584
2024-03-02 00:00:00+00:00,52366.5239570874,53191.126862935605,53057.43057247704,53128.16897637048,64.09045948881368
2024-03-02 01:00:00+00:00,53128.16897637048,53263.60760943024,53051.01456793342,53190.02441736482,179.5945544727156
2024-03-02 02:00:00+00:00,53190.02441736482,52437.34690704029,52157.13929247766,52272.02646341482,58.3255443555709
2024-03-02 03:00:00+00:00,52272.02646341482,51497.06654933856,51296.99101056147,51316.77742312763,100.86605783270308
2024-03-02 04:00:00+00:00,51316.77742312763,50396.672030379574,50155.879350292045,50331.837761798015,70.29884639228929
2024-03-02 05:00:00+00:00,50331.837761798015,49243.36210403046,49030.304529723515,49131.04542883369,121.87026386943683
2024-03-02 06:00:00+00:00,49131.04542883369,49290.72603214724,49142.718197162394,49235.943701948345,84.83692369887049
2024-03-02 07:00:00+00:00,49235.943701948345,50058.27618997143,50007.87345743745,50047.599106904694,192.81085690009957
2024-03-02 08:00:00+00:00,50047.599106904694,50216.00474526655,49992.730271470624,50068.23192732417,133.89820004801143
2024-03-02 09:00:00+00:00,50068.23192732417,48570.90490849013,48473.086223185885,48537.70444237839,184.6596104455587
2024-03-02 10:00:00+00:00,48537.70444237839,48519.78546774144,48384.849173732604,48437.30400002406,91.70877035767265
2024-03-02 11:00:00+00:00,48437.30400002406,48450.24336945589,48246.28687654963,48356.03700984262,53.896633991984125
2024-03-02 12:00:00+00:00,48356.03700984262,49862.672235618076,49733.77322479311,49825.9063800857,166.34825055258824
2024-03-02 13:00:00+00:00,49825.9063800857,48867.53530549225,48675.31366296134,48849.05954567258,155.35664899579578
2024-03-02 14:00:00+00:00,48849.05954567258,48679.43803745019,48428.72634603037,48611.767925832755,131.82374685112904
2024-03-02 15:00:00+00:00,48611.767925832755,50006.32436493857,49772.83226001241,49816.565910223144,172.3014094593819
2024-03-02 16:00:00+00:00,49816.565910223144,50284.89805125757,50141.38787727891,50161.47362057644,176.01265589721987
2024-03-02 17:00:00+00:00,50161.47362057644,50666.1551107504,50430.056816004246,50588.9745014733,138.18549620272609
2024-03-02 18:00:00+00:00,50588.9745014733,50708.496004593755,50498.84449659757,50700.6047960083,194.88916877809055
2024-03-02 19:00:00+00:00,50700.6047960083,51088.28753008037,50789.85695896898,50965.91362523672,157.95679214259908
2024-03-02 20:00:00+00:00,50965.91362523672,51573.73570274046,51549.82358806613,51554.710438883674,151.5313064243943
2024-03-02 21:00:00+00:00,51554.710438883674,51115.03080119274,50953.080258275484,51004.34238695386,104.21326888379681
2024-03-02 22:00:00+00:00,51004.34238695386,51821.59123833009,51657.23224709694,51666.18956830468,50.33878679000115
2024-03-02 23:00:00+00:00,51666.18956830468,50798.88773814686,50546.46605070982,50712.96266633055,86.1414010841267
2024-03-03 00:00:00+00:00,50712.96266633055,51038.26435136855,50858.657672689034,50977.21169874335,164.58807602219449
2024-03-03 01:00:00+00:00,50977.21169874335,51145.29970967562,51030.53038432373,51135.60762332351,156.4806881655761
2024-03-03 02:00:00+00:00,51135.60762332351,50731.756743964266,50614.22742576937,50726.72914171615,99.65332172451413
2024-03-03 03:00:00+00:00,50726.72914171615,50828.33671498435,50689.81813023374,50741.05670476459,143.83744618076582
2024-03-03 04:00:00+00:00,50741.05670476459,50508.76931696702,50209.806880766584,50330.93095764097,79.29312192097058
2024-03-03 05:00:00+00:00,50330.93095764097,49659.60241991835,49605.08376174593,49611.169460407604,89.54415789035662
2024-03-03 06:00:00+00:00,49611.169460407604,49509.22334725034,49268.15856161418,49395.799624303036,192.11121408537448
2024-03-03 07:00:00+00:00,49395.799624303036,48800.62088057059,48524.43535888586,48667.407320338454,111.97708594033918
2024-03-03 08:00:00+00:00,48667.407320338454,48929.0850618057,48785.49236443568,48917.18255887131,86.74813914482817
2024-03-03 09:00:00+00:00,48917.18255887131,48194.25068156376,48100.769078541234,48164.75451349779,123.06623702584872
2024-03-03 10:00:00+00:00,48164.75451349779,48740.944567613355,48515.564904745,48676.44306372048,108.05238196810492
2024-03-03 11:00:00+00:00,48676.44306372048,48035.06560757369,47769.540623770314,47906.65790972738,159.42935560236583
2024-03-03 12:00:00+00:00,47906.65790972738,47640.39149367142,47532.46926299518,47556.87494196198,194.31741597363217
2024-03-03 13:00:00+00:00,47556.87494196198,47309.654684027366,47134.30277072566,47171.12345920312,138.76061366865378
2024-03-03 14:00:00+00:00,47171.12345920312,48250.12179383319,47960.717096568915,48083.2540793968,138.67207804053726
2024-03-03 15:00:00+00:00,48083.2540793968,48481.72510889106,48279.14527392005,48335.10110622886,104.72507880852245
2024-03-03 16:00:00+00:00,48335.10110622886,48412.34715186098,48197.922021673105,48220.95870542329,134.6946397962943
2024-03-03 17:00:00+00:00,48220.95870542329,48734.574534226405,48557.84455239038,48587.96306325085,97.89932995807072
2024-03-03 18:00:00+00:00,48587.96306325085,47364.739243044685,47172.56367540544,47203.83473948644,50.16381114685129
2024-03-03 19:00:00+00:00,47203.83473948644,47360.81497681282,47113.43814609339,47203.65204896384,179.91442593177277
2024-03-03 20:00:00+00:00,47203.65204896384,48713.357171000425,48453.47039090639,48571.47682480629,114.41661282825578
2024-03-03 21:00:00+00:00,48571.47682480629,48846.92302343227,48656.40501433861,48690.76165882265,123.8132727580995
2024-03-03 22:00:00+00:00,48690.76165882265,48948.65338976949,48627.34573339044,48766.329110153805,62.52513731388923
2024-03-03 23:00:00+00:00,48766.329110153805,49264.952224235654,49116.21438358234,49171.485613129815,175.5665770108088
2024-03-04 00:00:00+00:00,49171.485613129815,49948.98889442177,49759.69696290238,49821.78649510989,75.55056055663856
2024-03-04 01:00:00+00:00,49821.78649510989,48576.77203438586,48433.58316480357,48476.92126503018,111.5931738176474
2024-03-04 02:00:00+00:00,48476.92126503018,47538.20153692268,47228.1208759646,47376.92348003915,176.03983205958218
2024-03-04 03:00:00+00:00,47376.92348003915,47627.165077959355,47362.59099672453,47545.128886299884,118.66744103202792
2024-03-04 04:00:00+00:00,47545.128886299884,47254.34527197836,47007.122254210044,47099.9090465227,189.67285031996954
2024-03-04 05:00:00+00:00,47099.9090465227,48155.32581954548,47993.77365244188,48001.843845588875,81.39714551310345
2024-03-04 06:00:00+00:00,48001.843845588875,48003.17447895033,47769.347177025265,47819.18802957282,157.2849244932157
2024-03-04 07:00:00+00:00,47819.18802957282,46615.76269973191,46539.95312956456,46569.39435490464,196.6997785342591
2024-03-04 08:00:00+00:00,46569.39435490464,45907.37659080805,45623.1203432693,45777.43833738084,132.44204558304665
2024-03-04 09:00:00+00:00,45777.43833738084,44208.5848038184,44060.17966877627,44075.13947410048,153.82758479659893
2024-03-04 10:00:00+00:00,44075.13947410048,44121.89981880466,43787.34016790371,43957.274814759214,108.98399894015127
2024-03-04 11:00:00+00:00,43957.274814759214,44026.94369517227,43764.54117069196,43867.80840908828,162.70060095882033
2024-03-04 12:00:00+00:00,43867.80840908828,43734.17160779812,43543.70615862734,43634.07053618167,186.33110847855937
2024-03-04 13:00:00+00:00,43634.07053618167,44427.40548114145,44174.48794069474,44324.72226469292,155.45833505757938
2024-03-04 14:00:00+00:00,44324.72226469292,45131.96730703681,45096.816986019905,45101.786773786356,190.3893067071469
2024-03-04 15:00:00+00:00,45101.786773786356,45196.90865656905,44881.37836948598,45021.33217782182,138.29789779884646
2024-03-04 16:00:00+00:00,45021.33217782182,43766.56914539413,43701.57704812231,43721.96968230303,136.57061606764444
2024-03-04 17:00:00+00:00,43721.96968230303,44255.842987827375,43979.51143446472,44127.91858445527,95.69410821637331
2024-03-04 18:00:00+00:00,44127.91858445527,44640.69220109153,44404.8523913105,44499.043734202365,156.4441236745679
2024-03-04 19:00:00+00:00,44499.043734202365,44797.954875740405,44708.09736395177,44719.031954741826,182.2928782634233
2024-03-04 20:00:00+00:00,44719.031954741826,45403.278520749285,45213.75485012525,45364.95534603536,146.9474339193397
2024-03-04 21:00:00+00:00,45364.95534603536,44691.70263345957,44653.069131469514,44657.94830118176,84.95588308978745
2024-03-04 22:00:00+00:00,44657.94830118176,46116.69394358307,45933.80068164318,45959.23832825255,131.616367208253
2024-03-04 23:00:00+00:00,45959.23832825255,45465.95634072136,45228.45800759787,45373.25759814869,163.39061254271226
2024-03-05 00:00:00+00:00,45373.25759814869,45895.748877717924,45793.89555011094,45879.20722460779,190.9044972309129
2024-03-05 01:00:00+00:00,45879.20722460779,44963.59299982347,44676.93445994992,44835.00271977764,73.4894074280831
2024-03-05 02:00:00+00:00,44835.00271977764,44325.74339607569,44168.88079486863,44281.431666556746,69.1245636449841
2024-03-05 03:00:00+00:00,44281.431666556746,45417.3435801716,45145.805314310644,45258.68568194145,111.9415295349359
2024-03-05 04:00:00+00:00,45258.68568194145,45176.61221595908,45067.99632723336,45120.73978395144,68.84167541939163
2024-03-05 05:00:00+00:00,45120.73978395144,45718.43837530199,45657.41632152414,45681.84341250091,197.06433687576776
2024-03-05 06:00:00+00:00,45681.84341250091,45876.71413741183,45684.82544063219,45861.14731508862,113.64565509238388
2024-03-05 07:00:00+00:00,45861.14731508862,45915.04838183368,45802.08444869074,45821.29231088171,130.04157786018573
2024-03-05 08:00:00+00:00,45821.29231088171,46816.89360447124,46633.74873888416,46732.63698021185,84.06316719391569
2024-03-05 09:00:00+00:00,46732.63698021185,46746.07540038944,46555.1994059612,46606.012746836524,117.36891853053939
2024-03-05 10:00:00+00:00,46606.012746836524,45570.287482406085,45437.69773081795,45485.7562822095,197.70409022918298
2024-03-05 11:00:00+00:00,45485.7562822095,45066.00468918478,44897.0768598661,45004.112159474025,123.30307270504542
2024-03-05 12:00:00+00:00,45004.112159474025,45427.45343300812,45235.1170103052,45379.957876809385,51.32358887067293
2024-03-05 13:00:00+00:00,45379.957876809385,45710.1167791368,45517.37488072089,45659.31681764396,86.3791295375946
2024-03-05 14:00:00+00:00,45659.31681764396,44861.20474939574,44539.997414938145,44695.32290308716,196.76822457177562
2024-03-05 15:00:00+00:00,44695.32290308716,44300.154486705054,44219.053462423784,44270.92175919647,198.36012701160988
2024-03-05 16:00:00+00:00,44270.92175919647,44111.86894098672,43856.33709182324,43938.19419044029,81.57396346575585
2024-03-05 17:00:00+00:00,43938.19419044029,43797.38963277549,43738.55837032072,43740.19155440362,142.28961317657803
2024-03-05 18:00:00+00:00,43740.19155440362,42946.62659937032,42803.193000291736,42931.447716288494,61.53624957581217
2024-03-05 19:00:00+00:00,42931.447716288494,42623.32659002958,42529.47243041153,42580.96868076744,136.61624636669438
2024-03-05 20:00:00+00:00,42580.96868076744,42183.978489331785,42079.40219612905,42174.124188140944,68.8881052229656
2024-03-05 21:00:00+00:00,42174.124188140944,42792.526125792574,42628.83478480782,42657.72264270268,172.7992285463987
2024-03-05 22:00:00+00:00,42657.72264270268,43258.08441947713,43028.085125856254,43169.5776484496,190.93624814033666
2024-03-05 23:00:00+00:00,43169.5776484496,43165.50662106693,42966.47823060288,43107.4001529642,75.9480212074224
2024-03-06 00:00:00+00:00,43107.4001529642,43010.78166385452,42746.62038839761,42897.18141586978,119.4068252892236
2024-03-06 01:00:00+00:00,42897.18141586978,43115.58241007066,42999.190847227044,43007.093314111604,65.30644977119512
2024-03-06 02:00:00+00:00,43007.093314111604,42703.69500307569,42374.86059187333,42543.75226178822,100.87100106094624
2024-03-06 03:00:00+00:00,42543.75226178822,42052.33992035151,41849.747065745534,41891.266239421304,59.76466321407897
2024-03-06 04:00:00+00:00,41891.266239421304,41480.90913190049,41317.071329000726,41368.27427938348,89.68197920261406
2024-03-06 05:00:00+00:00,41368.27427938348,41161.065844066805,40985.93833395065,41026.85617835714,198.53355006339524
2024-03-06 06:00:00+00:00,41026.85617835714,40516.24218416469,40345.002933776595,40388.22361556101,56.690490098210276
2024-03-06 07:00:00+00:00,40388.22361556101,40583.85661682515,40414.71652787722,40504.25707845703,178.8452494428006
2024-03-06 08:00:00+00:00,40504.25707845703,41060.1051129798,40905.453784577294,40944.729696236594,61.617886663115726
2024-03-06 09:00:00+00:00,40944.729696236594,40081.57337637917,40005.91818769818,40069.0303261705,129.349539667604
2024-03-06 10:00:00+00:00,40069.0303261705,40228.794634311686,40002.00812194849,40107.18626321826,117.81796886410186
2024-03-06 11:00:00+00:00,40107.18626321826,40161.80323546342,39874.08909581595,40007.87963872619,189.73319900309673
2024-03-06 12:00:00+00:00,40007.87963872619,40237.41919973787,40112.28855189667,40223.74718778957,79.85747934276344
2024-03-06 13:00:00+00:00,40223.74718778957,40375.18192383107,40144.93509629026,40240.59872473037,76.95230230694527
2024-03-06 14:00:00+00:00,40240.59872473037,39600.86606606461,39430.314566248104,39453.62827741791,162.30711328517484
2024-03-06 15:00:00+00:00,39453.62827741791,38820.8281635287,38659.12197389267,38785.736552764596,158.8579209650531
2024-03-06 16:00:00+00:00,38785.736552764596,38906.50805811595,38819.21607962446,38825.00487045596,154.87726557391983
2024-03-06 17:00:00+00:00,38825.00487045596,39558.15983549579,39370.23610170836,39411.8852677889,53.91906742585711
2024-03-06 18:00:00+00:00,39411.8852677889,38378.6897354269,38223.11901812789,38231.84488877455,88.9939530087363
2024-03-06 19:00:00+00:00,38231.84488877455,38460.06287716419,38337.77453162465,38440.39947740169,175.9842766781449
2024-03-06 20:00:00+00:00,38440.39947740169,39164.0301656498,39051.80560020625,39109.43273651332,140.1287182185159
2024-03-06 21:00:00+00:00,39109.43273651332,39158.20616010825,38947.310539818915,39049.15831762465,140.32923810982726
2024-03-06 22:00:00+00:00,39049.15831762465,39409.62195543118,39320.06973719235,39374.726733955555,94.38749081072174
2024-03-06 23:00:00+00:00,39374.726733955555,39063.144608421266,38941.34592255602,39012.46419833217,89.02596328354218
2024-03-07 00:00:00+00:00,39012.46419833217,38974.32995012865,38899.31103132112,38970.69927454774,191.9832332027382
2024-03-07 01:00:00+00:00,38970.69927454774,38142.57728049629,38112.21881848812,38119.16880501371,159.16329182798182
2024-03-07 02:00:00+00:00,38119.16880501371,36993.53840106073,36846.9953858221,36910.514916294414,69.02991767027564
2024-03-07 03:00:00+00:00,36910.514916294414,37521.12631467743,37327.399870674286,37423.36300816412,190.65604132156457
2024-03-07 04:00:00+00:00,37423.36300816412,37028.85761577114,36852.323218129895,36932.99259236729,137.35552277270824
2024-03-07 05:00:00+00:00,36932.99259236729,36834.55779696288,36709.17374098263,36720.231490283426,100.00435504356321
2024-03-07 06:00:00+00:00,36720.231490283426,36095.8328767863,35939.67640942507,36035.97259820216,109.57091695993977
2024-03-07 07:00:00+00:00,36035.97259820216,35391.49253788264,35309.14119308036,35352.817867963226,158.81067655289274
2024-03-07 08:00:00+00:00,35352.817867963226,35290.24907469091,35286.0123204546,35288.0498246133,106.44089775291255
2024-03-07 09:00:00+00:00,35288.0498246133,34979.30048956882,34928.660782177794,34950.41329828768,136.81171986779106
2024-03-07 10:00:00+00:00,34950.41329828768,35200.86510706009,35086.96402582507,35156.93471538222,156.57492449726072
2024-03-07 11:00:00+00:00,35156.93471538222,35426.849721158695,35357.6595999688,35401.61447943584,79.30624959589468
2024-03-07 12:00:00+00:00,35401.61447943584,35585.20265005528,35483.50442323676,35582.33550068217,191.6362229363824
2024-03-07 13:00:00+00:00,35582.33550068217,35745.31902433743,35688.433849037625,35722.821133288584,103.42591571531148
2024-03-07 14:00:00+00:00,35722.821133288584,36639.956106984464,36429.63218926257,36542.5920898754,112.90621356153714
2024-03-07 15:00:00+00:00,36542.5920898754,36112.799166303885,35980.80523364207,36022.08325315529,154.7771551801731
2024-03-07 16:00:00+00:00,36022.08325315529,36150.791162602785,35926.548770052796,36015.99286149408,141.3177634081646
2024-03-07 17:00:00+00:00,36015.99286149408,36730.53152451457,36496.587279871645,36613.63615088101,116.01797554087689
2024-03-07 18:00:00+00:00,36613.63615088101,37374.65311140554,37232.45718390863,37289.96668467742,147.4613060451187
2024-03-07 19:00:00+00:00,37289.96668467742,36597.12493961094,36570.15140857715,36576.99934588182,185.4242461358067
2024-03-07 20:00:00+00:00,36576.99934588182,36521.47264244052,36361.21027058246,36439.2552145639,170.04254249681279
2024-03-07 21:00:00+00:00,36439.2552145639,37170.17449254463,37013.057092483425,37161.018751690055,173.63885149321607
2024-03-07 22:00:00+00:00,37161.018751690055,37513.29833274366,37303.603770946465,37448.753922774944,88.76126128509694
2024-03-07 23:00:00+00:00,37448.753922774944,37632.45850551232,37540.58592097713,37573.80449979863,112.91050239464563
2024-03-08 00:00:00+00:00,37573.80449979863,37546.09303378988,37368.651926671235,37481.95184738113,133.07287124810887
2024-03-08 01:00:00+00:00,37481.95184738113,37345.22272637506,37251.99721708505,37303.4688166913,56.62862287422244
2024-03-08 02:00:00+00:00,37303.4688166913,37579.5850717875,37452.74823821684,37476.77422043112,165.46882705659868
2024-03-08 03:00:00+00:00,37476.77422043112,37492.70130810586,37267.47403982443,37367.00699693152,98.51951366226334
2024-03-08 04:00:00+00:00,37367.00699693152,37482.02186985485,37292.28854938622,37367.15270258693,92.38941170615215
2024-03-08 05:00:00+00:00,37367.15270258693,37524.73409752924,37350.00997619461,37430.74518258771,88.89380140342196
2024-03-08 06:00:00+00:00,37430.74518258771,37179.23821652069,36976.566332240654,37099.349249612016,92.50688981300966
2024-03-08 07:00:00+00:00,37099.349249612016,37403.84734223792,37348.85139545089,37399.19724872018,100.70222482367484
2024-03-08 08:00:00+00:00,37399.19724872018,39092.718745182676,38875.985467427665,38979.99887934726,140.72368371142386
2024-03-08 09:00:00+00:00,38979.99887934726,38127.980599623064,37989.31791443231,38045.0449977859,137.53479828500946
2024-03-08 10:00:00+00:00,38045.0449977859,38282.36728363835,38234.418489502146,38240.95369970616,88.35676304028131
2024-03-08 11:00:00+00:00,38240.95369970616,37908.48158373738,37801.58986762164,37858.83471349304,80.96364148598113
2024-03-08 12:00:00+00:00,37858.83471349304,38331.938200031436,38043.89504515372,38189.018580222335,173.9537285107035
2024-03-08 13:00:00+00:00,38189.018580222335,38332.34829553421,38162.93995692079,38236.85370423423,63.90850065145498
2024-03-08 14:00:00+00:00,38236.85370423423,38743.678775550754,38653.32340543863,38670.06451733951,126.92342618013912
2024-03-08 15:00:00+00:00,38670.06451733951,39433.017532222875,39227.0973524081,39335.3209086605,128.08413112839142
2024-03-08 16:00:00+00:00,39335.3209086605,39530.41450523351,39313.021521446906,39465.10097470124,136.12052102174323
2024-03-08 17:00:00+00:00,39465.10097470124,40195.07422977554,39973.91441964726,40119.620093073936,182.84751738607036
2024-03-08 18:00:00+00:00,40119.620093073936,38892.673328856894,38758.684964677566,38847.562101342715,143.58709101421516
2024-03-08 19:00:00+00:00,38847.562101342715,39816.027120004066,39686.27454732589,39746.0973116514,196.0450649372035
2024-03-08 20:00:00+00:00,39746.0973116514,40088.966269029304,39886.46778918253,39979.328201537064,180.70296250230913
2024-03-08 21:00:00+00:00,39979.328201537064,40618.03125053377,40478.997960586545,40611.54283772709,82.21103892308173
2024-03-08 22:00:00+00:00,40611.54283772709,40074.85722906582,39810.20057279758,39947.81878587992,86.17749653379516
2024-03-08 23:00:00+00:00,39947.81878587992,39554.30634316873,39380.175999186606,39509.58472658653,101.7161203872756
2024-03-09 00:00:00+00:00,39509.58472658653,39722.30817878103,39541.97882689058,39614.15206896824,108.7271622620197
2024-03-09 01:00:00+00:00,39614.15206896824,39730.354860573454,39609.633323988804,39628.4739669706,132.94926804615432
2024-03-09 02:00:00+00:00,39628.4739669706,39913.63402461103,39719.075773462566,39809.71029035633,84.87689493445083
2024-03-09 03:00:00+00:00,39809.71029035633,40541.398362005646,40417.71426518075,40443.02008211506,83.35177716706485
2024-03-09 04:00:00+00:00,40443.02008211506,39630.93715845097,39469.85138679738,39479.477799556655,107.20849360521194
2024-03-09 05:00:00+00:00,39479.477799556655,40126.853224294864,39965.54832765103,40045.42579052181,150.80346698191278
2024-03-09 06:00:00+00:00,40045.42579052181,40191.49458498841,39969.05242662941,40074.10644823146,153.21884196442824
2024-03-09 07:00:00+00:00,40074.10644823146,40096.749802967715,39847.31463376875,39983.923275229135,196.41751100604344
2024-03-09 08:00:00+00:00,39983.923275229135,39229.40000968625,39069.63578057064,39192.36047345871,80.36231508827211
2024-03-09 09:00:00+00:00,39192.36047345871,39537.797180461224,39357.62259715511,39493.04274199697,108.92887277854712
2024-03-09 10:00:00+00:00,39493.04274199697,38268.29111505784,38087.34623898587,38203.49537406598,194.70162469085906
2024-03-09 11:00:00+00:00,38203.49537406598,38617.85386017097,38466.4952106885,38575.005063875586,153.50131139983282
2024-03-09 12:00:00+00:00,38575.005063875586,37855.67661547903,37798.6919196823,37800.22472924921,138.84177872330287
2024-03-09 13:00:00+00:00,37800.22472924921,37910.4226989307,37756.43437071158,37851.22933948867,130.94690771020203
2024-03-09 14:00:00+00:00,37851.22933948867,37902.14249090945,37792.5899938239,37810.812053232454,61.326557020438486
2024-03-09 15:00:00+00:00,37810.812053232454,38491.89895989039,38449.04787145205,38458.072770830055,184.00607132238656
2024-03-09 16:00:00+00:00,38458.072770830055,38508.51786342955,38361.01126550529,38385.02680410954,143.82578231226614
2024-03-09 17:00:00+00:00,38385.02680410954,38103.194830163106,37911.36418298542,38036.625204499665,135.75011118920511
2024-03-09 18:00:00+00:00,38036.625204499665,37897.23190737046,37678.03301971267,37790.47470641398,130.9250514982764
2024-03-09 19:00:00+00:00,37790.47470641398,38505.5795670381,38346.955156975484,38493.0396923859,108.78713109816675
2024-03-09 20:00:00+00:00,38493.0396923859,38879.36674961843,38654.4538191264,38806.41605914726,88.19970370413392
2024-03-09 21:00:00+00:00,38806.41605914726,38624.996605123626,38482.64039292385,38620.6371798692,163.29829780017263
2024-03-09 22:00:00+00:00,38620.6371798692,38620.24100474161,38495.6281414354,38516.10731761435,126.43512766424931
2024-03-09 23:00:00+00:00,38516.10731761435,37754.69891426962,37570.39331948656,37702.863497806255,55.090929843383044
2024-03-10 00:00:00+00:00,37702.863497806255,38075.25157203205,37803.98413917903,37931.22627888119,109.86417496582449
2024-03-10 01:00:00+00:00,37931.22627888119,37078.33817679435,36901.30209019173,37030.32847226433,189.2905457334249
2024-03-10 02:00:00+00:00,37030.32847226433,37529.04251269204,37421.87734814361,37444.596575100295,106.08418423112943
2024-03-10 03:00:00+00:00,37444.596575100295,37573.24165061581,37517.062956818285,37534.59789398939,111.98495118883605
2024-03-10 04:00:00+00:00,37534.59789398939,38929.71429327268,38689.89146904726,38833.389991039556,143.59416845825535
2024-03-10 05:00:00+00:00,38833.389991039556,38334.29675519535,38236.210946505234,38262.815334409366,170.25122057238235
2024-03-10 06:00:00+00:00,38262.815334409366,38287.4701111109,38174.421658938765,38230.79246252543,150.26916765570684
2024-03-10 07:00:00+00:00,38230.79246252543,39261.002749831045,39157.48920615951,39229.04059885257,177.50820966844196
2024-03-10 08:00:00+00:00,39229.04059885257,39930.591923427266,39892.920020018224,39912.78741265164,67.09558805610475
2024-03-10 09:00:00+00:00,39912.78741265164,39568.33558502771,39546.10671519649,39549.371007648,188.68888299779732
2024-03-10 10:00:00+00:00,39549.371007648,39856.022816357225,39539.53453747307,39697.385708703834,185.5882898617079
2024-03-10 11:00:00+00:00,39697.385708703834,39787.834898372115,39583.031689224306,39722.32313866907,127.87228798783818
2024-03-10 12:00:00+00:00,39722.32313866907,39903.67505491534,39757.745626483964,39903.36704754908,143.71133566808015
2024-03-10 13:00:00+00:00,39903.36704754908,39689.380189022064,39493.6650597147,39538.67004092183,81.92195753021026
2024-03-10 14:00:00+00:00,39538.67004092183,39516.116930851305,39478.17160940026,39512.959067138276,117.19211569720834
2024-03-10 15:00:00+00:00,39512.959067138276,38726.68536973139,38596.09261342521,38661.95194305053,80.40550413797185
2024-03-10 16:00:00+00:00,38661.95194305053,38869.64029759951,38688.12739734797,38758.40714402445,53.296501841152924
2024-03-10 17:00:00+00:00,38758.40714402445,39169.55165854172,39025.90210619331,39026.776218383326,197.13546021905788
2024-03-10 18:00:00+00:00,39026.776218383326,39037.06563557646,38804.733166700666,38926.06619968392,88.87197735653076
2024-03-10 19:00:00+00:00,38926.06619968392,38149.25317630522,37926.829344080536,38078.63623043363,138.9662463346753
2024-03-10 20:00:00+00:00,38078.63623043363,38783.03984328854,38550.76095851751,38632.4594729693,95.03755753067946
2024-03-10 21:00:00+00:00,38632.4594729693,38859.53422035235,38793.082731855706,38853.42344979724,105.59324303156524
2024-03-10 22:00:00+00:00,38853.42344979724,38635.50911487484,38423.13447025007,38483.59248547657,109.66423378734122
2024-03-10 23:00:00+00:00,38483.59248547657,38486.032471194434,38340.97595643377,38355.71638536462,100.25700969871366
2024-03-11 00:00:00+00:00,38355.71638536462,37720.47449882495,37540.82430424081,37580.834637371685,145.60996390099035
2024-03-11 01:00:00+00:00,37580.834637371685,37105.19669118656,36992.97059246738,37067.421663697336,194.1404405732909
2024-03-11 02:00:00+00:00,37067.421663697336,36832.43241661821,36747.86824547081,36811.45606034488,114.29519750093495
2024-03-11 03:00:00+00:00,36811.45606034488,37571.91168300375,37390.792158692006,37472.487389238224,195.99900860813977
2024-03-11 04:00:00+00:00,37472.487389238224,37237.460541872,37034.57380979133,37160.7815822634,150.16958560171747
2024-03-11 05:00:00+00:00,37160.7815822634,37596.36698928669,37484.05200001034,37517.854431708525,141.07042925315136
2024-03-11 06:00:00+00:00,37517.854431708525,37396.31481370282,37254.392158141265,37258.515063345316,85.56557776983846
2024-03-11 07:00:00+00:00,37258.515063345316,37503.303767397185,37404.793452504025,37410.51358666445,59.438105884907124
2024-03-11 08:00:00+00:00,37410.51358666445,37405.42404047158,37338.890362510705,37358.939979889234,177.7902155437743
2024-03-11 09:00:00+00:00,37358.939979889234,37901.62622177737,37754.719687577875,37841.07043481727,136.09715959164035
2024-03-11 10:00:00+00:00,37841.07043481727,37601.4086698241,37459.85018460094,37581.34085989624,112.16207936373229
2024-03-11 11:00:00+00:00,37581.34085989624,36813.37530189748,36654.59325075586,36785.07815389095,171.79509831327252
2024-03-11 12:00:00+00:00,36785.07815389095,36122.58263464835,36010.16667847909,36101.8818054823,96.58705738659782
2024-03-11 13:00:00+00:00,36101.8818054823,35971.775992224895,35797.74247409843,35855.562185930794,167.5425883946731
2024-03-11 14:00:00+00:00,35855.562185930794,35354.56048880094,35233.36902237272,35255.158784655156,99.19457531086954
2024-03-11 15:00:00+00:00,35255.158784655156,35554.757339951444,35422.52337820922,35479.49185302498,188.13217796062455
2024-03-11 16:00:00+00:00,35479.49185302498,35322.86303052957,35223.14995618183,35270.04714596166,90.19503116852039
2024-03-11 17:00:00+00:00,35270.04714596166,36581.73167033508,36357.20512091411,36484.173822784156,70.63311763618567
2024-03-11 18:00:00+00:00,36484.173822784156,35744.51799673355,35559.302410194396,35628.66706079359,154.71450625241178
2024-03-11 19:00:00+00:00,35628.66706079359,35877.85194628904,35719.48148014384,35751.8291488212,74.4270879597156
2024-03-11 20:00:00+00:00,35751.8291488212,35289.86333627485,35172.13741576914,35212.815410393574,192.40445754334783
2024-03-11 21:00:00+00:00,35212.815410393574,35106.16114490132,34972.30428272108,34991.40541413887,148.3332668583299
2024-03-11 22:00:00+00:00,34991.40541413887,35153.54545347478,34952.892823369424,35081.79533023974,84.6290991926789
2024-03-11 23:00:00+00:00,35081.79533023974,34042.96714471329,33971.62921578958,33978.47191547921,81.32284014281431
2024-03-12 00:00:00+00:00,33978.47191547921,34229.863342009114,34110.024832335155,34111.77766583347,188.58125586806324
2024-03-12 01:00:00+00:00,34111.77766583347,35107.95412053752,35028.120840489835,35053.77865477833,141.17868692748362
2024-03-12 02:00:00+00:00,35053.77865477833,34908.05752178361,34739.817637262415,34852.86276071228,184.0604010008625
2024-03-12 03:00:00+00:00,34852.86276071228,35043.54711025051,34927.57132721502,35000.858474875706,66.53378072687379
2024-03-12 04:00:00+00:00,35000.858474875706,35601.727081975325,35439.073439752756,35528.01331433924,188.8088293368764
2024-03-12 05:00:00+00:00,35528.01331433924,35545.130558849945,35417.080093291144,35467.831961094365,128.00739679911325
2024-03-12 06:00:00+00:00,35467.831961094365,35294.63827407573,35191.97069835367,35201.641009523904,150.26328744970257
2024-03-12 07:00:00+00:00,35201.641009523904,34177.000564849615,34001.406157246565,34118.24862544902,105.9313207311921
2024-03-12 08:00:00+00:00,34118.24862544902,34476.47582392303,34420.02061467918,34446.460928868146,58.87104830087393
2024-03-12 09:00:00+00:00,34446.460928868146,34531.89102422644,34408.019363509586,34412.56997171746,193.69586620127436
2024-03-12 10:00:00+00:00,34412.56997171746,33995.473265040586,33870.71868032354,33948.48843927495,199.1897493662723
2024-03-12 11:00:00+00:00,33948.48843927495,34154.74969390171,34017.78484129671,34029.121877422884,104.68202731406645
2024-03-12 12:00:00+00:00,34029.121877422884,33800.453798077455,33759.50603748703,33772.44248402343,191.58018946279694
2024-03-12 13:00:00+00:00,33772.44248402343,33618.78261944069,33436.24693341132,33543.63716035344,75.15894364423463
2024-03-12 14:00:00+00:00,33543.63716035344,33922.53114594642,33783.310043211,33849.87373330899,73.20266744878633
2024-03-12 15:00:00+00:00,33849.87373330899,33351.64263768829,33209.34840297424,33241.460777945904,60.96677600137572
2024-03-12 16:00:00+00:00,33241.460777945904,33771.44357623731,33705.62881268682,33752.69714101886,108.69041113762262
2024-03-12 17:00:00+00:00,33752.69714101886,33239.06576900836,33021.91713389494,33118.522669452184,57.84533752723988
2024-03-12 18:00:00+00:00,33118.522669452184,32902.161673429895,32823.65523381631,32832.36948900741,109.19857844193452
2024-03-12 19:00:00+00:00,32832.36948900741,33827.62727977094,33732.7818284258,33748.50601549585,70.75856429745023
2024-03-12 20:00:00+00:00,33748.50601549585,34375.967554773466,34221.3947314866,34305.96057579358,159.57916933594362
2024-03-12 21:00:00+00:00,34305.96057579358,34378.44131422196,34290.03316461021,34373.48810739513,175.0043974004612
2024-03-12 22:00:00+00:00,34373.48810739513,34011.69847200828,33812.16725922487,33944.205082532375,153.1723141694432
2024-03-12 23:00:00+00:00,33944.205082532375,33749.377771610816,33663.326690287366,33713.83669046154,80.07412286542338
2024-03-13 00:00:00+00:00,33713.83669046154,33814.98359476801,33759.90471791638,33768.695064107,165.02722893619335
2024-03-13 01:00:00+00:00,33768.695064107,33894.49319588889,33734.027714829834,33806.71721904829,87.42502955499126
2024-03-13 02:00:00+00:00,33806.71721904829,33851.257015560695,33697.736580537014,33784.00021584238,163.92328954527912
2024-03-13 03:00:00+00:00,33784.00021584238,33802.28731275139,33770.81951710936,33789.688055442915,135.10963623445863
2024-03-13 04:00:00+00:00,33789.688055442915,33718.49634343705,33634.102934689494,33708.647852998336,105.00687744368145
2024-03-13 05:00:00+00:00,33708.647852998336,33079.34502254084,33028.64890375575,33054.79751239984,62.52385670240865
2024-03-13 06:00:00+00:00,33054.79751239984,32861.403192265614,32725.379976369306,32836.33132059751,174.12642647105386
2024-03-13 07:00:00+00:00,32836.33132059751,33360.43273024857,33168.282170046696,33279.45705457699,190.9479381197338
2024-03-13 08:00:00+00:00,33279.45705457699,32690.830515836227,32611.455633967205,32667.59543194268,149.88766700009563
2024-03-13 09:00:00+00:00,32667.59543194268,32715.550550644773,32474.506794163193,32600.572319349398,194.68123500401583
2024-03-13 10:00:00+00:00,32600.572319349398,32274.969117173383,32121.52909836033,32247.91174409001,190.11671285644866
2024-03-13 11:00:00+00:00,32247.91174409001,32329.387761484613,32300.898816800902,32317.60716047159,79.19126012056304
2024-03-13 12:00:00+00:00,32317.60716047159,32274.201419079505,32114.235087686633,32161.540056740778,159.68185228973203
2024-03-13 13:00:00+00:00,32161.540056740778,32892.196951569524,32774.49653298851,32853.3869070848,102.39572291565418
2024-03-13 14:00:00+00:00,32853.3869070848,33163.41300237817,33095.840079815454,33107.075006716324,123.1276040848439
2024-03-13 15:00:00+00:00,33107.075006716324,32648.879222179276,32474.331167297965,32524.113291128066,73.54481467232686
2024-03-13 16:00:00+00:00,32524.113291128066,32974.98731566658,32816.57487826309,32850.89382387025,196.21691420864786
2024-03-13 17:00:00+00:00,32850.89382387025,32609.035557470183,32392.22281076519,32516.050462877778,158.92060746146126
2024-03-13 18:00:00+00:00,32516.050462877778,32282.703660551313,32220.67021104003,32273.803971694393,90.03624644464522
2024-03-13 19:00:00+00:00,32273.803971694393,32512.34597761148,32336.415131892078,32435.365163076982,105.72075352520503
2024-03-13 20:00:00+00:00,32435.365163076982,32359.685946380076,32182.3080467608,32232.16545179208,113.37243902431766
2024-03-13 21:00:00+00:00,32232.16545179208,32780.878480192485,32639.96556598348,32657.18401013718,162.13005862157604
2024-03-13 22:00:00+00:00,32657.18401013718,32338.08512608049,32212.77591729142,32324.37926699464,188.85459001543768
2024-03-13 23:00:00+00:00,32324.37926699464,32115.50984138478,32064.670039708737,32064.72351300964,98.21601994768574
2024-03-14 00:00:00+00:00,32064.72351300964,31830.617100623906,31783.379274184994,31790.492825996054,120.87501324206293
2024-03-14 01:00:00+00:00,31790.492825996054,31575.04560936243,31512.671475564104,31558.669423599382,138.9811359252052
2024-03-14 02:00:00+00:00,31558.669423599382,32156.42756874193,31979.198420508565,32067.306327611048,109.00159886004734
2024-03-14 03:00:00+00:00,32067.306327611048,32405.72026855205,32326.017864846755,32370.262095237278,125.62719850485279
2024-03-14 04:00:00+00:00,32370.262095237278,33220.19229651577,33165.62983203068,33174.42939157438,65.8561443530153
2024-03-14 05:00:00+00:00,33174.42939157438,34277.452249023234,34221.50439592165,34265.06763693615,75.15115815802491
2024-03-14 06:00:00+00:00,34265.06763693615,33861.7564623666,33761.326352566655,33794.442318599875,110.16518858302173
2024-03-14 07:00:00+00:00,33794.442318599875,33869.493067461044,33847.344555257165,33848.07835449281,187.24085176558287
2024-03-14 08:00:00+00:00,33848.07835449281,33372.83660084371,33243.98753876577,33315.25578890176,102.40370686169504
2024-03-14 09:00:00+00:00,33315.25578890176,32993.22196802485,32958.930244599935,32974.31552138816,87.46892129075204
2024-03-14 10:00:00+00:00,32974.31552138816,32829.119958122785,32666.730328995727,32704.33983431537,161.42933312739137
2024-03-14 11:00:00+00:00,32704.33983431537,32261.913295592287,32160.51839905197,32243.214483935084,192.3695249114914
2024-03-14 12:00:00+00:00,32243.214483935084,31857.300422738408,31698.726875978136,31790.935299771016,118.86854255953212
2024-03-14 13:00:00+00:00,31790.935299771016,31770.837949866487,31712.370337077402,31745.82480177025,51.290743335077465
2024-03-14 14:00:00+00:00,31745.82480177025,31237.914241390226,31187.254886614046,31228.375621062452,153.2223997213427
2024-03-14 15:00:00+00:00,31228.375621062452,31643.28118363376,31586.468250774495,31617.695054763764,112.25912024242174
2024-03-14 16:00:00+00:00,31617.695054763764,31239.629242496692,31113.241062066903,31232.786250543937,151.04683049243226
2024-03-14 17:00:00+00:00,31232.786250543937,32523.398500354146,32480.502316240832,32505.273899877055,91.65747737438053
2024-03-14 18:00:00+00:00,32505.273899877055,32383.691868117297,32296.21293346649,32319.894444561414,50.36122157254436
2024-03-14 19:00:00+00:00,32319.894444561414,32456.31670248989,32314.288058435053,32371.914636863254,101.67443281184057
2024-03-14 20:00:00+00:00,32371.914636863254,31820.340903576314,31785.14129858421,31809.228055192645,155.71885139194123
2024-03-14 21:00:00+00:00,31809.228055192645,32655.204411364077,32577.266300055242,32597.699640811934,108.96699245137839
2024-03-14 22:00:00+00:00,32597.699640811934,33209.53460990711,33119.7950215892,33132.50193746378,82.87612094798389
2024-03-14 23:00:00+00:00,33132.50193746378,33321.67274683818,33205.2363637484,33290.482803454055,119.60102962011523
2024-03-15 00:00:00+00:00,33290.482803454055,32736.92107934228,32608.239038316275,32688.27068002296,162.8522784947578
2024-03-15 01:00:00+00:00,32688.27068002296,32813.924516619336,32719.185418699606,32804.49848911677,67.9149630188459
2024-03-15 02:00:00+00:00,32804.49848911677,32341.322834538958,32212.920393855973,32312.87056612634,153.7628050469972
2024-03-15 03:00:00+00:00,32312.87056612634,33062.637390642085,32957.94349785653,33001.02409242823,150.1016035705921
2024-03-15 04:00:00+00:00,33001.02409242823,33529.35292528383,33274.35102834753,33397.04157079169,105.6106819527607
2024-03-15 05:00:00+00:00,33397.04157079169,33595.112927531445,33363.62849094643,33461.76577478874,195.55042870692418
2024-03-15 06:00:00+00:00,33461.76577478874,32485.863875599847,32254.906836687693,32359.065307774195,184.20579492205272
2024-03-15 07:00:00+00:00,32359.065307774195,31989.806303298374,31843.662063770556,31935.759962193733,97.42422212031047
2024-03-15 08:00:00+00:00,31935.759962193733,32274.508534465527,32217.835226763375,32264.096216497706,54.66366400907646
2024-03-15 09:00:00+00:00,32264.096216497706,32878.826142428356,32799.15130205501,32836.32629057044,96.2457210117615
2024-03-15 10:00:00+00:00,32836.32629057044,33401.9470935376,33313.81882778535,33370.21677259324,80.70829138115649
2024-03-15 11:00:00+00:00,33370.21677259324,32656.114471847286,32641.595477829218,32654.269299921718,132.08778710713892
2024-03-15 12:00:00+00:00,32654.269299921718,32824.59890568535,32752.869803699068,32812.09964684331,187.8116631773232
2024-03-15 13:00:00+00:00,32812.09964684331,33362.271934669014,33296.156611253406,33301.90331864584,180.55062650562823
2024-03-15 14:00:00+00:00,33301.90331864584,32601.411398780278,32556.66371687016,32557.1775941557,95.87437334972401
2024-03-15 15:00:00+00:00,32557.1775941557,32596.611645872315,32451.745636761418,32573.112917312883,114.28963003334555
2024-03-15 16:00:00+00:00,32573.112917312883,32811.573042467564,32627.641522910504,32717.85601952517,55.48132986193497
2024-03-15 17:00:00+00:00,32717.85601952517,32646.502317880135,32526.669842907475,32599.93453768567,131.62452614737242
2024-03-15 18:00:00+00:00,32599.93453768567,31892.845112675976,31741.173114313147,31784.540200250867,59.505197007609326
2024-03-15 19:00:00+00:00,31784.540200250867,31689.44579377876,31586.67898700243,31658.92947808836,190.79092493436494
2024-03-15 20:00:00+00:00,31658.92947808836,31601.014456390003,31420.648968965113,31533.105581321215,180.04007522784084
2024-03-15 21:00:00+00:00,31533.105581321215,31509.8828175161,31404.525911958437,31486.69107893253,82.12814396562544
2024-03-15 22:00:00+00:00,31486.69107893253,31319.959989164876,31182.701895007795,31258.031500088866,154.9053019793068
2024-03-15 23:00:00+00:00,31258.031500088866,31102.36499540254,31026.189382578472,31083.408280411884,135.20305736499995
2024-03-16 00:00:00+00:00,31083.408280411884,31104.870007044286,31041.79579959015,31084.77946342592,170.20365687742748
2024-03-16 01:00:00+00:00,31084.77946342592,31373.34218687454,31209.251024091973,31296.69990165828,121.34781601272799
2024-03-16 02:00:00+00:00,31296.69990165828,31215.203592302856,31059.94479349785,31182.301768425164,78.76579559986669
2024-03-16 03:00:00+00:00,31182.301768425164,31043.97753031187,30969.880087786907,31022.588420204527,145.97651001842476
2024-03-16 04:00:00+00:00,31022.588420204527,31196.96232638698,31032.607350358518,31081.36844817154,62.04204904939175
2024-03-16 05:00:00+00:00,31081.36844817154,30280.009116484212,30222.957255463953,30274.801456971578,137.68819867526332
2024-03-16 06:00:00+00:00,30274.801456971578,30564.899162806938,30444.050737647023,30495.960225342136,81.90572081966863
2024-03-16 07:00:00+00:00,30495.960225342136,30580.941679226464,30393.110950445123,30514.022737882227,152.74046556853403
2024-03-16 08:00:00+00:00,30514.022737882227,30579.932177278733,30462.94211802188,30549.308466044866,174.2064742592163
2024-03-16 09:00:00+00:00,30549.308466044866,31037.674668284595,30937.05197591545,30981.564360437394,66.42870939231088
2024-03-16 10:00:00+00:00,30981.564360437394,30174.69929829411,30119.289010035754,30164.113168621836,110.04028282228884
2024-03-16 11:00:00+00:00,30164.113168621836,29444.294749542565,29308.997882307307,29359.58996658471,160.02823816639952
2024-03-16 12:00:00+00:00,29359.58996658471,29516.188849882015,29485.706845932677,29490.037421074903,74.55545922782878
2024-03-16 13:00:00+00:00,29490.037421074903,29527.620050265847,29442.504404331412,29504.796867230732,134.97855050535696
2024-03-16 14:00:00+00:00,29504.796867230732,29630.198308499777,29496.881062418874,29592.925606968172,150.77584728135847
2024-03-16 15:00:00+00:00,29592.925606968172,29525.920397369326,29341.995572232576,29419.73047798699,103.21904108590734
2024-03-16 16:00:00+00:00,29419.73047798699,29807.120498162898,29688.87827631967,29712.460562656514,174.79734113039018
2024-03-16 17:00:00+00:00,29712.460562656514,30235.110958087505,30033.30893896388,30121.025490734624,126.59872775700707
2024-03-16 18:00:00+00:00,30121.025490734624,30423.144657202683,30256.687001618393,30344.01204408142,144.0492259910765
2024-03-16 19:00:00+00:00,30344.01204408142,30331.773074284916,30219.786568336454,30251.555446893213,71.1309195057168
2024-03-16 20:00:00+00:00,30251.555446893213,29446.00462105159,29316.348915876548,29389.572996658408,53.474026179900356
2024-03-16 21:00:00+00:00,29389.572996658408,29833.247650181587,29652.975403823806,29725.618755975465,57.612285623747944
2024-03-16 22:00:00+00:00,29725.618755975465,30318.40285721252,30154.936906421513,30256.57328957705,185.5880222297324
2024-03-16 23:00:00+00:00,30256.57328957705,30592.54984396673,30532.535111724857,30549.16269249343,182.39635763723768
2024-03-17 00:00:00+00:00,30549.16269249343,30270.70788557074,30169.836250997236,30193.367573333857,171.1387158742764
2024-03-17 01:00:00+00:00,30193.367573333857,30564.45034878364,30438.54202602008,30497.826079643768,79.94181368522912
2024-03-17 02:00:00+00:00,30497.826079643768,30901.316159708396,30880.54039123308,30885.994258493993,128.81879779242547
2024-03-17 03:00:00+00:00,30885.994258493993,31636.006479042087,31533.878893567202,31586.38737082526,169.417565082256
2024-03-17 04:00:00+00:00,31586.38737082526,31259.184167204956,31121.62304906998,31220.05601965795,151.20037718836608
2024-03-17 05:00:00+00:00,31220.05601965795,31245.39346688172,31121.388336789518,31139.912149445598,67.32817905139063
2024-03-17 06:00:00+00:00,31139.912149445598,31534.001525219497,31428.359827736735,31486.288141582896,184.33117997186355
2024-03-17 07:00:00+00:00,31486.288141582896,31634.134018850466,31405.686025787843,31530.51777139884,74.10235891669434
2024-03-17 08:00:00+00:00,31530.51777139884,31114.728836187387,30996.911735286296,31059.766765762728,75.76935401200032
2024-03-17 09:00:00+00:00,31059.766765762728,31353.54709913586,31197.022325574344,31259.331403832977,185.15129437560623
2024-03-17 10:00:00+00:00,31259.331403832977,31549.576973334704,31462.033190507475,31532.513856193615,122.69254086417742
2024-03-17 11:00:00+00:00,31532.513856193615,31707.157937119067,31566.814210555694,31590.31795935826,105.93377389347003
2024-03-17 12:00:00+00:00,31590.31795935826,31767.547929645127,31687.935982636336,31706.600248233543,133.04851134470846
2024-03-17 13:00:00+00:00,31706.600248233543,31643.78110486086,31525.28400449557,31610.931246938584,197.2095999248167
2024-03-17 14:00:00+00:00,31610.931246938584,32322.52590493448,32240.214466270198,32291.333818962732,67.94456828615643
2024-03-17 15:00:00+00:00,32291.333818962732,31939.674388538275,31868.84546671982,31905.84432971981,163.54232731880978
2024-03-17 16:00:00+00:00,31905.84432971981,31710.014062096427,31659.59099796546,31663.566880592756,100.14887933661913
2024-03-17 17:00:00+00:00,31663.566880592756,31778.38922578398,31580.207076075858,31687.4437863549,67.55739062714356
2024-03-17 18:00:00+00:00,31687.4437863549,32220.957025802963,32094.880772043958,32099.031673198806,113.29000330294079
2024-03-17 19:00:00+00:00,32099.031673198806,31536.172318000343,31357.648168472184,31452.002051501222,132.31293165879066
2024-03-17 20:00:00+00:00,31452.002051501222,30966.46232303503,30851.623115464146,30898.835121475295,80.89424565922204
2024-03-17 21:00:00+00:00,30898.835121475295,30101.742757111097,29975.868136299163,30047.825203024062,110.79041886449038
2024-03-17 22:00:00+00:00,30047.825203024062,30179.271713258513,30049.824353477597,30079.624598605973,145.3514038208436
2024-03-17 23:00:00+00:00,30079.624598605973,29730.831469836477,29611.711608507925,29630.129657544705,136.46720295803334
2024-03-18 00:00:00+00:00,29630.129657544705,29523.29167697724,29425.810714314546,29488.726445698703,158.4740891082276
2024-03-18 01:00:00+00:00,29488.726445698703,29894.47730837647,29698.03795585845,29780.902446712997,175.4606799406102
2024-03-18 02:00:00+00:00,29780.902446712997,29579.008762587746,29509.24055385339,29532.334047014476,111.37104976540606
2024-03-18 03:00:00+00:00,29532.334047014476,29740.771523723644,29594.150393865995,29645.895400717007,113.44509131933413
2024-03-18 04:00:00+00:00,29645.895400717007,29653.873891156378,29487.096078955772,29539.635862583353,124.50382016827297
2024-03-18 05:00:00+00:00,29539.635862583353,29920.780208526547,29811.02407558727,29836.80058279177,134.9530067571955
2024-03-18 06:00:00+00:00,29836.80058279177,30073.37827342802,29986.029431114763,30053.95731887763,66.24840113568375
2024-03-18 07:00:00+00:00,30053.95731887763,29851.917492050638,29764.706873093863,29782.091953265844,96.8953031292161
2024-03-18 08:00:00+00:00,29782.091953265844,29743.81296572515,29669.069402608402,29729.688138414705,75.78376930655364
2024-03-18 09:00:00+00:00,29729.688138414705,30280.68805471238,30171.70985920887,30185.405763996896,107.87791435161974
2024-03-18 10:00:00+00:00,30185.405763996896,30404.494989441373,30311.33614729808,30370.32046151643,196.00311088610547
2024-03-18 11:00:00+00:00,30370.32046151643,29882.868668360512,29762.856457879887,29799.999064054493,137.40964350214696
2024-03-18 12:00:00+00:00,29799.999064054493,30202.381037919524,30038.39484666421,30092.832334029397,114.40722798808194
2024-03-18 13:00:00+00:00,30092.832334029397,29678.599889695328,29605.671921915724,29657.126961205115,134.89053428355632
2024-03-18 14:00:00+00:00,29657.126961205115,30315.15787031991,30157.67061732029,30267.59442342054,150.3614833140769
2024-03-18 15:00:00+00:00,30267.59442342054,30802.63270629667,30662.89733311177,30723.106707981777,115.24301949356014
2024-03-18 16:00:00+00:00,30723.106707981777,30918.37467003529,30765.504014439877,30866.560999819078,117.15647063793308
2024-03-18 17:00:00+00:00,30866.560999819078,30974.792261475308,30925.208868364767,30953.147475548794,155.21016940725627
2024-03-18 18:00:00+00:00,30953.147475548794,30884.811244365457,30837.729191487197,30881.2201766933,59.129387480855186
2024-03-18 19:00:00+00:00,30881.2201766933,31245.4149750721,31185.31062200098,31194.680178855702,131.01208524325162
2024-03-18 20:00:00+00:00,31194.680178855702,31132.433356511312,30999.5370287469,31051.79692907952,132.0991718326552
2024-03-18 21:00:00+00:00,31051.79692907952,31244.64377221953,31089.69064729923,31173.072367186094,163.51283916925712
2024-03-18 22:00:00+00:00,31173.072367186094,31594.60909838665,31469.01582699186,31574.87590735843,197.39671285049872
2024-03-18 23:00:00+00:00,31574.87590735843,31402.81684270603,31275.349174101168,31346.30654331192,169.3632180180212
2024-03-19 00:00:00+00:00,31346.30654331192,31141.662140327262,31016.09224084565,31095.706287791683,125.5682918975702
2024-03-19 01:00:00+00:00,31095.706287791683,30631.98853799359,30576.73151269444,30598.42788826014,75.41797694107677
2024-03-19 02:00:00+00:00,30598.42788826014,30251.895737797273,30159.41594591553,30163.905063535785,138.2391457449756
2024-03-19 03:00:00+00:00,30163.905063535785,29455.667025929448,29326.06471447239,29419.228131078962,175.1448330069029
2024-03-19 04:00:00+00:00,29419.228131078962,29803.45477436107,29719.330882098053,29739.201213543838,189.86210954679987
2024-03-19 05:00:00+00:00,29739.201213543838,30632.972987042012,30509.13480618999,30520.264879683662,173.79655692411507
2024-03-19 06:00:00+00:00,30520.264879683662,31221.291164430295,31037.25295930268,31154.088557597843,78.34529095438452
2024-03-19 07:00:00+00:00,31154.088557597843,30546.35477526371,30353.710773760125,30471.14918667531,156.8863796523997
2024-03-19 08:00:00+00:00,30471.14918667531,30809.44238907762,30724.494431411204,30800.41836100872,182.0232421228765
2024-03-19 09:00:00+00:00,30800.41836100872,31461.042826528348,31391.02627837232,31438.64164448937,152.15254499404628
2024-03-19 10:00:00+00:00,31438.64164448937,31269.59268043737,31152.792789058483,31256.97096561575,152.86280613923228
2024-03-19 11:00:00+00:00,31256.97096561575,31415.99845318842,31294.534664189374,31320.182129837365,125.02434293766181
2024-03-19 12:00:00+00:00,31320.182129837365,30572.175263169298,30417.957385936596,30470.29222471994,145.54643331882576
2024-03-19 13:00:00+00:00,30470.29222471994,30625.47053213234,30558.94373379792,30602.646430481444,94.15710788345316
2024-03-19 14:00:00+00:00,30602.646430481444,30194.90967151198,30058.310343046607,30168.449316694758,63.32151301786178
2024-03-19 15:00:00+00:00,30168.449316694758,30310.177223631013,30159.671455115316,30271.04193797144,174.15723571181007
2024-03-19 16:00:00+00:00,30271.04193797144,29704.430889698415,29557.211680660163,29634.366047844425,191.47164610872736
2024-03-19 17:00:00+00:00,29634.366047844425,29952.680358445166,29865.132399733462,29878.36733809402,178.52335030654163
2024-03-19 18:00:00+00:00,29878.36733809402,30411.509699170925,30269.701507037367,30328.197659977257,100.08703306712044
2024-03-19 19:00:00+00:00,30328.197659977257,30124.16306502524,29986.02927225141,30015.483870729135,64.02952269618925
2024-03-19 20:00:00+00:00,30015.483870729135,29594.12690045461,29454.612502680437,29559.242248510724,92.02075814471098
2024-03-19 21:00:00+00:00,29559.242248510724,28773.180169165607,28681.6737727843,28697.56106388902,176.42530637148502
2024-03-19 22:00:00+00:00,28697.56106388902,28671.934092698735,28601.669339072763,28607.884147392106,148.3721761449824
2024-03-19 23:00:00+00:00,28607.884147392106,28427.66058764376,28312.92292488694,28392.92613094326,195.00413661544056
2024-03-20 00:00:00+00:00,28392.92613094326,27900.6183564823,27749.309928360373,27799.714822829468,101.40215276556552
2024-03-20 01:00:00+00:00,27799.714822829468,28004.070813119364,27899.504534860847,27993.37919968635,132.72081804374636
2024-03-20 02:00:00+00:00,27993.37919968635,27913.554519997462,27825.97332057625,27834.282369484637,168.50573324573418
2024-03-20 03:00:00+00:00,27834.282369484637,27514.562251983847,27346.777214425914,27434.68630404092,85.09879140977185
2024-03-20 04:00:00+00:00,27434.68630404092,27338.575928305516,27234.77835199858,27238.846174357295,194.61349619894986
2024-03-20 05:00:00+00:00,27238.846174357295,27724.446250126628,27663.949398916156,27667.055857266307,138.85965087377224
2024-03-20 06:00:00+00:00,27667.055857266307,27954.247780993745,27866.814481547975,27918.33114522532,51.184634497947975
2024-03-20 07:00:00+00:00,27918.33114522532,27976.605190693466,27859.599181365666,27884.281375715465,53.772991344201856
2024-03-20 08:00:00+00:00,27884.281375715465,28230.6736941611,28077.061028528915,28143.89926645933,182.33240246023928
2024-03-20 09:00:00+00:00,28143.89926645933,27762.24777215579,27703.937970006456,27706.79919510421,146.79222916416163
2024-03-20 10:00:00+00:00,27706.79919510421,27821.184005287047,27732.06859575594,27735.994852415177,164.4608778595793
2024-03-20 11:00:00+00:00,27735.994852415177,27839.739104521585,27729.052859907377,27809.940686101498,167.60240014353622
2024-03-20 12:00:00+00:00,27809.940686101498,27709.3824885908,27620.957384178586,27644.196772605323,113.06896643761647
2024-03-20 13:00:00+00:00,27644.196772605323,27926.247027280562,27756.8628463216,27829.935029937667,169.79168692134527
2024-03-20 14:00:00+00:00,27829.935029937667,27579.07415665446,27461.416301604535,27544.039845193216,190.62986672188072
2024-03-20 15:00:00+00:00,27544.039845193216,27811.677718703024,27751.400564641914,27757.988219838964,75.82566616544324
2024-03-20 16:00:00+00:00,27757.988219838964,28096.545902699258,27903.88480920081,27990.066667212024,164.6204599313031
2024-03-20 17:00:00+00:00,27990.066667212024,26971.94382275917,26857.233407717857,26886.100607202716,96.16880114233476
2024-03-20 18:00:00+00:00,26886.100607202716,27451.357028042716,27311.676675645427,27354.299703200493,98.22395045807808
2024-03-20 19:00:00+00:00,27354.299703200493,26267.874038997823,26218.36853176479,26227.45783481586,111.91322765545793
2024-03-20 20:00:00+00:00,26227.45783481586,26121.540553131497,25930.555584552338,26017.832923720372,179.55792798621283
2024-03-20 21:00:00+00:00,26017.832923720372,26425.967215016346,26350.615222739514,26409.850275908535,53.30841009650737
2024-03-20 22:00:00+00:00,26409.850275908535,26363.17039208782,26255.46982367222,26308.57792682905,115.0889310215396
2024-03-20 23:00:00+00:00,26308.57792682905,25838.966898728886,25689.611687601227,25789.525965379908,152.00714743539058
2024-03-21 00:00:00+00:00,25789.525965379908,25494.041544662537,25378.87668126444,25412.879699809502,66.5623187423783
2024-03-21 01:00:00+00:00,25412.879699809502,25890.10069535733,25704.429228742094,25796.34462658279,168.83803955261249
2024-03-21 02:00:00+00:00,25796.34462658279,25200.202410076065,25054.38430126906,25126.717878661868,191.28538968460293
2024-03-21 03:00:00+00:00,25126.717878661868,25606.385135348126,25447.47657318709,25542.34371235722,63.640223161546785
2024-03-21 04:00:00+00:00,25542.34371235722,25581.62806685271,25445.231709761712,25537.96537934068,72.94222067463173
2024-03-21 05:00:00+00:00,25537.96537934068,25181.55725855361,25030.639427349804,25130.258769142758,196.11458374193043
2024-03-21 06:00:00+00:00,25130.258769142758,24991.709920177316,24927.76373989385,24940.90028686448,79.67834611786124
2024-03-21 07:00:00+00:00,24940.90028686448,24604.992451014135,24524.650422953917,24602.98794976369,61.84095135548067
2024-03-21 08:00:00+00:00,24602.98794976369,24968.25483141965,24837.929087049186,24918.115018522523,192.82888045938503
2024-03-21 09:00:00+00:00,24918.115018522523,25276.296874181815,25125.121885059692,25190.04908828372,183.89340647142032
2024-03-21 10:00:00+00:00,25190.04908828372,24675.57436600191,24578.319096858933,24605.765446180958,148.35882090996967
2024-03-21 11:00:00+00:00,24605.765446180958,24559.734023130528,24387.29815012069,24481.812466072523,132.71463909313297
2024-03-21 12:00:00+00:00,24481.812466072523,24240.059496566137,24182.46711572959,24202.257024220227,187.88490444541554
2024-03-21 13:00:00+00:00,24202.257024220227,24711.49923661489,24610.045987544712,24659.32274951532,148.32801126671342
2024-03-21 14:00:00+00:00,24659.32274951532,24215.370386619554,24161.622302874646,24212.12755284562,148.7594988972605
2024-03-21 15:00:00+00:00,24212.12755284562,24814.884959778374,24760.888376299852,24776.926911696533,176.55283463029295
2024-03-21 16:00:00+00:00,24776.926911696533,24827.268692906648,24708.626348916172,24780.24411129563,147.98685159386315
2024-03-21 17:00:00+00:00,24780.24411129563,24419.93875038323,24386.363759317468,24395.03542979236,125.55153305565163
2024-03-21 18:00:00+00:00,24395.03542979236,24182.343589618224,24112.287509231162,24179.322046849928,108.45822468476719
2024-03-21 19:00:00+00:00,24179.322046849928,23989.90146225911,23842.624089693305,23923.832630095556,125.47008391868611
2024-03-21 20:00:00+00:00,23923.832630095556,23555.735206018093,23481.94721693275,23514.811180784964,128.37179736307917
2024-03-21 21:00:00+00:00,23514.811180784964,23599.355295285837,23493.32514862991,23560.1814806168,104.12478216773778
2024-03-21 22:00:00+00:00,23560.1814806168,23195.69477383274,23157.992080586697,23172.52347812496,117.2177613470519
2024-03-21 23:00:00+00:00,23172.52347812496,22537.737531219853,22413.256302661262,22489.35569463404,170.28078992952817
2024-03-22 00:00:00+00:00,22489.35569463404,22422.77583002171,22298.31801471183,22383.557439547174,112.47700530138317
2024-03-22 01:00:00+00:00,22383.557439547174,21880.171211866065,21825.42769985128,21838.76626738266,53.8339649953144
2024-03-22 02:00:00+00:00,21838.76626738266,21673.21568228754,21563.13477518908,21622.975015669308,92.45289826607737
2024-03-22 03:00:00+00:00,21622.975015669308,21362.867799753294,21319.104445114,21362.327363014134,84.76127961375472
2024-03-22 04:00:00+00:00,21362.327363014134,21192.686596982225,21071.126301809738,21116.01890155829,169.03730177479525
2024-03-22 05:00:00+00:00,21116.01890155829,21735.12759004638,21667.5438561833,21728.948972363192,117.39395877077132
2024-03-22 06:00:00+00:00,21728.948972363192,21798.41502182257,21716.629685837965,21759.16803243524,92.04658145526997
2024-03-22 07:00:00+00:00,21759.16803243524,21865.26991147657,21794.686210113447,21847.147887983327,171.6057325762437
2024-03-22 08:00:00+00:00,21847.147887983327,21367.98434532269,21303.61495617872,21323.30925155235,52.882520683491805
2024-03-22 09:00:00+00:00,21323.30925155235,21165.354310559425,21109.647170771826,21141.656196095493,76.13762640968264
2024-03-22 10:00:00+00:00,21141.656196095493,21291.19657656215,21144.770008614974,21218.20539848246,174.04322290937
2024-03-22 11:00:00+00:00,21218.20539848246,20961.770733647638,20919.38930595113,20928.589724254944,132.59775914906038
2024-03-22 12:00:00+00:00,20928.589724254944,21263.262048646935,21158.376329452945,21209.07239734095,166.04746618692207
2024-03-22 13:00:00+00:00,21209.07239734095,20888.239660260293,20852.083287691472,20867.46570349461,175.72640221431163
2024-03-22 14:00:00+00:00,20867.46570349461,20798.061326190793,20726.026946707872,20796.447010269105,191.29452328828094
2024-03-22 15:00:00+00:00,20796.447010269105,20672.26083193974,20591.092307952906,20638.895618842125,59.5136898955007
2024-03-22 16:00:00+00:00,20638.895618842125,20743.264016823396,20665.474835383084,20698.845413168914,169.8852114947708
2024-03-22 17:00:00+00:00,20698.845413168914,20564.114903291167,20505.871550691518,20526.383538967017,156.31492223297522
2024-03-22 18:00:00+00:00,20526.383538967017,20539.692270170646,20425.204287770724,20460.957330771897,81.05384010148387
2024-03-22 19:00:00+00:00,20460.957330771897,20463.362574912848,20327.505592948004,20405.668471536064,189.75533995101847
2024-03-22 20:00:00+00:00,20405.668471536064,20289.551908281013,20167.90310675395,20209.0656826846,110.63028204595881
2024-03-22 21:00:00+00:00,20209.0656826846,20383.019127075328,20320.757292728762,20358.990624625712,183.14157911822062
2024-03-22 22:00:00+00:00,20358.990624625712,20503.8217180676,20378.297606929875,20439.310896883217,140.76705569973882
2024-03-22 23:00:00+00:00,20439.310896883217,20471.613606456478,20395.251766499063,20426.22176461122,129.01219198114347
2024-03-23 00:00:00+00:00,20426.22176461122,20365.39407862665,20280.947132289984,20315.680766360685,73.92859008439692
2024-03-23 01:00:00+00:00,20315.680766360685,20636.891295934613,20528.126205424385,20555.831168155102,187.14914364309692
2024-03-23 02:00:00+00:00,20555.831168155102,20553.998774506028,20487.9952101776,20500.370853991382,133.49928610433693
2024-03-23 03:00:00+00:00,20500.370853991382,20498.219617248644,20366.469438025837,20424.787042782897,50.913860824522615
2024-03-23 04:00:00+00:00,20424.787042782897,20526.43710487067,20395.547953435173,20467.021322754696,52.74268116054248
2024-03-23 05:00:00+00:00,20467.021322754696,20982.242884289433,20895.590191824132,20971.556943067404,166.6448907527071
2024-03-23 06:00:00+00:00,20971.556943067404,20651.663850486362,20521.49079676917,20594.047988667204,74.29045300675844
2024-03-23 07:00:00+00:00,20594.047988667204,20870.057708826746,20792.06301176146,20829.705105265937,139.81076534422178
2024-03-23 08:00:00+00:00,20829.705105265937,20371.648537872516,20273.99014553445,20297.052971736965,152.16229429009704
2024-03-23 09:00:00+00:00,20297.052971736965,20436.85047331535,20319.125183639735,20371.106033016124,91.90483894227452
2024-03-23 10:00:00+00:00,20371.106033016124,20846.480593596963,20758.225038803535,20837.80084207252,135.39707126171186
2024-03-23 11:00:00+00:00,20837.80084207252,21004.68617471567,20932.38759529193,20993.44077418056,86.0388118983612
2024-03-23 12:00:00+00:00,20993.44077418056,21062.14179485756,21014.600123104923,21056.27880021183,191.94731410519256
2024-03-23 13:00:00+00:00,21056.27880021183,20945.493987695758,20846.654222867168,20904.250330352457,179.02552345237507
2024-03-23 14:00:00+00:00,20904.250330352457,20932.651215866266,20861.22615743267,20925.890331965897,93.20641872462036
2024-03-23 15:00:00+00:00,20925.890331965897,20925.087887916772,20787.969514776094,20864.690589600657,129.32217364255098
2024-03-23 16:00:00+00:00,20864.690589600657,20694.36848469952,20585.70864122254,20648.746435540063,125.09492857308585
2024-03-23 17:00:00+00:00,20648.746435540063,20646.26262853563,20541.805215762786,20577.46106292849,194.0034886925111
2024-03-23 18:00:00+00:00,20577.46106292849,20670.183416849075,20624.478859852057,20647.07555769139,109.1043170275781
2024-03-23 19:00:00+00:00,20647.07555769139,20481.193216446954,20397.883032633054,20438.75085985232,134.334133193235
2024-03-23 20:00:00+00:00,20438.75085985232,20230.96828424859,20194.920882044134,20221.465838427193,189.30598923311555
2024-03-23 21:00:00+00:00,20221.465838427193,19922.176172179104,19777.068512444595,19851.931304164744,74.42165767648372
2024-03-23 22:00:00+00:00,19851.931304164744,19986.78335054633,19932.219987866967,19972.801992708108,132.5728404917507
2024-03-23 23:00:00+00:00,19972.801992708108,20146.19302049244,20099.92257494197,20137.94755789403,65.85093805427445
2024-03-24 00:00:00+00:00,20137.94755789403,20232.07235819502,20187.335732774412,20215.491563616783,142.6248397727751
2024-03-24 01:00:00+00:00,20215.491563616783,20568.922979706338,20450.364416169657,20502.802958298085,104.85248050805069
2024-03-24 02:00:00+00:00,20502.802958298085,20549.054331514366,20497.63229447657,20540.360457353298,195.1454109769401
2024-03-24 03:00:00+00:00,20540.360457353298,20716.585291220665,20655.127166985723,20665.7947612048,112.31137717227895
2024-03-24 04:00:00+00:00,20665.7947612048,20828.326479895408,20694.143571781966,20766.34464766255,70.42814563125603
2024-03-24 05:00:00+00:00,20766.34464766255,20814.5422879801,20722.39473572938,20752.195954300405,175.09999413926062
2024-03-24 06:00:00+00:00,20752.195954300405,20626.579669288483,20575.24701673277,20610.910357702942,173.13000371343713
2024-03-24 07:00:00+00:00,20610.910357702942,21277.81896226014,21255.075085816967,21272.575357662827,154.22894293141766
2024-03-24 08:00:00+00:00,21272.575357662827,21189.059847530294,21104.268974005852,21151.088872691107,162.3217702826342
2024-03-24 09:00:00+00:00,21151.088872691107,20984.38758948809,20908.524128424648,20967.405220348395,89.70728265341103
2024-03-24 10:00:00+00:00,20967.405220348395,21166.89523677468,21033.456771331414,21107.854809936707,146.30802506341718
2024-03-24 11:00:00+00:00,21107.854809936707,21225.365519434275,21190.74960201435,21195.124925639182,55.70298068080905
2024-03-24 12:00:00+00:00,21195.124925639182,20832.201103701944,20713.86309530433,20794.82415894629,79.53352158350518
2024-03-24 13:00:00+00:00,20794.82415894629,21146.52204231611,21077.42097389777,21136.927151261167,189.841917132963
2024-03-24 14:00:00+00:00,21136.927151261167,21169.691591861538,21097.72145854843,21121.740991253606,160.8852945623988
2024-03-24 15:00:00+00:00,21121.740991253606,20823.69820524859,20791.23741300261,20808.256465574876,84.60088114838868
2024-03-24 16:00:00+00:00,20808.256465574876,21227.66093161442,21145.09106132431,21170.163980486544,66.70746342789322
2024-03-24 17:00:00+00:00,21170.163980486544,21375.318681479854,21294.381029303095,21369.23538819455,192.33791673027523
2024-03-24 18:00:00+00:00,21369.23538819455,21088.85454479053,20982.367887458775,21006.852649185766,66.82814990901991
2024-03-24 19:00:00+00:00,21006.852649185766,21608.00022732721,21509.10342428785,21548.996748783215,88.56050720708723
2024-03-24 20:00:00+00:00,21548.996748783215,21777.538143881695,21700.286859288964,21761.719152615897,77.39509894991858
2024-03-24 21:00:00+00:00,21761.719152615897,21772.899525371646,21695.733359932663,21771.672069375927,51.119573061765195
2024-03-24 22:00:00+00:00,21771.672069375927,22304.97391576491,22216.49389416368,22275.173040566828,97.12021611470661
2024-03-24 23:00:00+00:00,22275.173040566828,22351.959195980133,22271.012107640254,22338.304838876844,196.12683073981438
2024-03-25 00:00:00+00:00,22338.304838876844,22362.445496306467,22327.43519262335,22342.92570355165,101.28549587140347
2024-03-25 01:00:00+00:00,22342.92570355165,22227.9491472136,22072.880791252315,22150.62130533842,125.64573192016606
2024-03-25 02:00:00+00:00,22150.62130533842,22399.113106504818,22320.5541965617,22345.198195779,161.89036758826722
2024-03-25 03:00:00+00:00,22345.198195779,22524.181722821468,22496.736385222284,22508.294679410224,132.6620153118824
2024-03-25 04:00:00+00:00,22508.294679410224,22576.59111198431,22438.467703374172,22526.432909412393,161.538726111846
2024-03-25 05:00:00+00:00,22526.432909412393,22314.84620993609,22274.058860911435,22292.038721015142,149.2453802285773
2024-03-25 06:00:00+00:00,22292.038721015142,22433.285688880234,22333.814322756254,22346.0288382129,141.2844534498522
2024-03-25 07:00:00+00:00,22346.0288382129,22340.52875722822,22281.666662800697,22337.601885354234,147.44733608176176
2024-03-25 08:00:00+00:00,22337.601885354234,22001.877550452395,21909.635878662404,21937.616268325422,169.87465431173766
2024-03-25 09:00:00+00:00,21937.616268325422,21569.594177498093,21491.63713815643,21503.106826973584,156.52870922016564
2024-03-25 10:00:00+00:00,21503.106826973584,21692.751891899814,21634.779800452772,21686.92567641912,168.7662381057787
2024-03-25 11:00:00+00:00,21686.92567641912,20938.098210383025,20860.19047077596,20923.71362894796,71.8396457425297
2024-03-25 12:00:00+00:00,20923.71362894796,21028.84218616241,20929.947938957754,20996.56570608576,151.65105990658105
2024-03-25 13:00:00+00:00,20996.56570608576,20941.489347214498,20856.037606463382,20869.01918828156,160.55328684882997
2024-03-25 14:00:00+00:00,20869.01918828156,21313.20582390267,21220.150456207582,21267.523189330732,94.99496487452518
2024-03-25 15:00:00+00:00,21267.523189330732,21189.174601977797,21064.993770859284,21133.778163589257,181.18659917649236
2024-03-25 16:00:00+00:00,21133.778163589257,21409.453075439982,21328.854867683414,21342.606934751897,95.70674049540506
2024-03-25 17:00:00+00:00,21342.606934751897,21307.425424983478,21219.435536124198,21237.077792672244,86.57481790647459
2024-03-25 18:00:00+00:00,21237.077792672244,21324.238988204834,21283.485323015117,21283.690616762677,180.06452232207667
2024-03-25 19:00:00+00:00,21283.690616762677,21561.0812711148,21472.13505242227,21517.289873304646,87.052975717464
2024-03-25 20:00:00+00:00,21517.289873304646,21452.665837664194,21374.57180113042,21391.22972473352,112.32536936477001
2024-03-25 21:00:00+00:00,21391.22972473352,21727.648967799258,21641.90768991314,21704.7858098352,105.18842450552285
2024-03-25 22:00:00+00:00,21704.7858098352,21490.97632422472,21335.33735629365,21417.771261350128,184.70927338374085
2024-03-25 23:00:00+00:00,21417.771261350128,21520.983885175574,21501.225622304708,21519.194622289677,118.28536074319464
2024-03-26 00:00:00+00:00,21519.194622289677,21829.124099569624,21755.410856119706,21812.043384845947,154.14633999443234
2024-03-26 01:00:00+00:00,21812.043384845947,22098.2513089192,22009.07996611771,22027.744908036668,169.10583569657433
2024-03-26 02:00:00+00:00,22027.744908036668,22671.148541605817,22638.70357771135,22640.334302939536,144.18553711207642
2024-03-26 03:00:00+00:00,22640.334302939536,22426.516265453723,22345.07724867101,22413.08340235155,191.5541747487372
2024-03-26 04:00:00+00:00,22413.08340235155,22014.10797535635,21959.48691764253,21997.675293453758,170.3761293884012
2024-03-26 05:00:00+00:00,21997.675293453758,21752.677707603423,21624.38798034407,21706.594052572902,110.03099415122946
2024-03-26 06:00:00+00:00,21706.594052572902,21995.574950930146,21874.52796416085,21921.377093353334,192.62177648865247
2024-03-26 07:00:00+00:00,21921.377093353334,22094.214075911794,22074.05804302719,22087.971951798485,128.6862249907001
2024-03-26 08:00:00+00:00,22087.971951798485,22135.589862302786,22093.07210431372,22132.89133970442,53.386598441734385
2024-03-26 09:00:00+00:00,22132.89133970442,21841.2927936267,21783.03602021002,21800.72877616792,89.00199194793451
2024-03-26 10:00:00+00:00,21800.72877616792,22133.60397099247,21971.831407496025,22049.27102911588,143.25943805558998
2024-03-26 11:00:00+00:00,22049.27102911588,21711.652358219755,21627.512607349632,21687.44831545556,73.5222353486655
2024-03-26 12:00:00+00:00,21687.44831545556,22140.052743980403,22025.32837906909,22055.43305751985,137.61020673398053
2024-03-26 13:00:00+00:00,22055.43305751985,23050.9628867389,22920.90997869771,22969.404853435422,104.23970334612946
2024-03-26 14:00:00+00:00,22969.404853435422,23127.567913695842,23039.54091091378,23101.404641824156,130.1578220087411
2024-03-26 15:00:00+00:00,23101.404641824156,23380.898865280087,23231.766609840284,23304.743803925678,50.28122718098793
2024-03-26 16:00:00+00:00,23304.743803925678,23221.918894562197,23150.960259871976,23158.3845795086,177.26320320030476
2024-03-26 17:00:00+00:00,23158.3845795086,22638.661035356887,22590.372815311206,22592.4078347605,104.28882316632925
2024-03-26 18:00:00+00:00,22592.4078347605,22453.939498322015,22405.756817550387,22416.01911293954,71.02376514169296
2024-03-26 19:00:00+00:00,22416.01911293954,22160.956206781346,22054.00182598195,22088.901965069817,115.68737855076199
2024-03-26 20:00:00+00:00,22088.901965069817,21727.626063626863,21618.483657785546,21658.917096890902,122.92659402332511
2024-03-26 21:00:00+00:00,21658.917096890902,22268.06200793482,22188.72525418903,22200.843507377587,145.61040657442834
2024-03-26 22:00:00+00:00,22200.843507377587,22388.23129277219,22262.516567968,22299.19009589018,128.68436605284194
2024-03-26 23:00:00+00:00,22299.19009589018,22474.42971291939,22391.869677175324,22431.494713966695,56.5285373100594
2024-03-27 00:00:00+00:00,22431.494713966695,22420.196146797134,22338.31168532558,22348.063483060097,180.72684831166472
2024-03-27 01:00:00+00:00,22348.063483060097,22384.38132236792,22225.629359937888,22307.422644551585,118.4763397680442
2024-03-27 02:00:00+00:00,22307.422644551585,22643.418572897226,22570.048202945658,22624.269157867995,61.54816587995134
2024-03-27 03:00:00+00:00,22624.269157867995,22631.408964023238,22592.435004644154,22627.601513271806,165.92423547937776
2024-03-27 04:00:00+00:00,22627.601513271806,22846.955422788207,22763.775871843452,22810.026136258086,149.02316281746022
2024-03-27 05:00:00+00:00,22810.026136258086,22839.17378477917,22732.566446370358,22761.172459073252,147.41566591538327
2024-03-27 06:00:00+00:00,22761.172459073252,22692.2107418085,22588.542415636068,22665.9994825207,114.03710026033416
2024-03-27 07:00:00+00:00,22665.9994825207,22299.523509851395,22186.11125147828,22237.25828346322,111.57455939314826
2024-03-27 08:00:00+00:00,22237.25828346322,21643.606269620177,21600.126066094752,21642.970127403136,130.45079545810142
2024-03-27 09:00:00+00:00,21642.970127403136,21607.474102207227,21498.18760623894,21576.803587973922,57.58916193486549
2024-03-27 10:00:00+00:00,21576.803587973922,21660.034280160347,21534.412442719826,21606.836805062623,94.84366463268813
2024-03-27 11:00:00+00:00,21606.836805062623,21245.02726568646,21164.970044143112,21234.006205769503,198.18412603435604
2024-03-27 12:00:00+00:00,21234.006205769503,21312.661367050667,21217.333604896383,21236.498202737144,149.32887336921138
2024-03-27 13:00:00+00:00,21236.498202737144,21278.533576843955,21252.215962524813,21265.240761851128,112.8401248125983
2024-03-27 14:00:00+00:00,21265.240761851128,20720.474276905043,20588.35316491707,20645.342280340836,83.35446544106796
2024-03-27 15:00:00+00:00,20645.342280340836,20412.412591023593,20356.528374239133,20394.759759163433,161.78140428503502
2024-03-27 16:00:00+00:00,20394.759759163433,20605.312166154654,20467.557885374616,20523.68710854606,89.0435464559287
2024-03-27 17:00:00+00:00,20523.68710854606,20697.534436308113,20584.76755621642,20647.588027139835,74.3555155769443
2024-03-27 18:00:00+00:00,20647.588027139835,20335.83059016586,20304.95833007276,20328.97201017291,73.1772350351431
2024-03-27 19:00:00+00:00,20328.97201017291,20391.66846311058,20363.133477915067,20386.345406113633,159.38949187470985
2024-03-27 20:00:00+00:00,20386.345406113633,20698.861048493225,20652.03328947944,20692.659731824315,146.4215381433076
2024-03-27 21:00:00+00:00,20692.659731824315,20980.949263426643,20908.656507037667,20931.55976225368,60.470914905684594
2024-03-27 22:00:00+00:00,20931.55976225368,20983.9349004848,20860.372483099025,20916.201613213823,67.25642230433039
2024-03-27 23:00:00+00:00,20916.201613213823,20825.59877641091,20729.9807023281,20792.085034041138,145.07703010303658
2024-03-28 00:00:00+00:00,20792.085034041138,20658.757596366697,20583.12620142764,20622.063870607337,135.66741528082383
2024-03-28 01:00:00+00:00,20622.063870607337,20818.98723916065,20709.895779118586,20770.029148033882,152.89985905577203
2024-03-28 02:00:00+00:00,20770.029148033882,20883.77182101948,20796.79023954647,20839.338965637115,76.7058362544893
2024-03-28 03:00:00+00:00,20839.338965637115,21094.29488668305,20976.412514409203,21036.397526122924,158.98818593257505
2024-03-28 04:00:00+00:00,21036.397526122924,21127.71637584562,21068.94400682828,21087.920456887645,190.41447009958247
2024-03-28 05:00:00+00:00,21087.920456887645,21404.78414809631,21280.759055474136,21343.83804071375,140.1575471803162
2024-03-28 06:00:00+00:00,21343.83804071375,21470.25919312932,21323.77786960974,21384.949433932215,79.41950294641758
2024-03-28 07:00:00+00:00,21384.949433932215,21664.46216370678,21611.077431523063,21634.14858143891,151.931578292616
2024-03-28 08:00:00+00:00,21634.14858143891,21913.73038503969,21863.92847941136,21912.659691912315,101.46225253190966
2024-03-28 09:00:00+00:00,21912.659691912315,21691.132556403358,21606.064789850087,21680.238232741125,57.39316195785821
2024-03-28 10:00:00+00:00,21680.238232741125,21197.828724519586,21129.888598919162,21150.99921215728,95.35080430287476
2024-03-28 11:00:00+00:00,21150.99921215728,21655.77434636653,21562.32949850673,21625.994678075822,185.8377652925198
2024-03-28 12:00:00+00:00,21625.994678075822,21798.521582287027,21633.99899604294,21716.867671881573,111.67089802639629
2024-03-28 13:00:00+00:00,21716.867671881573,21267.776955073565,21141.025380456096,21214.533051806324,179.69980070466386
2024-03-28 14:00:00+00:00,21214.533051806324,21059.93147190551,20982.4342562844,21016.18794236537,126.29890152841874
2024-03-28 15:00:00+00:00,21016.18794236537,21325.132551642073,21205.64563859436,21257.275967994476,127.54669834394001
2024-03-28 16:00:00+00:00,21257.275967994476,21208.829578591358,21102.864495522696,21186.914692438375,50.78244815973415
2024-03-28 17:00:00+00:00,21186.914692438375,21117.212999220286,21000.338596024743,21048.196926324446,145.5656109933458
2024-03-28 18:00:00+00:00,21048.196926324446,21478.221969958577,21468.07675231121,21477.9589848197,66.17207675456304
2024-03-28 19:00:00+00:00,21477.9589848197,21230.543336748142,21174.20056730402,21178.049106326587,121.81226220230815
2024-03-28 20:00:00+00:00,21178.049106326587,21033.641551173136,20889.044049515367,20955.289125723128,89.04752834871485
2024-03-28 21:00:00+00:00,20955.289125723128,21096.28532045886,20994.374875638834,21030.010508177886,108.85744487439723
2024-03-28 22:00:00+00:00,21030.010508177886,21230.21873801611,21137.08581469931,21157.97405764741,130.5616033500201
2024-03-28 23:00:00+00:00,21157.97405764741,21352.145372312134,21288.64868115853,21318.29578189742,52.169617190295924
2024-03-29 00:00:00+00:00,21318.29578189742,21676.19223623159,21539.50958610945,21604.961633003906,92.68753749074342
2024-03-29 01:00:00+00:00,21604.961633003906,21725.87609951874,21637.76940145252,21678.11213710596,198.44179014377974
2024-03-29 02:00:00+00:00,21678.11213710596,21894.283484140033,21764.3742230422,21840.247197472778,58.60986887308394
2024-03-29 03:00:00+00:00,21840.247197472778,21779.32604654856,21710.185058797662,21774.19471026808,97.90902322360526
2024-03-29 04:00:00+00:00,21774.19471026808,21823.97634957695,21721.436932527784,21806.395885177295,98.21322124469724
2024-03-29 05:00:00+00:00,21806.395885177295,21900.516636321565,21774.693545009453,21852.35715157911,106.90788813991438
2024-03-29 06:00:00+00:00,21852.35715157911,21936.575217074434,21909.086530988,21931.416855031857,152.7171377663518
2024-03-29 07:00:00+00:00,21931.416855031857,22249.00133260864,22124.73045065606,22183.21064982394,87.16156980244469
2024-03-29 08:00:00+00:00,22183.21064982394,22444.876286146562,22367.87079616035,22369.708962974793,119.04040162040792
2024-03-29 09:00:00+00:00,22369.708962974793,22479.448522456736,22308.203867338078,22396.995117208808,146.72953502786737
2024-03-29 10:00:00+00:00,22396.995117208808,22167.029571910753,22134.876122433183,22158.00962591827,98.3483087492883
2024-03-29 11:00:00+00:00,22158.00962591827,22275.741721482605,22133.31002791355,22192.32341881329,192.3158870754882
2024-03-29 12:00:00+00:00,22192.32341881329,22202.938202886293,22121.53994658145,22196.934375399047,196.9508952414022
2024-03-29 13:00:00+00:00,22196.934375399047,22312.636107131493,22256.111955761422,22270.40640877422,67.95103515312667
2024-03-29 14:00:00+00:00,22270.40640877422,23060.136936523697,22904.944469648082,22982.891344885626,101.57298266012151
2024-03-29 15:00:00+00:00,22982.891344885626,22835.091889087093,22827.55324043688,22828.67144956096,81.1958104709713
2024-03-29 16:00:00+00:00,22828.67144956096,22979.493552636646,22937.195230734804,22977.817911534756,78.01843933356727
2024-03-29 17:00:00+00:00,22977.817911534756,23340.442061664966,23294.047261192063,23338.11313093883,123.64697575074193
2024-03-29 18:00:00+00:00,23338.11313093883,23432.004470119187,23349.190703770935,23384.181924952045,134.57406622023183
2024-03-29 19:00:00+00:00,23384.181924952045,24255.193712874265,24119.99935859067,24176.706766846102,113.84780608963987
2024-03-29 20:00:00+00:00,24176.706766846102,24075.78746753147,23975.464813042647,24063.52212945452,90.88323096460411
2024-03-29 21:00:00+00:00,24063.52212945452,24199.516538166623,24155.824370600098,24187.46051576499,91.79323613804596
2024-03-29 22:00:00+00:00,24187.46051576499,23987.255376078352,23877.37433237396,23932.827640528467,198.81922345110962
2024-03-29 23:00:00+00:00,23932.827640528467,23851.96145296072,23745.99031932397,23829.628744225705,188.55160609853758
2024-03-30 00:00:00+00:00,23829.628744225705,23997.061465699855,23853.191282059262,23927.17366229424,61.384826148403576
2024-03-30 01:00:00+00:00,23927.17366229424,24318.913685767522,24222.939488587635,24226.886849377428,148.48259779941884
2024-03-30 02:00:00+00:00,24226.886849377428,24424.57553985769,24258.136311724236,24349.96399637473,118.53164112272664
2024-03-30 03:00:00+00:00,24349.96399637473,24884.883708999598,24793.248390884164,24797.87536735648,153.3221145798743
2024-03-30 04:00:00+00:00,24797.87536735648,24831.29249528298,24721.434309376615,24779.79155846973,139.54410583108302
2024-03-30 05:00:00+00:00,24779.79155846973,24761.792805051038,24622.82943146646,24679.62748354922,183.3878600123626
2024-03-30 06:00:00+00:00,24679.62748354922,25665.950797845075,25566.51220002935,25647.186989202568,60.04824714332375
2024-03-30 07:00:00+00:00,25647.186989202568,25811.666453845162,25789.28962951438,25804.611690758997,102.43968680865584
2024-03-30 08:00:00+00:00,25804.611690758997,25628.393507926587,25542.985604564037,25561.325384387397,197.8241188663377
2024-03-30 09:00:00+00:00,25561.325384387397,25334.53735774619,25253.07239165495,25329.273681001785,77.34280234859251
2024-03-30 10:00:00+00:00,25329.273681001785,25101.480768440848,24997.23134773987,25012.1891123019,69.10001592599708
2024-03-30 11:00:00+00:00,25012.1891123019,25427.662066656503,25309.90182816844,25357.51768060701,159.34580090008632
2024-03-30 12:00:00+00:00,25357.51768060701,25339.780868364116,25169.755023283167,25243.632846331184,166.61527400261951
2024-03-30 13:00:00+00:00,25243.632846331184,25335.632223504286,25237.946301212833,25303.86204490794,150.84103215119904
2024-03-30 14:00:00+00:00,25303.86204490794,25345.739719797642,25275.23697836087,25296.547213310194,166.4293743139888
2024-03-30 15:00:00+00:00,25296.547213310194,25648.143110855344,25541.184444339342,25572.276267176796,154.05823581397584
2024-03-30 16:00:00+00:00,25572.276267176796,25310.644380692596,25188.082315652406,25286.08865689103,70.36560234337651
2024-03-30 17:00:00+00:00,25286.08865689103,24977.15049941319,24878.403111507167,24923.13222026504,141.23328462177608
2024-03-30 18:00:00+00:00,24923.13222026504,25082.513633727955,25012.07463388843,25016.523319872485,166.53150238392988
2024-03-30 19:00:00+00:00,25016.523319872485,25341.85963069822,25220.8553061163,25243.0272565257,179.82749094867017
2024-03-30 20:00:00+00:00,25243.0272565257,25451.630481532688,25341.281413074197,25376.039999203756,86.93528640255616
2024-03-30 21:00:00+00:00,25376.039999203756,25117.01440675468,25004.782302908472,25105.151635118513,69.11461414078079
2024-03-30 22:00:00+00:00,25105.151635118513,25407.829786988386,25328.908136426344,25359.61269807032,167.16356653738694
2024-03-30 23:00:00+00:00,25359.61269807032,25171.090122156158,25109.29798885307,25111.9493937284,88.48225175534981
