timestamp,open,high,low,close,volume
2024-04-01 00:00:00+00:00,30051.64166280306,30164.85652232305,30028.60473806305,30051.64166280306,100.84714031482557
2024-04-01 01:00:00+00:00,30051.64166280306,29929.664907415194,29733.70346187448,29841.09874561516,113.24612587614885
2024-04-01 02:00:00+00:00,29841.09874561516,29891.36361396097,29829.076345589652,29877.17577531573,190.6133019683679
2024-04-01 03:00:00+00:00,29877.17577531573,30284.260269117498,30145.139891735304,30219.11073426129,128.6813312364792
2024-04-01 04:00:00+00:00,30219.11073426129,29404.774629303538,29325.46926750701,29393.274272279763,64.08760786282974
2024-04-01 05:00:00+00:00,29393.274272279763,30296.941188590463,30134.645122427217,30208.302008400286,145.59603132046638
2024-04-01 06:00:00+00:00,30208.302008400286,30046.094639250437,29968.351874550666,29999.817614129865,176.89535079693354
2024-04-01 07:00:00+00:00,29999.817614129865,29834.58759758823,29699.68110831091,29726.78765651997,144.297053085419
2024-04-01 08:00:00+00:00,29726.78765651997,29264.014310360115,29238.882734922718,29244.66312028887,172.075966121873
2024-04-01 09:00:00+00:00,29244.66312028887,29700.80690052299,29648.56882269199,29695.804463334374,55.96900955505575
2024-04-01 10:00:00+00:00,29695.804463334374,30077.284991150842,29911.30632802478,30030.25758977253,154.39420620324216
2024-04-01 11:00:00+00:00,30030.25758977253,30679.613890335706,30564.344030029413,30646.44041006701,160.2923220863836
2024-04-01 12:00:00+00:00,30646.44041006701,31186.96329706948,31056.55509874788,31099.940863582724,124.13723204669427
2024-04-01 13:00:00+00:00,31099.940863582724,31362.68365564828,31209.399629421692,31243.58255241946,56.099301568354505
2024-04-01 14:00:00+00:00,31243.58255241946,31512.97608449121,31410.50878763643,31420.805918261518,80.14491671117074
2024-04-01 15:00:00+00:00,31420.805918261518,31981.07214025223,31839.452078646733,31907.27950647832,143.60689313637448
2024-04-01 16:00:00+00:00,31907.27950647832,31491.024448137858,31467.640954097933,31474.962029567214,113.96228189140652
2024-04-01 17:00:00+00:00,31474.962029567214,31587.099259658382,31349.467698216606,31464.44053111481,73.42638425639441
2024-04-01 18:00:00+00:00,31464.44053111481,31725.465658011723,31663.04077439252,31669.94056939868,127.36933065957527
2024-04-01 19:00:00+00:00,31669.94056939868,31555.848433997984,31409.55636142584,31454.0377238196,53.055098141930415
2024-04-01 20:00:00+00:00,31454.0377238196,31852.84891621497,31810.758786685514,31832.06128881305,98.99623097326213
2024-04-01 21:00:00+00:00,31832.06128881305,31758.428356165765,31659.289711974037,31665.86807690091,81.5759181375073
2024-04-01 22:00:00+00:00,31665.86807690091,32147.012018810437,31939.217165042268,32021.390620841332,97.59494632724571
2024-04-01 23:00:00+00:00,32021.390620841332,32194.867818134764,31987.5756673285,32106.35896422143,120.45928851992844
2024-04-02 00:00:00+00:00,32106.35896422143,32458.412745297122,32276.01681048687,32357.799200980982,126.47811326002831
2024-04-02 01:00:00+00:00,32357.799200980982,31628.638448390582,31515.064688329094,31594.170741925802,158.6463936602879
2024-04-02 02:00:00+00:00,31594.170741925802,31197.110659475577,31072.00948732175,31174.731305767415,66.26020700392613
2024-04-02 03:00:00+00:00,31174.731305767415,31954.140380255052,31811.181916541384,31865.406098708976,172.0441893905258
2024-04-02 04:00:00+00:00,31865.406098708976,32095.926516799344,31926.751792569914,31969.117355542076,193.35114472744306
2024-04-02 05:00:00+00:00,31969.117355542076,32028.153830481875,31874.690664244543,31940.32319636904,118.57793765333483
2024-04-02 06:00:00+00:00,31940.32319636904,32479.70523305795,32421.606649357353,32449.6115869096,114.174661014905
2024-04-02 07:00:00+00:00,32449.6115869096,32889.09658162204,32835.00360146643,32854.95911760518,171.2491255948099
2024-04-02 08:00:00+00:00,32854.95911760518,32896.955297014065,32800.67086688504,32843.52305879695,88.03775412727015
2024-04-02 09:00:00+00:00,32843.52305879695,32598.64117729814,32414.310593001934,32520.32453205628,159.1947496887486
2024-04-02 10:00:00+00:00,32520.32453205628,33573.9906648423,33493.461554649926,33570.24876583685,80.94928129306322
2024-04-02 11:00:00+00:00,33570.24876583685,34033.66354937274,33859.069419891544,33956.88896903778,138.67177734157406
2024-04-02 12:00:00+00:00,33956.88896903778,33182.737746737665,33117.72520691894,33126.67558680926,124.58882903782491
2024-04-02 13:00:00+00:00,33126.67558680926,33607.827842055485,33552.45019839733,33588.048835519985,115.07269514487474
2024-04-02 14:00:00+00:00,33588.048835519985,34142.197179619994,33960.388120892465,34017.18923102388,76.80348478954153
2024-04-02 15:00:00+00:00,34017.18923102388,34515.532981669276,34393.27379040547,34476.86941283745,176.1368107090011
2024-04-02 16:00:00+00:00,34476.86941283745,34365.20734848713,34201.590461097774,34268.49194247554,77.30929250301236
2024-04-02 17:00:00+00:00,34268.49194247554,35163.84295710329,34961.572361458035,35098.82414366631,177.03024739681086
2024-04-02 18:00:00+00:00,35098.82414366631,34765.610997935524,34682.381083930486,34695.1406798488,174.66123819093758
2024-04-02 19:00:00+00:00,34695.1406798488,35525.256520282455,35335.20718088092,35388.17800690743,181.6497418016916
2024-04-02 20:00:00+00:00,35388.17800690743,35605.823610915824,35430.53896777834,35568.456551497744,65.65654816371892
2024-04-02 21:00:00+00:00,35568.456551497744,36676.47550224306,36512.10462688898,36562.26199724186,131.67791725727517
2024-04-02 22:00:00+00:00,36562.26199724186,36365.06633255919,36278.625183347285,36350.168020750156,93.77933701436055
2024-04-02 23:00:00+00:00,36350.168020750156,36841.50629023075,36747.06692391517,36772.18105342873,167.96546157858987
2024-04-03 00:00:00+00:00,36772.18105342873,37353.47123471915,37192.15355757327,37287.52852123601,118.67626228231569
2024-04-03 01:00:00+00:00,37287.52852123601,37117.02255268304,37082.110827018194,37109.71309774498,180.94398208965248
2024-04-03 02:00:00+00:00,37109.71309774498,37226.398120948026,37101.33507983443,37131.24428880753,94.05986890590823
2024-04-03 03:00:00+00:00,37131.24428880753,36978.89165601388,36825.405258852275,36900.501226338754,71.85602798180875
2024-04-03 04:00:00+00:00,36900.501226338754,37261.679401603404,37151.3443065715,37198.81949948663,81.81890480852113
2024-04-03 05:00:00+00:00,37198.81949948663,37696.470977894845,37533.68299764109,37625.941393414985,132.14073045872908
2024-04-03 06:00:00+00:00,37625.941393414985,37562.52975838267,37358.019231559905,37465.75242916672,199.43502880177795
2024-04-03 07:00:00+00:00,37465.75242916672,37812.28158050085,37664.81487246867,37688.77167977768,62.943199431230106
2024-04-03 08:00:00+00:00,37688.77167977768,37394.38917445148,37345.307152048066,37354.45014258965,195.40457317306772
2024-04-03 09:00:00+00:00,37354.45014258965,37086.161471265994,36982.08742254941,37059.11979482274,152.1111692398723
2024-04-03 10:00:00+00:00,37059.11979482274,36045.874778676996,35932.985605748276,35950.8626628785,117.317377900514
2024-04-03 11:00:00+00:00,35950.8626628785,35393.71659720318,35155.89092484908,35295.95627165002,167.12829176520478
2024-04-03 12:00:00+00:00,35295.95627165002,34954.736963276235,34829.78876089982,34931.3764727246,151.73098363179645
2024-04-03 13:00:00+00:00,34931.3764727246,35082.17433833675,34938.101664008114,35005.89195060999,66.4664569835396
2024-04-03 14:00:00+00:00,35005.89195060999,36017.86446560232,35829.42690569179,35882.21140489108,152.00762373137405
2024-04-03 15:00:00+00:00,35882.21140489108,36192.48825195508,36045.56965402818,36051.422911955895,164.68460161057396
2024-04-03 16:00:00+00:00,36051.422911955895,36216.19425595946,36016.64605425828,36118.6050859533,156.40815734829732
2024-04-03 17:00:00+00:00,36118.6050859533,36459.56327684165,36323.56045390693,36334.74791402837,191.8679923024963
2024-04-03 18:00:00+00:00,36334.74791402837,35613.20969020172,35526.72118745984,35543.26587025045,104.75219664228234
2024-04-03 19:00:00+00:00,35543.26587025045,35645.35764679544,35457.11206556735,35585.02104842012,181.95027098441457
2024-04-03 20:00:00+00:00,35585.02104842012,35181.95707802032,35073.25808741276,35108.208670225395,153.80116000333666
2024-04-03 21:00:00+00:00,35108.208670225395,34810.20788176335,34675.44928667344,34801.32424571831,74.13240965850817
2024-04-03 22:00:00+00:00,34801.32424571831,36065.962549977994,35832.75651109594,35968.23748677275,177.81718759658446
2024-04-03 23:00:00+00:00,35968.23748677275,37172.240238962244,36958.4170408566,37062.075450138975,185.88003504179193
2024-04-04 00:00:00+00:00,37062.075450138975,37708.88733447713,37595.122581940705,37661.134909418775,160.82881985973893
2024-04-04 01:00:00+00:00,37661.134909418775,38079.694717584905,37940.06655574014,38004.963793584655,68.41087730998584
2024-04-04 02:00:00+00:00,38004.963793584655,38367.66645380113,38188.849945185044,38327.75683857768,178.0426540891947
2024-04-04 03:00:00+00:00,38327.75683857768,37787.65726061451,37753.03142398469,37755.5488214045,139.02872392703057
2024-04-04 04:00:00+00:00,37755.5488214045,37138.074924915476,36943.42306546481,37019.516240730925,124.45206468148913
2024-04-04 05:00:00+00:00,37019.516240730925,37257.122256785624,37092.32194166899,37233.197098927136,154.85967463608205
2024-04-04 06:00:00+00:00,37233.197098927136,37122.01075464121,36889.174266379065,36982.531020642986,81.52756351363861
2024-04-04 07:00:00+00:00,36982.531020642986,36633.61951733284,36467.529101176005,36540.387320303176,105.77454998236828
2024-04-04 08:00:00+00:00,36540.387320303176,36541.029167173445,36450.08806303665,36508.0576005346,132.0991706475238
2024-04-04 09:00:00+00:00,36508.0576005346,36625.76586010488,36336.99926952921,36480.33771926782,184.93244145356232
2024-04-04 10:00:00+00:00,36480.33771926782,36722.854215417916,36459.48308134906,36605.591292985475,108.75988099289398
2024-04-04 11:00:00+00:00,36605.591292985475,36208.31927799898,36063.9687886376,36189.44137091874,126.12587238735244
2024-04-04 12:00:00+00:00,36189.44137091874,36259.939114818124,36081.88814528151,36213.94725821647,125.62639998765997
2024-04-04 13:00:00+00:00,36213.94725821647,35609.58022738271,35439.65456938468,35517.14035736019,191.69331481325915
2024-04-04 14:00:00+00:00,35517.14035736019,36324.888838503175,36219.55210574341,36235.696480295366,96.80736151793525
2024-04-04 15:00:00+00:00,36235.696480295366,37192.15201687641,37079.378309838896,37142.13288302477,103.41263504243321
2024-04-04 16:00:00+00:00,37142.13288302477,36619.14383257724,36472.90889209088,36506.18136751485,121.26456843882622
2024-04-04 17:00:00+00:00,36506.18136751485,36783.37448206848,36710.58390123614,36771.33185191431,50.824527541244876
2024-04-04 18:00:00+00:00,36771.33185191431,36757.54145157166,36522.263226172574,36656.212582075226,155.60109362549073
2024-04-04 19:00:00+00:00,36656.212582075226,36749.00218428506,36680.873277032115,36737.659446275626,89.46737596581121
2024-04-04 20:00:00+00:00,36737.659446275626,36897.712514610896,36770.80633920644,36789.33564719194,141.0359927676804
2024-04-04 21:00:00+00:00,36789.33564719194,37650.61969707216,37510.452393898166,37513.37073220193,185.18126212258554
2024-04-04 22:00:00+00:00,37513.37073220193,37939.12388769042,37825.327705472046,37862.068085532235,196.2122292479188
2024-04-04 23:00:00+00:00,37862.068085532235,37391.5030079379,37220.1255263811,37354.50389806493,81.22411149009969
2024-04-05 00:00:00+00:00,37354.50389806493,37451.0111539849,37410.38006854573,37417.420868173336,174.14624278635077
2024-04-05 01:00:00+00:00,37417.420868173336,37474.36554415981,37300.6209495675,37421.87374020997,113.73612930617551
2024-04-05 02:00:00+00:00,37421.87374020997,36996.86846290136,36870.076924157125,36961.75491642691,79.359471991651
2024-04-05 03:00:00+00:00,36961.75491642691,37227.20042149886,36961.79208332424,37097.631887070645,191.37505901596742
2024-04-05 04:00:00+00:00,37097.631887070645,37109.63914331195,37013.8005511884,37098.94407295812,153.85371675489378
2024-04-05 05:00:00+00:00,37098.94407295812,37963.60757158361,37865.821387084325,37929.79275402274,168.4800696186792
2024-04-05 06:00:00+00:00,37929.79275402274,37951.421414546785,37826.27255084717,37831.07796708826,116.07661734232938
2024-04-05 07:00:00+00:00,37831.07796708826,38261.26554956167,37966.583820979184,38114.19632918502,60.20637741771755
2024-04-05 08:00:00+00:00,38114.19632918502,36845.12765958699,36711.52843876327,36782.452392839026,163.73419330226224
2024-04-05 09:00:00+00:00,36782.452392839026,35848.02237835453,35806.89456034073,35822.60516825134,99.8569395388451
2024-04-05 10:00:00+00:00,35822.60516825134,36082.836450545976,35899.89446877051,36025.060117311274,84.23728088979422
2024-04-05 11:00:00+00:00,36025.060117311274,36221.659836676015,36082.38787853924,36113.96367119773,101.93591868005117
2024-04-05 12:00:00+00:00,36113.96367119773,36778.66963514401,36522.8956508301,36657.59740025426,146.75835113791192
2024-04-05 13:00:00+00:00,36657.59740025426,36074.88081052414,35905.09704728362,36002.37186671904,61.64906347118257
2024-04-05 14:00:00+00:00,36002.37186671904,35954.55998636578,35749.60190503613,35853.01677286965,147.3859682440868
2024-04-05 15:00:00+00:00,35853.01677286965,34573.357643280426,34408.100427762016,34465.184610138465,85.67090813165015
2024-04-05 16:00:00+00:00,34465.184610138465,34151.30331482091,33950.27643021221,34020.52840796656,126.04272000914595
2024-04-05 17:00:00+00:00,34020.52840796656,33817.09792315627,33708.91138854462,33798.98366484777,186.0218151591335
2024-04-05 18:00:00+00:00,33798.98366484777,33857.19300100377,33725.46700660203,33760.12300957815,82.75195729900541
2024-04-05 19:00:00+00:00,33760.12300957815,33553.23969782255,33412.83086578552,33475.164413628685,197.1209641354398
2024-04-05 20:00:00+00:00,33475.164413628685,34053.22655624464,33868.08447453096,34003.70427946938,140.57200685330952
2024-04-05 21:00:00+00:00,34003.70427946938,33351.73467204595,33147.62382541757,33238.35269998852,172.48839235875369
2024-04-05 22:00:00+00:00,33238.35269998852,32589.849154776108,32487.29898960489,32575.96865785158,153.04893166518144
2024-04-05 23:00:00+00:00,32575.96865785158,32912.534752406515,32757.203626224717,32829.92905044677,153.1391352576785
2024-04-06 00:00:00+00:00,32829.92905044677,32670.304573266923,32574.86444156628,32644.447939216116,146.77143340994013
2024-04-06 01:00:00+00:00,32644.447939216116,33371.62560255996,33308.542423631545,33363.40408560634,157.40156788963614
2024-04-06 02:00:00+00:00,33363.40408560634,33762.38873153734,33666.1974167003,33746.79896181006,75.8050418337548
2024-04-06 03:00:00+00:00,33746.79896181006,34018.05643348435,33909.02873102866,33940.47326219828,64.00510500433835
2024-04-06 04:00:00+00:00,33940.47326219828,33061.80650568501,32922.31060463605,33035.502907131275,143.93755573974647
2024-04-06 05:00:00+00:00,33035.502907131275,32835.731064626256,32606.474992012467,32723.748611881612,140.1882551376404
2024-04-06 06:00:00+00:00,32723.748611881612,32943.58954182694,32848.60468827684,32877.51021323742,155.67238440419686
2024-04-06 07:00:00+00:00,32877.51021323742,32648.7812501486,32518.052128763433,32553.579160171998,90.01379206973333
2024-04-06 08:00:00+00:00,32553.579160171998,32832.48208767548,32593.125378611687,32713.951400216243,96.59404939420236
2024-04-06 09:00:00+00:00,32713.951400216243,33010.274211364565,32786.75075893567,32884.13422758315,120.38911787367827
2024-04-06 10:00:00+00:00,32884.13422758315,32578.454706517008,32423.379961127423,32462.65186903669,194.74150601887038
2024-04-06 11:00:00+00:00,32462.65186903669,31937.373621566207,31848.797272983993,31902.065853449236,128.4098591115103
2024-04-06 12:00:00+00:00,31902.065853449236,32538.406340052858,32388.461385260707,32412.712202923838,176.68708404731888
2024-04-06 13:00:00+00:00,32412.712202923838,32451.767268686413,32357.32163133824,32450.761990556264,106.73899655461216
2024-04-06 14:00:00+00:00,32450.761990556264,32590.11752966059,32416.02873611978,32492.316158085156,139.72537798052892
2024-04-06 15:00:00+00:00,32492.316158085156,33056.139678324274,32996.38832801971,33009.21071412008,182.08532550621064
2024-04-06 16:00:00+00:00,33009.21071412008,33996.87555100916,33827.66864061539,33950.98743839757,163.98624046830287
2024-04-06 17:00:00+00:00,33950.98743839757,32495.01079749991,32450.908188150952,32471.67973619591,123.1117561623168
2024-04-06 18:00:00+00:00,32471.67973619591,33314.898295852,33167.98318583779,33249.57155742762,102.05208986792522
2024-04-06 19:00:00+00:00,33249.57155742762,33913.84426189872,33696.321876810354,33798.361935612054,197.8115973336829
2024-04-06 20:00:00+00:00,33798.361935612054,33749.69294592654,33636.4266378737,33652.25396557237,70.867548537554
2024-04-06 21:00:00+00:00,33652.25396557237,34426.092040629715,34266.71176081269,34307.172162356044,192.26856285942085
2024-04-06 22:00:00+00:00,34307.172162356044,34401.082737176876,34233.00953750513,34275.07674785519,113.35710222078002
2024-04-06 23:00:00+00:00,34275.07674785519,35309.077924420904,35061.11879501314,35176.29195537405,122.07404355395968
2024-04-07 00:00:00+00:00,35176.29195537405,35915.311572473234,35819.13646932383,35837.72854354552,154.54868103025018
2024-04-07 01:00:00+00:00,35837.72854354552,36141.56954531491,36082.769057009726,36089.451039829444,170.03836586114278
2024-04-07 02:00:00+00:00,36089.451039829444,35813.88489315556,35621.22583245467,35746.06546766026,75.00567465543537
2024-04-07 03:00:00+00:00,35746.06546766026,35851.53027633004,35748.13370937447,35810.394325526235,116.8412621352669
2024-04-07 04:00:00+00:00,35810.394325526235,35403.06221849933,35212.51090958869,35326.38001791314,135.74121288761611
2024-04-07 05:00:00+00:00,35326.38001791314,34958.8077982401,34932.23308609571,34945.79492454911,186.8628809059961
2024-04-07 06:00:00+00:00,34945.79492454911,35122.27951909575,35037.32493479822,35060.487117313016,194.9818842869718
2024-04-07 07:00:00+00:00,35060.487117313016,35087.34238208128,34924.429581305914,35002.69924823505,130.2044083887423
2024-04-07 08:00:00+00:00,35002.69924823505,34690.62135676867,34624.336435297395,34644.858310303105,120.19920241795357
2024-04-07 09:00:00+00:00,34644.858310303105,35703.2831909686,35470.11740921212,35585.373137299306,94.48351972428826
2024-04-07 10:00:00+00:00,35585.373137299306,35424.094429945624,35203.12061079423,35285.86108459477,113.8170655170639
2024-04-07 11:00:00+00:00,35285.86108459477,35348.13436858534,35243.77482944258,35283.57831047199,62.5372258959001
2024-04-07 12:00:00+00:00,35283.57831047199,35385.61280951313,35264.00316602208,35296.27081840349,174.5455159156508
2024-04-07 13:00:00+00:00,35296.27081840349,34198.24341945469,34085.51170848342,34094.193035670934,107.49822177776169
2024-04-07 14:00:00+00:00,34094.193035670934,35671.35330176343,35451.59161759191,35565.95822461601,164.38578462664447
2024-04-07 15:00:00+00:00,35565.95822461601,35299.507860147714,35120.15957700787,35253.76587571993,193.2523893014775
2024-04-07 16:00:00+00:00,35253.76587571993,35747.677917103385,35640.38548602246,35686.98700419403,105.05512359715269
2024-04-07 17:00:00+00:00,35686.98700419403,34607.85656002476,34475.330559802205,34493.767228943754,70.71222832740142
2024-04-07 18:00:00+00:00,34493.767228943754,34446.6180582363,34340.107021151234,34415.052952216436,153.3366981983732
2024-04-07 19:00:00+00:00,34415.052952216436,33557.18486212356,33514.834972501885,33537.78741852088,82.525459099839
2024-04-07 20:00:00+00:00,33537.78741852088,33403.4550063529,33217.5116173804,33279.7817534255,93.58862343800533
2024-04-07 21:00:00+00:00,33279.7817534255,34075.733169518295,33927.03172875637,33974.08657641687,142.79676646504146
2024-04-07 22:00:00+00:00,33974.08657641687,34503.18503162778,34350.76600314355,34415.14416900051,157.39227776489304
2024-04-07 23:00:00+00:00,34415.14416900051,34906.65851114888,34654.1513015357,34772.124430657044,169.087640926404
2024-04-08 00:00:00+00:00,34772.124430657044,35074.73044049391,34977.19692503298,35065.85111622729,143.57803495272668
2024-04-08 01:00:00+00:00,35065.85111622729,34213.181832845214,34000.81628970835,34108.47064587387,78.24360203236662
2024-04-08 02:00:00+00:00,34108.47064587387,33513.81151624159,33399.23178416362,33505.63248669071,96.04863184865161
2024-04-08 03:00:00+00:00,33505.63248669071,33920.58309332554,33721.22570779169,33813.14397550104,118.70762385403269
2024-04-08 04:00:00+00:00,33813.14397550104,34588.560851976275,34513.31300065604,34570.54912622973,115.9491749922172
2024-04-08 05:00:00+00:00,34570.54912622973,34878.891698272746,34811.81065048611,34836.86404432768,129.07180979312508
2024-04-08 06:00:00+00:00,34836.86404432768,35206.360248893136,35057.54220291589,35169.5854107194,124.17467070394468
2024-04-08 07:00:00+00:00,35169.5854107194,35496.12223412561,35429.52773120139,35491.867327621185,159.2505977528619
2024-04-08 08:00:00+00:00,35491.867327621185,36036.037732420424,35826.30398913515,35905.12406442751,179.24731311606112
2024-04-08 09:00:00+00:00,35905.12406442751,36315.972005242584,36193.55368206044,36196.935433985265,171.5604560311113
2024-04-08 10:00:00+00:00,36196.935433985265,35713.294072863595,35450.772043790144,35576.64272109072,139.9986936996268
2024-04-08 11:00:00+00:00,35576.64272109072,36224.6212601211,36135.361523501604,36149.17749877785,118.56647877461143
2024-04-08 12:00:00+00:00,36149.17749877785,35746.01501548196,35593.110318302955,35645.587869926916,94.65635537124146
2024-04-08 13:00:00+00:00,35645.587869926916,34889.34701006631,34796.74411196432,34831.423505020386,147.1117673224236
2024-04-08 14:00:00+00:00,34831.423505020386,34965.382846396045,34896.84950015857,34917.23757416555,132.06158009142868
2024-04-08 15:00:00+00:00,34917.23757416555,34309.550330475024,34118.064548535476,34193.53915188001,174.26919267360117
2024-04-08 16:00:00+00:00,34193.53915188001,33622.37996329946,33510.05983724535,33620.317777018885,139.2544331867094
2024-04-08 17:00:00+00:00,33620.317777018885,33757.30583682249,33643.04536637059,33688.57828837389,109.2875293780053
2024-04-08 18:00:00+00:00,33688.57828837389,33323.52803002691,33178.50629391027,33261.47753783058,68.22801031980424
2024-04-08 19:00:00+00:00,33261.47753783058,32821.60518268047,32724.529255000147,32804.50515444976,93.3280415650003
2024-04-08 20:00:00+00:00,32804.50515444976,33070.67203344868,33039.2768927952,33057.89348013184,86.70075412612954
2024-04-08 21:00:00+00:00,33057.89348013184,33720.1635084907,33565.612323653986,33663.919452612136,170.7675712839012
2024-04-08 22:00:00+00:00,33663.919452612136,34206.90456721611,34069.85407311923,34073.63960774239,162.9830196904324
2024-04-08 23:00:00+00:00,34073.63960774239,34625.354313054624,34492.70006433628,34580.74309982678,186.63119830762238
2024-04-09 00:00:00+00:00,34580.74309982678,33830.52954781285,33648.393948748344,33783.28468303379,89.84337481101545
2024-04-09 01:00:00+00:00,33783.28468303379,34255.263673042326,34024.041327177176,34152.34192787928,142.43233808275846
2024-04-09 02:00:00+00:00,34152.34192787928,34172.99860790166,34058.0438407565,34158.882797703525,132.35260194197286
2024-04-09 03:00:00+00:00,34158.882797703525,33894.92976434647,33760.663564118746,33782.84593263933,52.16293159474451
2024-04-09 04:00:00+00:00,33782.84593263933,33691.878040483876,33586.61829280803,33633.59637129784,108.84120445789394
2024-04-09 05:00:00+00:00,33633.59637129784,33559.9379886122,33334.769914383156,33441.72841755069,143.4961332214853
2024-04-09 06:00:00+00:00,33441.72841755069,32946.882492937126,32808.22484642534,32898.2880769859,63.196282995615896
2024-04-09 07:00:00+00:00,32898.2880769859,31987.96795122535,31883.655803863287,31900.555818686727,156.59198457323654
2024-04-09 08:00:00+00:00,31900.555818686727,32109.132356361504,32027.712043438885,32103.022859477347,79.74496476364237
2024-04-09 09:00:00+00:00,32103.022859477347,32364.060749719163,32185.600358912194,32247.644002888755,181.95095503768144
2024-04-09 10:00:00+00:00,32247.644002888755,32971.53591088582,32835.317157144134,32954.2194168314,171.71599003471584
2024-04-09 11:00:00+00:00,32954.2194168314,33606.52760463978,33518.46330947258,33573.975019880825,69.37030409450452
2024-04-09 12:00:00+00:00,33573.975019880825,33748.19815602022,33557.51411385871,33686.93978186071,166.1974055959384
2024-04-09 13:00:00+00:00,33686.93978186071,34258.76657286026,34079.463920059556,34162.39495092184,199.69592819337035
2024-04-09 14:00:00+00:00,34162.39495092184,35130.02214208847,34910.77776472255,35027.93428736651,196.4808284612165
2024-04-09 15:00:00+00:00,35027.93428736651,34701.32851896006,34624.17269945699,34654.55681616901,71.28480645855254
2024-04-09 16:00:00+00:00,34654.55681616901,34644.323884986814,34456.381368940296,34523.15048351094,62.657858971304435
2024-04-09 17:00:00+00:00,34523.15048351094,34687.14671310241,34668.26524178864,34686.39087734389,54.6458428985579
2024-04-09 18:00:00+00:00,34686.39087734389,34059.785535570925,33887.51926447665,33954.29756255293,93.70458479187951
2024-04-09 19:00:00+00:00,33954.29756255293,33461.92702350334,33357.85321397987,33383.76999262693,113.08019393848122
2024-04-09 20:00:00+00:00,33383.76999262693,33878.142279700296,33738.679271391054,33752.34424127017,96.05756521119245
2024-04-09 21:00:00+00:00,33752.34424127017,33546.02132256359,33524.41236600961,33533.865087437494,158.47291412695418
2024-04-09 22:00:00+00:00,33533.865087437494,33914.375248021985,33750.4091913249,33791.42083933207,117.39066144108591
2024-04-09 23:00:00+00:00,33791.42083933207,33840.40668227745,33737.443564339424,33743.00662042383,93.15474386437083
2024-04-10 00:00:00+00:00,33743.00662042383,34530.120760392005,34377.027076651066,34429.67862433038,186.4265572664546
2024-04-10 01:00:00+00:00,34429.67862433038,34610.948865134545,34563.58935433563,34595.06777490043,79.53030601723042
2024-04-10 02:00:00+00:00,34595.06777490043,34743.17118081438,34658.44170080253,34682.74386899702,188.70467075092859
2024-04-10 03:00:00+00:00,34682.74386899702,34600.70300440724,34499.672453349594,34543.205437197605,75.60583072664988
2024-04-10 04:00:00+00:00,34543.205437197605,34045.396953850905,33975.43757489856,33995.26011129361,194.03627742037824
2024-04-10 05:00:00+00:00,33995.26011129361,33229.7966631249,33090.2126989219,33176.999346136145,158.92655281672114
2024-04-10 06:00:00+00:00,33176.999346136145,34735.648074634504,34570.82370205716,34637.409812678554,111.8414168772537
2024-04-10 07:00:00+00:00,34637.409812678554,34929.9761941644,34770.57169417754,34826.4327203865,55.38220061297299
2024-04-10 08:00:00+00:00,34826.4327203865,35548.56097640212,35414.68175085762,35419.221435658415,76.09157464381923
2024-04-10 09:00:00+00:00,35419.221435658415,34976.55027730357,34884.8338934648,34935.643606247955,56.01985887380274
2024-04-10 10:00:00+00:00,34935.643606247955,35219.121145854726,35182.29358257938,35213.50179910007,124.07116319741306
2024-04-10 11:00:00+00:00,35213.50179910007,35535.95361769748,35341.38246374109,35443.474491802066,90.88447960088646
2024-04-10 12:00:00+00:00,35443.474491802066,35062.867536952406,34833.65301176075,34970.79246794104,70.4925950874939
2024-04-10 13:00:00+00:00,34970.79246794104,36276.358302546956,36021.12292899149,36132.837547748764,83.64418588785722
2024-04-10 14:00:00+00:00,36132.837547748764,37151.05873311486,37007.679132641686,37020.80665560617,75.60370198921157
2024-04-10 15:00:00+00:00,37020.80665560617,36965.46991473666,36913.23806965636,36940.61407068723,56.53780865470179
2024-04-10 16:00:00+00:00,36940.61407068723,37687.90276783526,37528.59163515396,37622.104968770225,191.63424388543206
2024-04-10 17:00:00+00:00,37622.104968770225,38392.6385706776,38225.2949278118,38358.36153768678,78.9732721413439
2024-04-10 18:00:00+00:00,38358.36153768678,38867.27694016374,38725.82553824133,38738.32743654232,103.55790256611067
2024-04-10 19:00:00+00:00,38738.32743654232,39190.52099640512,39078.191308214584,39090.853285862395,162.26347263750878
2024-04-10 20:00:00+00:00,39090.853285862395,39246.25110688919,39152.67535687658,39197.87284578176,115.83132947016375
2024-04-10 21:00:00+00:00,39197.87284578176,39291.92404580783,39203.30511781002,39220.39432975762,51.51226961489111
2024-04-10 22:00:00+00:00,39220.39432975762,38494.155731244915,38207.242712219624,38345.874506447275,143.9614758213512
2024-04-10 23:00:00+00:00,38345.874506447275,38233.27978500373,38089.44781972005,38101.2394407674,152.2681973409022
2024-04-11 00:00:00+00:00,38101.2394407674,38470.44089869038,38303.25035678523,38401.696410681565,151.80233856353465
2024-04-11 01:00:00+00:00,38401.696410681565,38380.65278288407,38244.76733660339,38265.37086730363,115.11490672518116
2024-04-11 02:00:00+00:00,38265.37086730363,39023.85924256687,38810.009640734876,38963.98880724894,84.58589456485166
2024-04-11 03:00:00+00:00,38963.98880724894,39078.16911301582,39019.86247904578,39042.44256415974,96.40840362916717
2024-04-11 04:00:00+00:00,39042.44256415974,38670.32536694158,38429.670212161516,38539.763306246525,198.45826139118367
2024-04-11 05:00:00+00:00,38539.763306246525,37869.73647786203,37687.133376469494,37792.49658521186,176.48507806369062
2024-04-11 06:00:00+00:00,37792.49658521186,37329.12643590549,37202.52480087798,37252.18392178595,71.4101089356522
2024-04-11 07:00:00+00:00,37252.18392178595,37342.079068893494,37215.05511980135,37246.34215728621,63.18844791492076
2024-04-11 08:00:00+00:00,37246.34215728621,37191.144773472566,37057.84101718963,37134.28840364959,84.5415375158982
2024-04-11 09:00:00+00:00,37134.28840364959,35682.83640274297,35561.637456861165,35567.35594789307,196.83549606278214
2024-04-11 10:00:00+00:00,35567.35594789307,36015.34739371176,35809.34047904062,35891.808706821466,177.00011972096846
2024-04-11 11:00:00+00:00,35891.808706821466,36922.56421570293,36794.53374376803,36833.0049149317,170.10153504558448
2024-04-11 12:00:00+00:00,36833.0049149317,36556.49475712624,36434.02836221442,36440.893575798975,66.9697131872203
2024-04-11 13:00:00+00:00,36440.893575798975,36832.83018026228,36712.90303529698,36727.75834918588,120.36732010754724
2024-04-11 14:00:00+00:00,36727.75834918588,36403.954830930015,36195.29661868264,36291.510940498316,174.23073406986225
2024-04-11 15:00:00+00:00,36291.510940498316,37202.570081792415,36976.784150482505,37070.37566748388,97.78827013616478
2024-04-11 16:00:00+00:00,37070.37566748388,36703.41419955513,36497.29225546604,36614.87484860485,163.3886709200492
2024-04-11 17:00:00+00:00,36614.87484860485,36540.73639979407,36508.40405948066,36524.79055796922,64.28566815123384
2024-04-11 18:00:00+00:00,36524.79055796922,37502.826910928285,37366.5671291663,37390.692600266186,118.01406335437534
2024-04-11 19:00:00+00:00,37390.692600266186,38038.899085976176,37843.90977298205,37970.2146662953,86.64967266441985
2024-04-11 20:00:00+00:00,37970.2146662953,37846.74223055397,37661.778745710646,37794.2293666217,89.29985694760799
2024-04-11 21:00:00+00:00,37794.2293666217,38676.8242300615,38487.979014966695,38564.696975657345,67.64946587116839
2024-04-11 22:00:00+00:00,38564.696975657345,39098.85482784365,38956.43226191871,38977.38747892627,83.11827490543428
2024-04-11 23:00:00+00:00,38977.38747892627,39724.76374688483,39661.30512191852,39662.838094430976,58.005529904937795
2024-04-12 00:00:00+00:00,39662.838094430976,40675.635623484566,40548.63480001663,40666.226140446786,107.10101915640243
2024-04-12 01:00:00+00:00,40666.226140446786,41803.09898049032,41723.40646336301,41759.86113605915,62.73168557706356
2024-04-12 02:00:00+00:00,41759.86113605915,41301.43942431098,41074.68018570575,41187.14071598865,100.05289148699038
2024-04-12 03:00:00+00:00,41187.14071598865,40808.32678350616,40524.62316154754,40658.26354066422,157.87224294286406
2024-04-12 04:00:00+00:00,40658.26354066422,41067.486535636046,40972.59541146156,41020.508901667614,161.59707437165446
2024-04-12 05:00:00+00:00,41020.508901667614,40847.835967736355,40777.70459847806,40840.96478041818,132.26275193047036
2024-04-12 06:00:00+00:00,40840.96478041818,38982.107318145805,38767.95148504115,38849.858534520725,76.57503575081721
2024-04-12 07:00:00+00:00,38849.858534520725,39500.36833813947,39324.58850531074,39477.102568435505,96.78771589705424
2024-04-12 08:00:00+00:00,39477.102568435505,38767.33172047076,38664.835053270814,38701.71223405224,180.81364990909856
2024-04-12 09:00:00+00:00,38701.71223405224,38637.283045910255,38455.42045448895,38534.57545277242,133.44181732139432
2024-04-12 10:00:00+00:00,38534.57545277242,38203.34585317392,38127.09226436175,38130.92094600392,137.93470249459125
2024-04-12 11:00:00+00:00,38130.92094600392,38004.48139660164,37789.20109676324,37933.35366963841,67.92455569306328
2024-04-12 12:00:00+00:00,37933.35366963841,38472.66425956276,38229.14745428939,38329.84846493903,117.7759451351634
2024-04-12 13:00:00+00:00,38329.84846493903,37280.4218853606,37111.422868926405,37250.988660368566,129.54367870973653
2024-04-12 14:00:00+00:00,37250.988660368566,37156.915988448636,36980.50923423047,37078.81522294621,89.53508248220331
2024-04-12 15:00:00+00:00,37078.81522294621,36262.8694713665,36091.039283246806,36192.952306246574,140.67467449996826
2024-04-12 16:00:00+00:00,36192.952306246574,36042.613178202075,35880.37128618206,36013.99609874069,139.46492521220048
2024-04-12 17:00:00+00:00,36013.99609874069,36207.13108614237,36054.970351688025,36180.93811388348,157.97734040123743
2024-04-12 18:00:00+00:00,36180.93811388348,36836.05610170412,36725.14138209188,36761.38171690975,84.34354280787045
2024-04-12 19:00:00+00:00,36761.38171690975,36776.86773033921,36563.477478684305,36633.833482645045,158.0044847658321
2024-04-12 20:00:00+00:00,36633.833482645045,38252.88492985911,38010.09197253658,38132.890841256674,153.161594292995
2024-04-12 21:00:00+00:00,38132.890841256674,38754.046655439975,38607.48019167048,38720.76471161512,73.75963474866144
2024-04-12 22:00:00+00:00,38720.76471161512,39540.10883003611,39353.6040901703,39509.92544812746,124.55996508798744
2024-04-12 23:00:00+00:00,39509.92544812746,40149.15393965486,39899.92050363819,39995.93624239638,142.03460517901107
2024-04-13 00:00:00+00:00,39995.93624239638,39927.54074098571,39822.43537636821,39847.25609405261,127.51004734677565
2024-04-13 01:00:00+00:00,39847.25609405261,39610.44173891459,39521.66362078443,39560.19985874006,93.42636380598266
2024-04-13 02:00:00+00:00,39560.19985874006,39018.9526162324,38851.23674527577,39001.618125346606,182.6095093118391
2024-04-13 03:00:00+00:00,39001.618125346606,39062.80606738847,38970.994224092785,39037.118503848,161.2775146928251
2024-04-13 04:00:00+00:00,39037.118503848,37314.77581598516,37186.12260663259,37196.67718424548,195.20358650790064
2024-04-13 05:00:00+00:00,37196.67718424548,36965.201351523625,36811.36031137451,36922.95153617504,166.87555459432116
2024-04-13 06:00:00+00:00,36922.95153617504,36963.729637869306,36874.18938810307,36918.78562074662,171.17300252344864
2024-04-13 07:00:00+00:00,36918.78562074662,36154.468152830465,36000.46240640572,36117.463509730944,130.60243697625793
2024-04-13 08:00:00+00:00,36117.463509730944,35572.344666009536,35479.513099702155,35517.019798301604,194.66272656391126
2024-04-13 09:00:00+00:00,35517.019798301604,35775.14059724885,35655.70064217991,35761.75792833281,91.66092323007817
2024-04-13 10:00:00+00:00,35761.75792833281,36168.2774428932,36113.56239071272,36124.53628095743,98.98711020247431
2024-04-13 11:00:00+00:00,36124.53628095743,36464.2991368885,36295.8123860411,36319.30620723355,116.27314502753316
2024-04-13 12:00:00+00:00,36319.30620723355,35047.852190956546,34956.25494216387,35035.44126521563,139.06998632009146
2024-04-13 13:00:00+00:00,35035.44126521563,36245.18140374916,35979.11805275436,36106.756407107,172.25059213063236
2024-04-13 14:00:00+00:00,36106.756407107,36084.27267201286,35969.297436384244,35986.51195312429,62.1666927033262
2024-04-13 15:00:00+00:00,35986.51195312429,37865.14152714464,37754.70111035632,37778.274557918565,84.48509799959638
2024-04-13 16:00:00+00:00,37778.274557918565,37852.98166277114,37624.00589849714,37766.78832055852,124.19411212847297
2024-04-13 17:00:00+00:00,37766.78832055852,38130.5736024935,38075.22178170369,38108.68009945401,137.43506318556203
2024-04-13 18:00:00+00:00,38108.68009945401,37999.16907138895,37729.03298143429,37851.11696162794,168.5423643940078
2024-04-13 19:00:00+00:00,37851.11696162794,38257.95110919105,38201.883994499694,38252.95330859587,129.98302207964898
2024-04-13 20:00:00+00:00,38252.95330859587,39343.16958571288,39264.183679914146,39334.42664665894,82.35977241707491
2024-04-13 21:00:00+00:00,39334.42664665894,39701.49621754041,39522.13565187188,39658.35619829837,61.55764137085328
2024-04-13 22:00:00+00:00,39658.35619829837,40405.07664823252,40218.13595015641,40322.36287101679,134.3849319106717
2024-04-13 23:00:00+00:00,40322.36287101679,40802.65202578332,40726.93329519312,40772.42681043197,82.1568958292613
2024-04-14 00:00:00+00:00,40772.42681043197,39803.54683918481,39682.95529547855,39720.484260298246,74.03592495301763
2024-04-14 01:00:00+00:00,39720.484260298246,40299.83655727907,40036.63560276161,40142.31270128406,103.10042532548165
2024-04-14 02:00:00+00:00,40142.31270128406,39826.22573731478,39717.27314358468,39719.59834122124,70.10517405087369
2024-04-14 03:00:00+00:00,39719.59834122124,40188.922911690934,39957.979082284146,40052.546075324775,128.87469702287262
2024-04-14 04:00:00+00:00,40052.546075324775,39479.705376402475,39407.25101703026,39442.05283825086,71.90500418618794
2024-04-14 05:00:00+00:00,39442.05283825086,40384.8630144943,40206.605459827966,40315.43233825135,79.1468021156424
2024-04-14 06:00:00+00:00,40315.43233825135,40115.86885562263,39846.35587927347,39978.41292688678,140.61657342522432
2024-04-14 07:00:00+00:00,39978.41292688678,41377.55650945457,41340.845328755626,41361.270948451056,182.27105319492222
2024-04-14 08:00:00+00:00,41361.270948451056,41281.11907781423,41023.29826963282,41146.32932402613,173.5404044561688
2024-04-14 09:00:00+00:00,41146.32932402613,41840.04571103833,41700.15411443207,41741.38605467635,63.45378442797636
2024-04-14 10:00:00+00:00,41741.38605467635,40916.56851578711,40858.41303032716,40893.43110162351,108.32948355800129
2024-04-14 11:00:00+00:00,40893.43110162351,41173.32342756743,40975.25284224622,41033.067680564105,133.8534947201535
2024-04-14 12:00:00+00:00,41033.067680564105,40607.1841809033,40456.49846218708,40566.75331601846,97.58396414480615
2024-04-14 13:00:00+00:00,40566.75331601846,41090.873117405514,40883.16311814347,40971.292041646506,52.69942905673155
2024-04-14 14:00:00+00:00,40971.292041646506,42101.94563907383,41856.56323426232,41962.39886614909,72.49223524096976
2024-04-14 15:00:00+00:00,41962.39886614909,42795.688400362866,42653.63916158102,42744.03943652066,190.29531052074458
2024-04-14 16:00:00+00:00,42744.03943652066,42498.53436837519,42289.997881181276,42346.42212077384,176.2584592802538
2024-04-14 17:00:00+00:00,42346.42212077384,41724.36860840483,41535.18656378725,41566.924379819604,134.44020287873968
2024-04-14 18:00:00+00:00,41566.924379819604,41398.121482242816,41323.109268165514,41344.54580114205,60.213619740979226
2024-04-14 19:00:00+00:00,41344.54580114205,40728.82163878643,40555.220529653234,40668.37752567749,136.5174164779665
2024-04-14 20:00:00+00:00,40668.37752567749,41463.779215046954,41284.00202293628,41366.67814143634,96.62498362850269
2024-04-14 21:00:00+00:00,41366.67814143634,41744.6474628946,41519.11100018575,41612.29342959419,157.39785041678155
2024-04-14 22:00:00+00:00,41612.29342959419,42068.87802927585,41879.592029142485,42022.74752179098,88.82826811212502
2024-04-14 23:00:00+00:00,42022.74752179098,41129.4054675685,41063.490281048056,41077.10800181975,73.94977511434739
2024-04-15 00:00:00+00:00,41077.10800181975,40473.1801219988,40436.28257532393,40456.67842739462,155.01238792129158
2024-04-15 01:00:00+00:00,40456.67842739462,39864.668830829774,39731.958717334506,39850.78666128781,182.82451266616968
2024-04-15 02:00:00+00:00,39850.78666128781,40089.509349646905,40011.766304636076,40072.831560675324,90.36253167882481
2024-04-15 03:00:00+00:00,40072.831560675324,40328.3221570879,40249.67029400474,40318.37213901296,140.62268587823377
2024-04-15 04:00:00+00:00,40318.37213901296,39083.82678200893,38804.413263669616,38930.86357232512,171.83628200357884
2024-04-15 05:00:00+00:00,38930.86357232512,39874.24447377064,39588.88795678414,39743.014546776176,157.12797689713597
2024-04-15 06:00:00+00:00,39743.014546776176,41174.90242026977,40974.982054477085,41015.001398543835,166.23303554204233
2024-04-15 07:00:00+00:00,41015.001398543835,39977.86849468653,39832.15849173846,39861.91434378125,139.809562425784
2024-04-15 08:00:00+00:00,39861.91434378125,39396.716597857514,39278.25662095778,39314.35158841611,120.9580924166815
2024-04-15 09:00:00+00:00,39314.35158841611,39933.82884226088,39662.11419255951,39805.61271386986,155.8049340226773
2024-04-15 10:00:00+00:00,39805.61271386986,39369.328061839646,39254.501878323616,39332.43432375785,56.25408836831552
2024-04-15 11:00:00+00:00,39332.43432375785,39136.933132768674,39083.788484261975,39114.901207983086,153.76206288015004
2024-04-15 12:00:00+00:00,39114.901207983086,39112.45797502264,38901.96925111793,38999.16036859743,96.6962345460584
2024-04-15 13:00:00+00:00,38999.16036859743,38011.887699992876,37759.88755873628,37891.02425523437,170.2395987190376
2024-04-15 14:00:00+00:00,37891.02425523437,37608.94468574862,37456.45096429163,37560.03741818839,128.50321451398978
2024-04-15 15:00:00+00:00,37560.03741818839,36926.74635568241,36757.448537323064,36835.71977299824,86.42156135049049
2024-04-15 16:00:00+00:00,36835.71977299824,36646.78960921978,36585.38470402473,36625.29092385076,51.825908921130306
2024-04-15 17:00:00+00:00,36625.29092385076,36748.64962370954,36556.72269425274,36640.22025747645,50.209312138877365
2024-04-15 18:00:00+00:00,36640.22025747645,36896.69392001323,36693.027075244594,36808.499524810475,123.99746708483958
2024-04-15 19:00:00+00:00,36808.499524810475,37002.95055458064,36766.860837191285,36868.46108360666,183.0797291156847
2024-04-15 20:00:00+00:00,36868.46108360666,36468.10742783636,36321.61836466394,36444.327294445255,173.02439768414683
2024-04-15 21:00:00+00:00,36444.327294445255,36711.93679654322,36515.62259380497,36576.29397232941,161.29483417562747
2024-04-15 22:00:00+00:00,36576.29397232941,37878.19293053239,37793.90592896458,37794.69684344274,86.83689042475747
2024-04-15 23:00:00+00:00,37794.69684344274,37422.95275228951,37259.05548585342,37285.25397414146,173.43892552957755
2024-04-16 00:00:00+00:00,37285.25397414146,35524.80875374986,35434.76228422093,35461.27268565422,110.61988774949177
2024-04-16 01:00:00+00:00,35461.27268565422,34934.86838215999,34782.28924153888,34856.45282730264,95.42359516311501
2024-04-16 02:00:00+00:00,34856.45282730264,34307.55569327884,34122.06599926071,34185.65933826463,134.22104957866082
2024-04-16 03:00:00+00:00,34185.65933826463,33235.49160124857,33205.45347919473,33233.68007803664,66.9176562018942
2024-04-16 04:00:00+00:00,33233.68007803664,33060.39754160638,32895.194190224734,32933.95209542865,150.26803044805564
2024-04-16 05:00:00+00:00,32933.95209542865,32587.925739853104,32415.456371949156,32484.192573946482,130.2691011829236
2024-04-16 06:00:00+00:00,32484.192573946482,32577.890096875068,32332.09178956147,32450.944276736493,110.04362734116172
2024-04-16 07:00:00+00:00,32450.944276736493,32739.565187914195,32655.34179291446,32709.429229768764,176.35141558828522
2024-04-16 08:00:00+00:00,32709.429229768764,34035.470503393415,33937.012898715984,34014.55788133417,130.57555304013837
2024-04-16 09:00:00+00:00,34014.55788133417,34439.34418517812,34253.65354469754,34374.76750055681,74.52735927967947
2024-04-16 10:00:00+00:00,34374.76750055681,34417.5117914829,34304.05019078954,34340.325095356864,90.65962344750241
2024-04-16 11:00:00+00:00,34340.325095356864,33327.426461160576,33233.080480795674,33256.9670540657,184.2610630050032
2024-04-16 12:00:00+00:00,33256.9670540657,32538.474967962156,32399.1297382475,32455.898199620184,115.45462474531485
2024-04-16 13:00:00+00:00,32455.898199620184,31870.364085737503,31730.710874117976,31839.377036816444,61.97309751533239
2024-04-16 14:00:00+00:00,31839.377036816444,31752.955233765533,31624.721046694685,31669.95973744861,189.78027150451126
2024-04-16 15:00:00+00:00,31669.95973744861,30708.971210839696,30601.81298822126,30678.4238913806,137.3793161344206
2024-04-16 16:00:00+00:00,30678.4238913806,30814.27481078781,30702.252003197755,30771.61812349902,102.06720549645479
2024-04-16 17:00:00+00:00,30771.61812349902,31544.06027859472,31418.433252018047,31447.663726036637,178.0335275949385
2024-04-16 18:00:00+00:00,31447.663726036637,31723.733567899548,31629.24333397455,31710.4373513981,149.95453044210964
2024-04-16 19:00:00+00:00,31710.4373513981,32414.687455387026,32333.7836512237,32404.822452367505,118.44610978379112
2024-04-16 20:00:00+00:00,32404.822452367505,32362.603240908116,32241.817177565958,32272.292804945773,58.165345796250065
2024-04-16 21:00:00+00:00,32272.292804945773,32554.606595924513,32474.20786907767,32547.55489160154,114.37417364708838
2024-04-16 22:00:00+00:00,32547.55489160154,32605.721863374078,32479.638989205007,32599.842810526337,173.12338112276376
2024-04-16 23:00:00+00:00,32599.842810526337,33080.15270608596,32886.324775885594,32968.20618481468,134.28744478717425
2024-04-17 00:00:00+00:00,32968.20618481468,33599.99940718227,33471.16708164255,33472.733045628316,199.5799000387995
2024-04-17 01:00:00+00:00,33472.733045628316,32901.49048239162,32715.887666473747,32845.8116913093,146.79860501008758
2024-04-17 02:00:00+00:00,32845.8116913093,32118.44191144764,32048.27671885922,32091.14999882836,158.11283731343883
2024-04-17 03:00:00+00:00,32091.14999882836,31563.230871119245,31497.64159882728,31559.615340041597,156.35607534551508
2024-04-17 04:00:00+00:00,31559.615340041597,32211.296886044205,32094.209998380178,32095.7798276719,82.66265727389849
2024-04-17 05:00:00+00:00,32095.7798276719,32426.398463890186,32292.505899126412,32374.857074345826,139.34704958205725
2024-04-17 06:00:00+00:00,32374.857074345826,33018.46034744467,32889.792756796895,32918.51549030056,118.96740701688174
2024-04-17 07:00:00+00:00,32918.51549030056,32583.65689707751,32421.556537291937,32466.44782763965,143.98793529431623
2024-04-17 08:00:00+00:00,32466.44782763965,32635.13812765763,32430.562143007555,32525.94462320765,50.55336569567201
2024-04-17 09:00:00+00:00,32525.94462320765,32870.686056602426,32760.908995047164,32798.167736730014,147.82666620897925
2024-04-17 10:00:00+00:00,32798.167736730014,31840.445182261643,31755.23464992081,31822.82101149704,58.66447834507197
2024-04-17 11:00:00+00:00,31822.82101149704,31705.28810392993,31530.06671982037,31626.544687580834,169.44271208293168
2024-04-17 12:00:00+00:00,31626.544687580834,31922.96520756546,31690.047156424018,31805.25372669708,50.70335628471874
2024-04-17 13:00:00+00:00,31805.25372669708,32060.26715235343,31880.79515428883,31938.447008298837,80.39630428693113
2024-04-17 14:00:00+00:00,31938.447008298837,31607.81096486431,31547.0613209032,31562.611777012266,91.51878001722318
2024-04-17 15:00:00+00:00,31562.611777012266,31478.216067914178,31408.161553791746,31472.694983121502,119.65513293559471
2024-04-17 16:00:00+00:00,31472.694983121502,31967.414643157474,31717.908879265502,31843.59657486349,87.51807636530253
2024-04-17 17:00:00+00:00,31843.59657486349,32205.808546942262,32114.39288812539,32126.243908740416,169.32325035292382
2024-04-17 18:00:00+00:00,32126.243908740416,32575.06206652378,32522.830974889228,32524.11398144775,81.29250379708694
2024-04-17 19:00:00+00:00,32524.11398144775,32869.70314765606,32722.694129733703,32751.99095248781,180.9180802867305
2024-04-17 20:00:00+00:00,32751.99095248781,32799.34244909933,32661.762684982416,32718.098807398637,169.34145659419008
2024-04-17 21:00:00+00:00,32718.098807398637,33037.914372075495,32914.29477563201,33008.83513307017,78.45961184710707
2024-04-17 22:00:00+00:00,33008.83513307017,33040.22638916675,32891.29731978858,32923.76965439599,119.52371833040797
2024-04-17 23:00:00+00:00,32923.76965439599,32064.05299143417,31931.818549382075,32020.260802865243,101.95271249025026
2024-04-18 00:00:00+00:00,32020.260802865243,32287.779247987582,32092.285856202358,32172.922847045116,79.28818024156311
2024-04-18 01:00:00+00:00,32172.922847045116,31477.806805144093,31434.499383350594,31463.826312294594,196.21971424459164
2024-04-18 02:00:00+00:00,31463.826312294594,31011.041834574477,30848.56877707759,30892.405902846414,184.85886190741957
2024-04-18 03:00:00+00:00,30892.405902846414,30774.40041187076,30553.79467867567,30654.52541637454,56.627670286410456
2024-04-18 04:00:00+00:00,30654.52541637454,31129.688456145952,30980.768972781185,31056.024964799264,79.44722847009865
2024-04-18 05:00:00+00:00,31056.024964799264,31074.39370786102,30950.52175765777,30981.756738870732,194.1903664083744
2024-04-18 06:00:00+00:00,30981.756738870732,32237.52110357656,31998.994196655123,32111.143164937785,77.07922114204528
2024-04-18 07:00:00+00:00,32111.143164937785,32531.86256384588,32504.779766029405,32525.70244050128,134.68461610466034
2024-04-18 08:00:00+00:00,32525.70244050128,32599.887752007577,32549.024863427927,32597.999845606355,122.51357432915329
2024-04-18 09:00:00+00:00,32597.999845606355,31630.844033837115,31561.580524939804,31593.24233481454,146.99027852145258
2024-04-18 10:00:00+00:00,31593.24233481454,32018.38348903091,31894.13409125988,32017.283269310352,57.54417045725431
2024-04-18 11:00:00+00:00,32017.283269310352,32430.170350802,32214.314092828157,32313.492569818107,170.93612979367748
2024-04-18 12:00:00+00:00,32313.492569818107,32625.42190196784,32465.44093923312,32584.906083874685,87.22901778715874
2024-04-18 13:00:00+00:00,32584.906083874685,32765.83588769216,32568.376506847726,32681.549560061776,126.05326560987884
2024-04-18 14:00:00+00:00,32681.549560061776,32555.124667838696,32527.639485982207,32538.721444650906,185.43450748465273
2024-04-18 15:00:00+00:00,32538.721444650906,32857.52858197409,32716.535074811094,32810.931200249564,130.66560915276364
2024-04-18 16:00:00+00:00,32810.931200249564,32374.26373138448,32349.445866112314,32359.162917335867,178.15799389617018
2024-04-18 17:00:00+00:00,32359.162917335867,31804.0285771017,31680.286994391114,31766.0084106794,175.2350663834667
2024-04-18 18:00:00+00:00,31766.0084106794,32464.148272553935,32296.368196768864,32338.700202317283,174.20096718018317
2024-04-18 19:00:00+00:00,32338.700202317283,32143.114645096266,32015.293329542546,32053.433813729745,75.18971545154425
2024-04-18 20:00:00+00:00,32053.433813729745,31901.32533017686,31788.09534647384,31805.729826684306,70.34793471799992
2024-04-18 21:00:00+00:00,31805.729826684306,32043.878638130194,31984.814100939,32013.00151154815,153.06164037057812
2024-04-18 22:00:00+00:00,32013.00151154815,33037.05878001411,32898.69569991316,32947.992359168704,82.02992409564311
2024-04-18 23:00:00+00:00,32947.992359168704,34032.55632078457,33931.68243573223,33983.6713089329,166.31738259520506
2024-04-19 00:00:00+00:00,33983.6713089329,34539.428611380536,34420.81449633288,34475.53278823523,127.68631660810286
2024-04-19 01:00:00+00:00,34475.53278823523,33608.85836758972,33465.996970692395,33504.967509094444,72.16912104722613
2024-04-19 02:00:00+00:00,33504.967509094444,34286.899181303765,34185.58746801804,34240.80153552814,96.50222784886526
2024-04-19 03:00:00+00:00,34240.80153552814,35269.16224802583,35182.7365115121,35205.13069706407,184.266455481166
2024-04-19 04:00:00+00:00,35205.13069706407,35422.33195020701,35287.351055402505,35290.51730289806,88.40465303158504
2024-04-19 05:00:00+00:00,35290.51730289806,35862.58407488083,35690.822957891665,35734.94439479336,80.60174435779237
2024-04-19 06:00:00+00:00,35734.94439479336,35286.95834221676,35112.704534419034,35169.978639664405,71.80854565997289
2024-04-19 07:00:00+00:00,35169.978639664405,34810.97540029773,34701.208046840504,34807.34489877927,128.32062992913015
2024-04-19 08:00:00+00:00,34807.34489877927,34815.75545737231,34683.32493191871,34768.76772555498,172.52637392965624
2024-04-19 09:00:00+00:00,34768.76772555498,34887.352482714094,34636.95432655259,34771.401623121565,183.19554882835925
2024-04-19 10:00:00+00:00,34771.401623121565,34872.08476331645,34729.461623632,34750.59116538263,162.53248327585385
2024-04-19 11:00:00+00:00,34750.59116538263,35003.23476795721,34946.73916133486,34979.315372508725,173.71094984630457
2024-04-19 12:00:00+00:00,34979.315372508725,35026.101884828015,34846.22282289972,34908.4927680163,199.2349132952168
2024-04-19 13:00:00+00:00,34908.4927680163,35759.286002860754,35636.789539499085,35706.535876464965,83.24668499991256
2024-04-19 14:00:00+00:00,35706.535876464965,34824.797547095455,34706.8323800514,34800.95904792155,172.30638719170855
2024-04-19 15:00:00+00:00,34800.95904792155,35672.46944244896,35495.39721273851,35578.69373190936,138.56584465383398
2024-04-19 16:00:00+00:00,35578.69373190936,36233.34751082967,36145.51332777144,36217.782498905,195.55104275325925
2024-04-19 17:00:00+00:00,36217.782498905,36292.299601229715,36239.66546277317,36244.64624490031,82.69594939890392
2024-04-19 18:00:00+00:00,36244.64624490031,36125.60762236468,36060.21877099605,36111.322679139674,99.91622920071745
2024-04-19 19:00:00+00:00,36111.322679139674,36641.027898500266,36470.84472503792,36538.0908714669,107.1285056802569
2024-04-19 20:00:00+00:00,36538.0908714669,36283.50297715981,36221.179531052054,36276.47094000949,54.39879281649539
2024-04-19 21:00:00+00:00,36276.47094000949,36773.64061171652,36542.73535629849,36656.654573265994,68.09249973587495
2024-04-19 22:00:00+00:00,36656.654573265994,36917.54260597414,36691.32805768885,36806.38069209652,106.08810625509702
2024-04-19 23:00:00+00:00,36806.38069209652,36416.45951232827,36280.91055930207,36325.63054379072,159.94907668912555
2024-04-20 00:00:00+00:00,36325.63054379072,37263.550592243184,37131.51605338869,37232.878017007126,119.35339854243685
2024-04-20 01:00:00+00:00,37232.878017007126,37823.476615615575,37611.33308153179,37745.962805079515,77.41410015131115
2024-04-20 02:00:00+00:00,37745.962805079515,38032.96338667912,37853.21043216601,37947.531353214625,93.08330067825082
2024-04-20 03:00:00+00:00,37947.531353214625,39091.062679035065,38919.83242928393,39071.66182850467,135.3980022534929
2024-04-20 04:00:00+00:00,39071.66182850467,40132.25661297283,39980.319507210595,40009.9370439103,135.14846498825284
2024-04-20 05:00:00+00:00,40009.9370439103,40063.8567655764,39873.86757936278,39916.67733559728,53.35825035249931
2024-04-20 06:00:00+00:00,39916.67733559728,40041.69899422797,39938.568537671956,40041.59136730039,83.1904583366956
2024-04-20 07:00:00+00:00,40041.59136730039,40221.77636911638,40128.198999552966,40205.27085694639,67.97437237879137
2024-04-20 08:00:00+00:00,40205.27085694639,40702.92431071805,40491.124429035364,40603.013830432756,81.47834229890258
2024-04-20 09:00:00+00:00,40603.013830432756,41265.57331578536,41104.688549329774,41214.059501805554,104.71237420308137
2024-04-20 10:00:00+00:00,41214.059501805554,41647.98648924041,41401.6698457196,41501.677864867495,64.84246332802729
2024-04-20 11:00:00+00:00,41501.677864867495,41749.88917749169,41507.31582286744,41636.11521692568,76.39660378338773
2024-04-20 12:00:00+00:00,41636.11521692568,40913.889541095436,40662.52371186015,40776.10827198519,120.00529382180486
2024-04-20 13:00:00+00:00,40776.10827198519,40760.97314606207,40554.87308157266,40608.12111963362,166.3472765998515
2024-04-20 14:00:00+00:00,40608.12111963362,40398.89268525902,40231.25680427725,40373.359750031785,140.84966983229393
2024-04-20 15:00:00+00:00,40373.359750031785,40320.24579011141,40249.383020872374,40300.195983834616,192.31023454613174
2024-04-20 16:00:00+00:00,40300.195983834616,39905.98612431708,39822.602661507124,39868.16039665338,195.77527182630226
2024-04-20 17:00:00+00:00,39868.16039665338,39741.44307063041,39554.790603980466,39648.75914491067,186.3596096107679
2024-04-20 18:00:00+00:00,39648.75914491067,39081.816554017474,38959.96076245932,38979.79438005615,140.35646950196042
2024-04-20 19:00:00+00:00,38979.79438005615,39153.60687884845,38891.09715697053,39020.04299699735,174.96531165474607
2024-04-20 20:00:00+00:00,39020.04299699735,38381.96101254123,38211.89278544006,38302.273141813625,139.09630838282928
2024-04-20 21:00:00+00:00,38302.273141813625,39419.231380667545,39280.164063231525,39328.66432783595,164.74381551838425
2024-04-20 22:00:00+00:00,39328.66432783595,39176.17487705518,38999.263114155685,39114.858666214146,135.2433342844107
2024-04-20 23:00:00+00:00,39114.858666214146,40066.598239452,39909.796276493435,40033.49887884526,56.12710413094419
2024-04-21 00:00:00+00:00,40033.49887884526,40083.623177851674,39902.38119739353,39987.070585273854,82.17502032207642
2024-04-21 01:00:00+00:00,39987.070585273854,40087.926118134885,39967.07242047927,40074.63319923842,130.331122253273
2024-04-21 02:00:00+00:00,40074.63319923842,41142.31028392252,41033.088289751315,41061.20903021555,66.67293573296355
2024-04-21 03:00:00+00:00,41061.20903021555,41033.399892111694,40868.29568036614,40973.19957947604,60.18822532623045
2024-04-21 04:00:00+00:00,40973.19957947604,42230.70763945071,42099.10862930457,42219.83408215237,192.2005097156238
2024-04-21 05:00:00+00:00,42219.83408215237,41758.016562725374,41708.616955815174,41756.82216442884,76.73043190897359
2024-04-21 06:00:00+00:00,41756.82216442884,42189.39057884966,41978.2417711125,42112.35987388964,134.7269955376125
2024-04-21 07:00:00+00:00,42112.35987388964,42673.761017398145,42419.956755739426,42571.15686157383,80.93641038189043
2024-04-21 08:00:00+00:00,42571.15686157383,42697.24881973781,42523.630551817165,42681.03657818132,147.57171652587232
2024-04-21 09:00:00+00:00,42681.03657818132,42439.96097353789,42180.52192460384,42328.84583780245,134.2926019113603
2024-04-21 10:00:00+00:00,42328.84583780245,43460.77634793782,43269.091379010955,43348.278516699604,173.23152298694345
2024-04-21 11:00:00+00:00,43348.278516699604,43234.66956577239,43054.29195221689,43126.019855211816,163.1888550631898
2024-04-21 12:00:00+00:00,43126.019855211816,43262.53669855068,43139.02100017431,43210.125438822186,59.59330883304805
2024-04-21 13:00:00+00:00,43210.125438822186,42321.9560876681,42129.90159159354,42262.44651680075,174.40976514908166
2024-04-21 14:00:00+00:00,42262.44651680075,42289.18619052986,42153.25451054422,42258.2227282414,66.61163902332267
2024-04-21 15:00:00+00:00,42258.2227282414,41165.89768933832,41135.33478517475,41158.13156436279,71.1732316848415
2024-04-21 16:00:00+00:00,41158.13156436279,42006.31230625661,41874.83703369225,41980.52543316576,118.76370750778624
2024-04-21 17:00:00+00:00,41980.52543316576,42559.99572279059,42236.047013269,42398.67251562549,145.77741430024787
2024-04-21 18:00:00+00:00,42398.67251562549,43428.33066369304,43259.582830951986,43408.67668155584,157.3452754122332
2024-04-21 19:00:00+00:00,43408.67668155584,43507.688747612745,43341.58560458188,43397.63952565611,130.511795809359
2024-04-21 20:00:00+00:00,43397.63952565611,44197.38959187128,44170.6652444348,44187.64475243099,126.89907439038551
2024-04-21 21:00:00+00:00,44187.64475243099,45402.62956287049,45236.41341847841,45274.111269382964,129.9247171795852
2024-04-21 22:00:00+00:00,45274.111269382964,44620.46403704692,44518.645972750695,44604.88405633716,194.69727056079535
2024-04-21 23:00:00+00:00,44604.88405633716,44241.012974093515,44157.65782105641,44239.33611962942,83.10239963028619
2024-04-22 00:00:00+00:00,44239.33611962942,43770.93445841771,43571.260985215646,43692.0644142779,158.52143674794837
2024-04-22 01:00:00+00:00,43692.0644142779,44359.61774450434,44191.22838349518,44295.40623388963,103.66948286575337
2024-04-22 02:00:00+00:00,44295.40623388963,45231.45911593397,45094.62533574482,45095.56718144951,128.92594570278044
2024-04-22 03:00:00+00:00,45095.56718144951,45684.82158019233,45383.511550751085,45536.18525790222,95.02542722413932
2024-04-22 04:00:00+00:00,45536.18525790222,44973.23299517096,44794.40477582023,44803.94236965166,85.4013437565653
2024-04-22 05:00:00+00:00,44803.94236965166,44887.9091134075,44719.79916297162,44776.96324177787,51.39610229875409
2024-04-22 06:00:00+00:00,44776.96324177787,44771.2510878024,44492.03721155313,44638.326019312815,80.55166311386924
2024-04-22 07:00:00+00:00,44638.326019312815,43950.23834787982,43812.309798441485,43848.07227919322,193.4840919972869
2024-04-22 08:00:00+00:00,43848.07227919322,44784.70058530919,44634.06196668347,44689.981820500296,89.54295605728305
2024-04-22 09:00:00+00:00,44689.981820500296,46311.88681288238,46204.24590187768,46232.038561735615,132.2021327587181
2024-04-22 10:00:00+00:00,46232.038561735615,47628.60573916389,47362.46023091627,47546.11211961119,180.2472616457813
2024-04-22 11:00:00+00:00,47546.11211961119,47234.201735997456,46977.44476145766,47116.64193415385,158.9819077185258
2024-04-22 12:00:00+00:00,47116.64193415385,48172.736086472294,47989.43868465968,48073.06828961316,171.49712693163616
2024-04-22 13:00:00+00:00,48073.06828961316,46807.35829925664,46574.98068134417,46677.79216771739,78.96549177678328
2024-04-22 14:00:00+00:00,46677.79216771739,45934.31680085347,45797.52328884181,45799.51983178917,139.28098484631573
2024-04-22 15:00:00+00:00,45799.51983178917,46303.821739502,46176.087884803805,46227.32272434311,94.41475324362852
2024-04-22 16:00:00+00:00,46227.32272434311,45768.73803025165,45595.685488743635,45666.260782307385,110.11652750627906
2024-04-22 17:00:00+00:00,45666.260782307385,45481.47130990018,45404.09980823154,45464.72644575473,146.0967360686518
2024-04-22 18:00:00+00:00,45464.72644575473,46782.83661406278,46631.49182371826,46761.81204908216,125.84956141754522
2024-04-22 19:00:00+00:00,46761.81204908216,46668.49504824187,46461.779366492694,46640.837649605826,61.416112878288466
2024-04-22 20:00:00+00:00,46640.837649605826,47141.65498307423,47008.6558444473,47133.33900404082,56.17512247327174
2024-04-22 21:00:00+00:00,47133.33900404082,47049.2753796442,47026.54811187867,47029.65668156524,178.71671888039663
2024-04-22 22:00:00+00:00,47029.65668156524,47645.85719917351,47434.9503740247,47539.94136647907,172.65603330598307
2024-04-22 23:00:00+00:00,47539.94136647907,48359.61932465426,48109.25493452383,48264.8793136983,90.92003946137717
2024-04-23 00:00:00+00:00,48264.8793136983,48225.68022653925,48027.454818162034,48118.0800699274,150.4390886877446
2024-04-23 01:00:00+00:00,48118.0800699274,47616.13302079695,47419.706462144204,47504.715290365966,159.5701222896887
2024-04-23 02:00:00+00:00,47504.715290365966,48084.2108534091,47897.49965830301,48006.97666748413,112.5565216351845
2024-04-23 03:00:00+00:00,48006.97666748413,47184.87432359422,47129.88922747628,47131.789929617706,111.32852311361003
2024-04-23 04:00:00+00:00,47131.789929617706,47983.2934919288,47880.70389633208,47928.342896597016,121.58894571204524
2024-04-23 05:00:00+00:00,47928.342896597016,48233.18392732511,48037.23501405052,48185.23182502683,96.46041955987266
2024-04-23 06:00:00+00:00,48185.23182502683,48859.49892107794,48667.32416128274,48752.1772190557,175.4781781623961
2024-04-23 07:00:00+00:00,48752.1772190557,47635.7283868176,47413.55358262486,47570.40510986505,57.043139371260224
2024-04-23 08:00:00+00:00,47570.40510986505,48755.63206929889,48557.677773220385,48738.72779522955,105.54736057806045
2024-04-23 09:00:00+00:00,48738.72779522955,48467.19060550318,48312.24626272769,48417.33840464822,124.09870421781905
2024-04-23 10:00:00+00:00,48417.33840464822,48215.496159242335,47941.33572597559,48119.81858607936,100.93330211855891
2024-04-23 11:00:00+00:00,48119.81858607936,46862.41511602905,46775.52768975859,46786.67841655369,167.56895488676219
2024-04-23 12:00:00+00:00,46786.67841655369,46600.82414945747,46307.1698158491,46482.35932964465,87.44798945305682
2024-04-23 13:00:00+00:00,46482.35932964465,45877.705662301116,45625.91254677841,45751.040874390186,53.99456153110933
2024-04-23 14:00:00+00:00,45751.040874390186,46662.62380122915,46482.92407268994,46510.09244652384,104.61187057505717
2024-04-23 15:00:00+00:00,46510.09244652384,46332.40772867659,46247.27247937829,46284.35361734044,105.31412980255605
2024-04-23 16:00:00+00:00,46284.35361734044,45892.82770200003,45780.22039239401,45794.6955157685,61.34565245846617
2024-04-23 17:00:00+00:00,45794.6955157685,46806.55050894247,46510.55207708977,46684.53071065728,141.51727691653744
2024-04-23 18:00:00+00:00,46684.53071065728,45648.07041740401,45512.46733380122,45640.25667119744,69.63997370234345
2024-04-23 19:00:00+00:00,45640.25667119744,44868.98932633158,44670.13756719897,44792.88662392662,90.05080075998472
2024-04-23 20:00:00+00:00,44792.88662392662,44314.02795872853,44219.78658163259,44308.125626507055,108.98278587074745
2024-04-23 21:00:00+00:00,44308.125626507055,45149.663395261414,44972.58276853961,45113.60501231833,137.3001213576335
2024-04-23 22:00:00+00:00,45113.60501231833,44733.932662170555,44432.7949970214,44601.620622144634,159.30758953403787
2024-04-23 23:00:00+00:00,44601.620622144634,44682.530741578914,44510.32714383584,44565.10680718829,199.78358874809268
2024-04-24 00:00:00+00:00,44565.10680718829,44291.64778521794,44086.14391599449,44120.40498604788,148.53460941115202
2024-04-24 01:00:00+00:00,44120.40498604788,43457.380424233954,43304.98153456124,43319.06540307926,56.458651694661725
2024-04-24 02:00:00+00:00,43319.06540307926,43284.131510983825,43083.18077292168,43118.84839311343,89.24272378140154
2024-04-24 03:00:00+00:00,43118.84839311343,43420.10823612874,43126.053258703134,43253.84134689748,178.72872570579327
2024-04-24 04:00:00+00:00,43253.84134689748,42405.96318150624,42304.90760557184,42313.57717736693,73.98335138669727
2024-04-24 05:00:00+00:00,42313.57717736693,42315.011247249575,42134.83205362459,42303.92190709445,137.25458745446306
2024-04-24 06:00:00+00:00,42303.92190709445,40769.93264005787,40650.08653207987,40737.769839528,85.18088573045732
2024-04-24 07:00:00+00:00,40737.769839528,40097.37846852783,40003.74505439745,40082.1454290105,106.18528992713763
2024-04-24 08:00:00+00:00,40082.1454290105,40667.386226996576,40495.796718432786,40623.553651637296,72.36943044115355
2024-04-24 09:00:00+00:00,40623.553651637296,40615.091605894304,40450.13779502399,40460.35861304075,85.43887455075665
2024-04-24 10:00:00+00:00,40460.35861304075,40923.886299003396,40810.546890561396,40858.85107144732,198.73715585952624
2024-04-24 11:00:00+00:00,40858.85107144732,41668.802457083024,41432.73907635681,41577.13209535707,161.25507130563997
2024-04-24 12:00:00+00:00,41577.13209535707,42035.61412956009,41960.75949336068,42006.15639997892,159.53616901145358
2024-04-24 13:00:00+00:00,42006.15639997892,42377.85423259032,42160.734167244664,42228.360738959935,51.913320354836934
2024-04-24 14:00:00+00:00,42228.360738959935,42790.42434211985,42685.88148004526,42694.28598917699,182.231726226013
2024-04-24 15:00:00+00:00,42694.28598917699,42870.87022185312,42768.0949060411,42775.83673603992,127.95592407131309
2024-04-24 16:00:00+00:00,42775.83673603992,42644.84180377583,42514.31447268703,42535.61480120502,109.10273620597476
2024-04-24 17:00:00+00:00,42535.61480120502,43128.89370108773,43008.060783690446,43030.81254670614,196.19355018933416
2024-04-24 18:00:00+00:00,43030.81254670614,43492.00573770458,43254.945233102706,43328.113853416995,166.78405277411446
2024-04-24 19:00:00+00:00,43328.113853416995,43591.168833042146,43289.40770426575,43455.59399902913,77.90519106048862
2024-04-24 20:00:00+00:00,43455.59399902913,44610.565394944606,44473.45130402931,44538.87699780248,175.3912629274409
2024-04-24 21:00:00+00:00,44538.87699780248,44819.12885342986,44760.14298097058,44795.49774233735,105.51913032193391
2024-04-24 22:00:00+00:00,44795.49774233735,46551.774337403855,46437.453194193986,46528.94065235406,156.3616264110933
2024-04-24 23:00:00+00:00,46528.94065235406,45670.35164306314,45576.08864595451,45597.10099848769,185.44230724820207
2024-04-25 00:00:00+00:00,45597.10099848769,46464.284187612495,46322.983193758366,46362.4056923785,130.5874419096828
2024-04-25 01:00:00+00:00,46362.4056923785,46504.15196864658,46305.31951314452,46428.37397983831,78.35625465211425
2024-04-25 02:00:00+00:00,46428.37397983831,47200.246129554645,47107.15624399988,47189.174350596644,139.7786127490529
2024-04-25 03:00:00+00:00,47189.174350596644,46951.409259748536,46883.938504564096,46928.32303111744,84.2763696119211
2024-04-25 04:00:00+00:00,46928.32303111744,48185.5731562351,48018.23306555013,48029.54197401508,85.22474274102143
2024-04-25 05:00:00+00:00,48029.54197401508,49119.99939169368,48884.0540674331,49033.671893312116,167.26424023917332
2024-04-25 06:00:00+00:00,49033.671893312116,49498.18305605795,49329.01550699586,49486.580820721385,175.4180165684067
2024-04-25 07:00:00+00:00,49486.580820721385,49174.03280778079,49018.552793582836,49035.91836258092,105.19682191774044
2024-04-25 08:00:00+00:00,49035.91836258092,49154.62098571997,48926.19317937161,49099.713160494095,160.79580786717958
2024-04-25 09:00:00+00:00,49099.713160494095,48774.60745825075,48454.09940682479,48586.69027395529,159.99658577285413
2024-04-25 10:00:00+00:00,48586.69027395529,48773.30550166848,48621.88125413299,48660.821534637376,192.0619187401613
2024-04-25 11:00:00+00:00,48660.821534637376,47640.89300768228,47388.16728462576,47502.66617412627,142.32659918003128
2024-04-25 12:00:00+00:00,47502.66617412627,46733.14450674456,46620.43553262103,46670.33896007055,177.33141701176572
2024-04-25 13:00:00+00:00,46670.33896007055,45753.90609371027,45553.59928774307,45675.15929436409,52.23253531375864
2024-04-25 14:00:00+00:00,45675.15929436409,46556.78884329285,46254.90893611127,46399.604268429764,98.01603488036142
2024-04-25 15:00:00+00:00,46399.604268429764,46702.688676795704,46474.35633275707,46610.16366246799,80.94560832694756
2024-04-25 16:00:00+00:00,46610.16366246799,45722.344312427536,45432.86214524761,45548.61624336919,189.30592170341126
2024-04-25 17:00:00+00:00,45548.61624336919,45530.6381408832,45335.82360037119,45396.47937082604,196.69060392613142
2024-04-25 18:00:00+00:00,45396.47937082604,46438.65971109655,46194.12479191318,46371.934444521736,153.0185731209379
2024-04-25 19:00:00+00:00,46371.934444521736,46285.36647936647,46119.86382231745,46280.18068015231,121.80229736598149
2024-04-25 20:00:00+00:00,46280.18068015231,45405.9371631694,45320.10723791496,45400.52344771002,149.4584664851953
2024-04-25 21:00:00+00:00,45400.52344771002,44968.57565377202,44873.067770618996,44950.950955517255,95.38244476481245
2024-04-25 22:00:00+00:00,44950.950955517255,45122.879636335,45098.25053512279,45106.782600863466,198.86685468544007
2024-04-25 23:00:00+00:00,45106.782600863466,45977.02248999143,45839.266977731095,45967.42054211847,147.0207173191458
2024-04-26 00:00:00+00:00,45967.42054211847,45610.66898244819,45436.85293161338,45453.21806377388,56.24126229822308
2024-04-26 01:00:00+00:00,45453.21806377388,44150.33976724709,43868.73928636635,44036.98349319062,107.56731488967017
2024-04-26 02:00:00+00:00,44036.98349319062,44399.21879769205,44118.53414128146,44293.69199486779,151.61586113679982
2024-04-26 03:00:00+00:00,44293.69199486779,44252.65053741531,44111.01362185082,44125.711538469484,92.33821765683426
2024-04-26 04:00:00+00:00,44125.711538469484,43114.19134878064,42909.737038579566,43029.34248510321,113.11167035029584
2024-04-26 05:00:00+00:00,43029.34248510321,42071.370546966486,41888.67172104418,42034.96331298897,55.89077068732553
2024-04-26 06:00:00+00:00,42034.96331298897,41812.60994853969,41620.974703237436,41723.405832111246,189.97812248412959
2024-04-26 07:00:00+00:00,41723.405832111246,40795.824461394426,40606.19407384763,40695.37136080401,53.80735065320803
2024-04-26 08:00:00+00:00,40695.37136080401,40008.87008140783,39734.933975628526,39879.09556714179,57.54616118275712
2024-04-26 09:00:00+00:00,39879.09556714179,40273.995899550275,40054.965804011044,40176.75545060148,64.8917432606471
2024-04-26 10:00:00+00:00,40176.75545060148,40829.0655912207,40701.53218621167,40770.17666181663,92.80585085301578
2024-04-26 11:00:00+00:00,40770.17666181663,41069.89305489222,41060.21064492332,41064.283045849385,56.33287048107354
2024-04-26 12:00:00+00:00,41064.283045849385,40580.91461310018,40469.85501298095,40512.79694792212,113.97518488215653
2024-04-26 13:00:00+00:00,40512.79694792212,40763.30630044406,40680.922956129376,40747.70381915335,113.34835532158169
2024-04-26 14:00:00+00:00,40747.70381915335,39917.646700249185,39826.71685247122,39900.4893584387,169.59884041727096
2024-04-26 15:00:00+00:00,39900.4893584387,40359.17233166138,40214.64370869292,40340.945471569976,166.17509662096552
2024-04-26 16:00:00+00:00,40340.945471569976,40162.88430569305,40017.62269209989,40060.32507247148,111.91376038312049
2024-04-26 17:00:00+00:00,40060.32507247148,41618.545098725066,41395.080926076436,41534.185137253626,145.237898866085
2024-04-26 18:00:00+00:00,41534.185137253626,42144.69705185854,42059.23851419888,42090.07727479444,68.15563238313129
2024-04-26 19:00:00+00:00,42090.07727479444,42755.70494625167,42452.47249191577,42612.087077875985,156.08163834173433
2024-04-26 20:00:00+00:00,42612.087077875985,42976.71738734707,42789.87817331646,42875.16992548363,182.42618109804337
2024-04-26 21:00:00+00:00,42875.16992548363,43915.46330125702,43829.57210440952,43904.167954136225,195.80025322506305
2024-04-26 22:00:00+00:00,43904.167954136225,43605.48674529202,43434.736398985675,43544.94150901821,184.5122445868661
2024-04-26 23:00:00+00:00,43544.94150901821,43342.50289892869,43175.89837737372,43245.0930101726,54.10978852200233
2024-04-27 00:00:00+00:00,43245.0930101726,42793.831434699074,42632.90022062755,42668.45020040765,114.03126508356385
2024-04-27 01:00:00+00:00,42668.45020040765,43190.530633363145,42881.325099717775,43053.40313372716,137.66239899165527
2024-04-27 02:00:00+00:00,43053.40313372716,42694.92825821837,42521.364973789925,42556.134825036956,85.6586802228615
2024-04-27 03:00:00+00:00,42556.134825036956,42729.895714538325,42546.83293521237,42652.24640533615,70.79971151279253
2024-04-27 04:00:00+00:00,42652.24640533615,43113.287274440874,42783.692744430824,42944.13371438301,165.42134742761505
2024-04-27 05:00:00+00:00,42944.13371438301,44019.15922170369,43937.10783464208,43940.06087229424,132.55655476378013
2024-04-27 06:00:00+00:00,43940.06087229424,42625.95455310767,42435.88846414631,42556.51159883548,90.99133637155009
2024-04-27 07:00:00+00:00,42556.51159883548,41833.23251606581,41691.76943753011,41732.588555061855,151.2465515846171
2024-04-27 08:00:00+00:00,41732.588555061855,42499.80125363299,42403.66266945631,42454.714854865786,132.91677592404147
2024-04-27 09:00:00+00:00,42454.714854865786,44040.840259127355,43845.30011016622,43879.46340441765,99.59583877758047
2024-04-27 10:00:00+00:00,43879.46340441765,44298.22653681428,43997.00545103196,44131.213662178045,99.25675676658616
2024-04-27 11:00:00+00:00,44131.213662178045,44236.953624345355,44114.94994642433,44195.05059515882,65.8336682237404
2024-04-27 12:00:00+00:00,44195.05059515882,44087.24610739204,43968.35934132642,44004.76653105503,137.71855451260745
2024-04-27 13:00:00+00:00,44004.76653105503,44749.18950051631,44656.69582511574,44727.714443175515,108.3241215943338
2024-04-27 14:00:00+00:00,44727.714443175515,44750.67597911335,44619.25130280633,44735.23662541522,112.84880782125282
2024-04-27 15:00:00+00:00,44735.23662541522,44230.68692877475,44041.56930641435,44064.874671824786,57.75236427837544
2024-04-27 16:00:00+00:00,44064.874671824786,44959.020518585574,44790.273471971464,44875.252477515794,94.78036840065423
2024-04-27 17:00:00+00:00,44875.252477515794,44351.93006449884,44065.54194258916,44205.36706558489,154.55010528144453
2024-04-27 18:00:00+00:00,44205.36706558489,44539.81763529361,44241.55160845343,44396.05417316147,121.23610570626178
2024-04-27 19:00:00+00:00,44396.05417316147,44381.05416823545,44245.295736200394,44370.86518059889,175.61251512841648
2024-04-27 20:00:00+00:00,44370.86518059889,43720.71500889309,43564.58403819545,43647.000000200336,56.7751269925468
2024-04-27 21:00:00+00:00,43647.000000200336,43767.5207336336,43548.38903827363,43687.94788988552,162.6444540912508
2024-04-27 22:00:00+00:00,43687.94788988552,43484.64393737761,43258.93983140468,43390.75794114026,128.01337139658284
2024-04-27 23:00:00+00:00,43390.75794114026,44178.05125960482,43908.29805137074,44012.42453347962,100.64875423209662
2024-04-28 00:00:00+00:00,44012.42453347962,44977.46214366325,44739.431525784545,44886.29347654022,133.83457456722863
2024-04-28 01:00:00+00:00,44886.29347654022,45304.383819787974,45231.50190466903,45289.318130584514,56.187136177153604
2024-04-28 02:00:00+00:00,45289.318130584514,46058.37345758353,45846.98881320919,45897.726253447734,158.9095697852893
2024-04-28 03:00:00+00:00,45897.726253447734,46265.54553456413,46083.39225407633,46243.79168052346,69.26140259518951
2024-04-28 04:00:00+00:00,46243.79168052346,45025.62780143995,44844.827284322666,44880.454818251696,155.77096665428104
2024-04-28 05:00:00+00:00,44880.454818251696,44439.00049206402,44176.8179439914,44294.9843781571,88.50226938804826
2024-04-28 06:00:00+00:00,44294.9843781571,44441.82454302815,44187.53151125308,44338.65137717129,139.82590770514977
2024-04-28 07:00:00+00:00,44338.65137717129,44216.752542811446,44110.938293458865,44192.54577857368,140.5757637267604
2024-04-28 08:00:00+00:00,44192.54577857368,44843.36247356937,44568.178600185674,44729.52561963993,95.65115789036102
2024-04-28 09:00:00+00:00,44729.52561963993,44304.57906857479,44255.39013869249,44279.29565736345,68.94191440992158
2024-04-28 10:00:00+00:00,44279.29565736345,45334.057051356365,45214.48704125558,45232.96108736764,73.19493277224811
2024-04-28 11:00:00+00:00,45232.96108736764,44816.084089000775,44793.11212354853,44813.20149336889,113.7413298972091
2024-04-28 12:00:00+00:00,44813.20149336889,43935.27375314957,43717.74733878466,43800.21150699722,90.90332105386273
2024-04-28 13:00:00+00:00,43800.21150699722,44222.926099602264,43972.39471709819,44069.711647073476,68.74459054397909
2024-04-28 14:00:00+00:00,44069.711647073476,43721.89407851771,43663.47936076587,43682.37217149457,73.48420153418805
2024-04-28 15:00:00+00:00,43682.37217149457,43653.139306383935,43361.92811963341,43530.56981563647,154.00322187653168
2024-04-28 16:00:00+00:00,43530.56981563647,44706.05104644048,44524.87963923082,44630.004000877765,151.9789069668351
2024-04-28 17:00:00+00:00,44630.004000877765,44938.02266099206,44875.63109582744,44933.96779934251,187.08140922590243
2024-04-28 18:00:00+00:00,44933.96779934251,45393.30248681445,45250.79353855616,45254.052874381276,178.82795867427697
2024-04-28 19:00:00+00:00,45254.052874381276,45631.78629666539,45531.37455750945,45623.823783099775,182.67238816615384
2024-04-28 20:00:00+00:00,45623.823783099775,44786.18647408149,44572.62622004999,44652.15830665248,79.28706115964746
2024-04-28 21:00:00+00:00,44652.15830665248,44364.053874087185,44223.81318625174,44238.83689804397,127.37937929879826
2024-04-28 22:00:00+00:00,44238.83689804397,43863.961187528075,43747.75676247319,43793.37205708606,195.60840105115477
2024-04-28 23:00:00+00:00,43793.37205708606,44449.69746901913,44286.808153613405,44398.9474283442,101.19859993464544
2024-04-29 00:00:00+00:00,44398.9474283442,44411.43349797817,44212.367239279294,44297.10977119298,89.87810666574757
2024-04-29 01:00:00+00:00,44297.10977119298,44690.90732659279,44534.30343347793,44548.89575435434,188.3604335663983
2024-04-29 02:00:00+00:00,44548.89575435434,44824.30009826829,44569.10168822677,44649.68832351931,155.18235829194367
2024-04-29 03:00:00+00:00,44649.68832351931,44400.220578565684,44167.24392539514,44227.1823986065,120.89137079733969
2024-04-29 04:00:00+00:00,44227.1823986065,45352.83465109213,45183.546552480875,45282.84943985432,80.49975103621438
2024-04-29 05:00:00+00:00,45282.84943985432,46510.97330656452,46317.63470401259,46441.86550386598,107.50877118119473
2024-04-29 06:00:00+00:00,46441.86550386598,47460.788412660884,47250.4081597994,47364.29038902022,174.7648933686516
2024-04-29 07:00:00+00:00,47364.29038902022,48575.919885582734,48419.26390927702,48544.69346165223,149.64419925145555
2024-04-29 08:00:00+00:00,48544.69346165223,48287.13373005617,48000.37177416289,48113.70574776039,77.61647244966052
2024-04-29 09:00:00+00:00,48113.70574776039,48803.24991895922,48505.064304341286,48614.37150462711,165.82049161000057
2024-04-29 10:00:00+00:00,48614.37150462711,49696.51520828322,49394.731810624704,49541.72582888193,102.19243867911692
2024-04-29 11:00:00+00:00,49541.72582888193,50791.82801767399,50596.592368292884,50670.241648307856,54.981372287698626
2024-04-29 12:00:00+00:00,50670.241648307856,49736.18624463723,49527.1623981005,49551.761038413046,159.7845611160105
2024-04-29 13:00:00+00:00,49551.761038413046,48888.680281181696,48692.311031454636,48762.17505563549,192.71031004335464
2024-04-29 14:00:00+00:00,48762.17505563549,49716.52751446633,49397.81615965582,49579.36998926544,68.8783177619843
2024-04-29 15:00:00+00:00,49579.36998926544,48915.06939443359,48824.26293494113,48904.79655849674,117.092296916541
2024-04-29 16:00:00+00:00,48904.79655849674,48356.533307608115,48129.53427836546,48223.94206193574,72.00198344408912
2024-04-29 17:00:00+00:00,48223.94206193574,47790.26700832688,47746.919336888066,47767.222249383325,100.48296591306233
2024-04-29 18:00:00+00:00,47767.222249383325,48779.9126105316,48532.599378894,48589.733086534885,66.32786854450072
2024-04-29 19:00:00+00:00,48589.733086534885,49068.39427553836,48835.54365468814,48940.07595934572,151.44205308132024
2024-04-29 20:00:00+00:00,48940.07595934572,48629.6123737705,48603.20724551722,48617.40382818713,176.8847886339069
2024-04-29 21:00:00+00:00,48617.40382818713,48637.84023568913,48571.64755621489,48575.29915431769,191.6617388936652
2024-04-29 22:00:00+00:00,48575.29915431769,49418.07411203445,49372.5341346674,49396.835648043954,80.34834542013125
2024-04-29 23:00:00+00:00,49396.835648043954,48804.38503138937,48636.89135813571,48666.618796115254,83.53857339319106
2024-04-30 00:00:00+00:00,48666.618796115254,48392.61784721301,48347.656438326325,48360.90586197743,93.94579231828746
2024-04-30 01:00:00+00:00,48360.90586197743,46934.28540926288,46848.41539479628,46902.942082717535,198.93832712497692
2024-04-30 02:00:00+00:00,46902.942082717535,47450.34197518133,47359.49165497089,47405.94753310829,57.55792757933554
2024-04-30 03:00:00+00:00,47405.94753310829,47876.654735895165,47601.41172920582,47707.830621367924,156.5263502496142
2024-04-30 04:00:00+00:00,47707.830621367924,46273.752116455886,46229.55775187217,46247.472802893506,56.26968808745001
2024-04-30 05:00:00+00:00,46247.472802893506,46186.5701217176,45946.72646449882,46030.30574185434,151.02427067082692
2024-04-30 06:00:00+00:00,46030.30574185434,44270.331507779236,43953.07192889138,44118.2277410357,110.64963446735933
2024-04-30 07:00:00+00:00,44118.2277410357,43728.246701100514,43549.577028402186,43714.33604186859,97.69312540251552
2024-04-30 08:00:00+00:00,43714.33604186859,44143.92536611756,43906.51522957513,44023.959725917004,83.06014893810084
2024-04-30 09:00:00+00:00,44023.959725917004,42810.72510541809,42655.54198946204,42788.64324682344,148.62109091553862
2024-04-30 10:00:00+00:00,42788.64324682344,41858.04861904671,41594.15341108119,41749.636099415446,75.98648753657451
2024-04-30 11:00:00+00:00,41749.636099415446,42118.06313925735,41927.365440913425,42002.42341429056,190.86615394630132
2024-04-30 12:00:00+00:00,42002.42341429056,41400.99333965284,41203.83112185621,41341.874016529895,81.49247631377605
2024-04-30 13:00:00+00:00,41341.874016529895,41135.197726106024,40966.83304565157,41100.199405695355,132.24731062120946
2024-04-30 14:00:00+00:00,41100.199405695355,41528.04981388352,41322.115619974094,41483.06973020346,106.93168521481958
2024-04-30 15:00:00+00:00,41483.06973020346,42728.91903646547,42554.79420353999,42561.15123841261,191.3910653365727
2024-04-30 16:00:00+00:00,42561.15123841261,42188.90637714387,42141.17469544172,42161.752198162656,178.28413387167635
2024-04-30 17:00:00+00:00,42161.752198162656,42784.43539545753,42483.82484243938,42615.007363400444,186.55903557739
2024-04-30 18:00:00+00:00,42615.007363400444,44196.11867492002,43959.058532432624,44085.450062041025,182.70084625177387
2024-04-30 19:00:00+00:00,44085.450062041025,44363.36277905944,44323.08854452389,44345.00990723684,130.7100530833187
2024-04-30 20:00:00+00:00,44345.00990723684,44440.75022399829,44215.411239885565,44320.37783234406,86.54631037167472
2024-04-30 21:00:00+00:00,44320.37783234406,43815.99175300411,43680.95636243648,43698.97847865774,167.34149177617064
2024-04-30 22:00:00+00:00,43698.97847865774,44362.24272466816,44324.23883871606,44351.84153794445,183.19998241776312
2024-04-30 23:00:00+00:00,44351.84153794445,44334.53514844281,44106.38341129922,44223.67131175704,141.53245463139044
2024-05-01 00:00:00+00:00,44223.67131175704,45017.60277322374,44876.2260164943,44948.03636620975,71.43751689622931
2024-05-01 01:00:00+00:00,44948.03636620975,46126.253216819234,45984.939102284494,46115.45808218472,105.85220608921686
2024-05-01 02:00:00+00:00,46115.45808218472,45782.38921339067,45683.68730244663,45753.3640797021,128.05072287049614
2024-05-01 03:00:00+00:00,45753.3640797021,45970.12281090142,45796.84611466762,45864.701340967,157.6756480094047
2024-05-01 04:00:00+00:00,45864.701340967,46213.425758669866,45918.113136054686,46030.204059286145,167.2997509475902
2024-05-01 05:00:00+00:00,46030.204059286145,46540.604175033375,46445.67911104556,46467.260880145055,161.08303181080805
2024-05-01 06:00:00+00:00,46467.260880145055,46670.98202772296,46546.99367089345,46609.968754540125,144.65403747132964
2024-05-01 07:00:00+00:00,46609.968754540125,45812.04014011591,45556.00098279194,45677.40654806532,127.69083506385078
2024-05-01 08:00:00+00:00,45677.40654806532,45609.24883881436,45536.09016582344,45598.72389152388,115.51612932382976
2024-05-01 09:00:00+00:00,45598.72389152388,45812.66749570243,45513.18221162424,45647.07317203893,80.70446954469813
2024-05-01 10:00:00+00:00,45647.07317203893,45675.99335889201,45491.068487947414,45661.7950762117,126.36278492956231
2024-05-01 11:00:00+00:00,45661.7950762117,45106.35503067102,44887.22908618115,44995.738837246536,139.0968277601709
2024-05-01 12:00:00+00:00,44995.738837246536,44521.26111467305,44320.72007514558,44412.08739300292,195.39645320814344
2024-05-01 13:00:00+00:00,44412.08739300292,44952.70466167757,44737.07883165404,44882.20572801195,149.6527534441451
2024-05-01 14:00:00+00:00,44882.20572801195,43338.07414658617,43175.23133061996,43326.35168844845,90.14291719935301
2024-05-01 15:00:00+00:00,43326.35168844845,43715.20643850649,43675.59981796019,43704.54828944102,178.41268604319092
2024-05-01 16:00:00+00:00,43704.54828944102,43674.8811819309,43504.866762879676,43567.42791482977,146.0948521658463
2024-05-01 17:00:00+00:00,43567.42791482977,43590.36003147788,43434.91417001398,43542.7601123814,65.66379471544742
2024-05-01 18:00:00+00:00,43542.7601123814,42620.713486320434,42336.72542220022,42504.158871491614,130.9924265925877
2024-05-01 19:00:00+00:00,42504.158871491614,42523.88318076614,42207.26763691289,42355.546522839744,115.06504990632423
2024-05-01 20:00:00+00:00,42355.546522839744,42171.9373678911,41903.2439704578,42052.85149805434,67.13850736733525
2024-05-01 21:00:00+00:00,42052.85149805434,42980.66330642427,42923.36173980869,42952.438864318014,125.83709816586622
2024-05-01 22:00:00+00:00,42952.438864318014,44481.23160673202,44281.93439095871,44408.306672504965,78.93736873106077
2024-05-01 23:00:00+00:00,44408.306672504965,44593.02281697985,44420.384021470054,44446.9649467522,79.03027402103669
2024-05-02 00:00:00+00:00,44446.9649467522,46283.507001876256,46111.54681254876,46116.06981320098,118.5744014260665
2024-05-02 01:00:00+00:00,46116.06981320098,46924.06588307076,46698.189767245356,46754.19732132916,165.46664802748688
2024-05-02 02:00:00+00:00,46754.19732132916,46924.29087418201,46684.57090209448,46759.62969893402,199.08587222385927
2024-05-02 03:00:00+00:00,46759.62969893402,47524.897273897695,47286.99696396664,47444.48531885979,71.21995846085099
2024-05-02 04:00:00+00:00,47444.48531885979,47743.50686385237,47546.897616765295,47563.1154539696,67.11022197023577
2024-05-02 05:00:00+00:00,47563.1154539696,48258.82046795961,48038.43954170964,48176.197386130945,60.07640998225543
2024-05-02 06:00:00+00:00,48176.197386130945,49341.27389518966,49158.57301392746,49230.23320063152,184.59577834813723
2024-05-02 07:00:00+00:00,49230.23320063152,48814.35726139309,48701.103330194055,48799.47737443654,119.22743251631702
2024-05-02 08:00:00+00:00,48799.47737443654,48690.653088568615,48363.02978458544,48501.86875202147,51.994261903816074
2024-05-02 09:00:00+00:00,48501.86875202147,49543.88200525844,49270.64172859164,49466.17604282796,138.83860917727003
2024-05-02 10:00:00+00:00,49466.17604282796,48948.66769272757,48812.48349255211,48909.89117516192,84.64063083928227
2024-05-02 11:00:00+00:00,48909.89117516192,47949.796181871934,47687.48771453123,47857.81203629342,131.28453804378728
2024-05-02 12:00:00+00:00,47857.81203629342,47476.22536000651,47356.895773178476,47378.9551222331,134.48877669003463
2024-05-02 13:00:00+00:00,47378.9551222331,47431.07712205949,47306.704918537944,47405.293239703125,92.35669405365059
2024-05-02 14:00:00+00:00,47405.293239703125,47825.3709397969,47530.73602731751,47686.27049038111,139.6068280301646
2024-05-02 15:00:00+00:00,47686.27049038111,48334.32434488446,48212.163080504295,48283.79369836646,196.59773847222414
2024-05-02 16:00:00+00:00,48283.79369836646,49064.02232239752,48835.411554465645,48971.02616880363,154.18072584857015
2024-05-02 17:00:00+00:00,48971.02616880363,49321.65058768545,49100.96840123259,49141.15192602696,54.641745579284326
2024-05-02 18:00:00+00:00,49141.15192602696,50208.32820009343,50083.967221626655,50090.94883699323,170.60969220454592
2024-05-02 19:00:00+00:00,50090.94883699323,48707.78691968761,48421.10723557937,48560.95880070038,150.90342627799072
2024-05-02 20:00:00+00:00,48560.95880070038,48695.740951012835,48502.21020636972,48589.72624499172,163.99334177586405
2024-05-02 21:00:00+00:00,48589.72624499172,48050.02937711248,47800.83193554937,47915.87051410992,82.18914288250734
2024-05-02 22:00:00+00:00,47915.87051410992,47923.49493646772,47603.87143473916,47751.104230589495,70.24974659608824
2024-05-02 23:00:00+00:00,47751.104230589495,48865.48500179616,48515.06276241558,48679.327053278976,148.16102547024843
2024-05-03 00:00:00+00:00,48679.327053278976,48014.05178781479,47930.868423901775,48006.23113858804,172.63716696380976
2024-05-03 01:00:00+00:00,48006.23113858804,48635.332328089185,48502.377731167035,48608.635907981065,198.7235059598068
2024-05-03 02:00:00+00:00,48608.635907981065,48024.386538683975,47987.08923769495,48022.37583682658,187.84871340294998
2024-05-03 03:00:00+00:00,48022.37583682658,48385.613224756446,48124.99081151325,48303.969797608814,94.95470162170737
2024-05-03 04:00:00+00:00,48303.969797608814,47639.61095112961,47368.81290687145,47514.249394409046,83.16058036768632
2024-05-03 05:00:00+00:00,47514.249394409046,48028.18514208972,47897.292234635395,47909.821710661505,123.33211792713517
2024-05-03 06:00:00+00:00,47909.821710661505,49541.3888341775,49194.82274760209,49391.160865528065,166.51143638822975
2024-05-03 07:00:00+00:00,49391.160865528065,50056.920783819856,49780.33126009034,49865.24351524439,66.75486448634737
2024-05-03 08:00:00+00:00,49865.24351524439,49338.78967003179,49272.37017670667,49322.95424410802,88.51171178019402
2024-05-03 09:00:00+00:00,49322.95424410802,49368.885821390126,49184.56717136883,49214.978921761496,145.00842388979075
2024-05-03 10:00:00+00:00,49214.978921761496,49546.72751165398,49311.32740126943,49476.692180134654,162.13536367111104
2024-05-03 11:00:00+00:00,49476.692180134654,49825.748337724,49602.6915444323,49780.2494040404,74.12799451604234
2024-05-03 12:00:00+00:00,49780.2494040404,50057.7127660568,49859.94060941802,49996.54790212539,51.50676628422446
2024-05-03 13:00:00+00:00,49996.54790212539,49447.78035515585,49172.87404079194,49358.97695537374,111.15066766317813
2024-05-03 14:00:00+00:00,49358.97695537374,50183.17874584514,49864.38108386863,50063.763178748384,56.39230568135768
2024-05-03 15:00:00+00:00,50063.763178748384,48951.00700193389,48737.83853950019,48844.34369985154,121.51546253152631
2024-05-03 16:00:00+00:00,48844.34369985154,48662.69902273986,48456.39153150339,48619.208394062785,131.19387826553296
2024-05-03 17:00:00+00:00,48619.208394062785,48766.16448468544,48558.35499234617,48745.679291512264,130.19498432043292
2024-05-03 18:00:00+00:00,48745.679291512264,49353.78497467098,49307.09615579619,49324.42639075735,126.16951077887929
2024-05-03 19:00:00+00:00,49324.42639075735,48780.93215158471,48594.38333514585,48671.32846594619,57.13490333995974
2024-05-03 20:00:00+00:00,48671.32846594619,49153.54084099192,48965.75253860794,49142.78279257841,176.83025277471006
2024-05-03 21:00:00+00:00,49142.78279257841,50584.158588365724,50463.07359372878,50538.579762264846,102.20808536021897
2024-05-03 22:00:00+00:00,50538.579762264846,50094.851155744414,50009.84136075898,50017.33641651663,189.10139070858574
2024-05-03 23:00:00+00:00,50017.33641651663,50644.585736997105,50534.24776489085,50565.30093062958,125.58692869272897
2024-05-04 00:00:00+00:00,50565.30093062958,50585.48809036113,50355.35755361517,50435.535111586854,173.65030557428173
2024-05-04 01:00:00+00:00,50435.535111586854,51622.78918392104,51450.24510379825,51587.580789006024,92.010853924467
2024-05-04 02:00:00+00:00,51587.580789006024,50448.16425068214,50120.81581082096,50317.46793708205,160.781158481526
2024-05-04 03:00:00+00:00,50317.46793708205,50020.626267206,49893.09232498704,49896.66615377413,127.52726765791806
2024-05-04 04:00:00+00:00,49896.66615377413,48968.87660798458,48824.722439561,48927.58752049097,74.96871964902428
2024-05-04 05:00:00+00:00,48927.58752049097,47635.638484034076,47540.529084773705,47634.2493357152,121.8982398079815
2024-05-04 06:00:00+00:00,47634.2493357152,48750.510374436264,48573.178348376154,48575.54430333896,111.22576521176445
2024-05-04 07:00:00+00:00,48575.54430333896,48882.29430662503,48817.18959008391,48819.98221602412,126.79031792546935
2024-05-04 08:00:00+00:00,48819.98221602412,49172.83816532035,49020.19380652929,49081.148519187955,132.66646704648286
2024-05-04 09:00:00+00:00,49081.148519187955,49808.999143632034,49502.44524572351,49670.34085097271,76.18713101899174
2024-05-04 10:00:00+00:00,49670.34085097271,48565.20726422392,48364.70202491604,48374.3451826579,168.797130131072
2024-05-04 11:00:00+00:00,48374.3451826579,48763.524648556995,48595.77225945137,48683.17390963767,68.41809114798525
2024-05-04 12:00:00+00:00,48683.17390963767,48182.19736138528,47897.90145351938,48060.47640369777,88.07642235027691
2024-05-04 13:00:00+00:00,48060.47640369777,47199.98251603736,47002.02866274316,47175.75491452856,171.19824288311025
2024-05-04 14:00:00+00:00,47175.75491452856,46150.0697803901,46018.054472630916,46042.38086131411,176.14368066795564
2024-05-04 15:00:00+00:00,46042.38086131411,45458.88141233704,45364.558387621575,45380.84997577655,156.34005478187237
2024-05-04 16:00:00+00:00,45380.84997577655,44109.657071405265,44007.887075982486,44067.69874133154,87.769984463735
2024-05-04 17:00:00+00:00,44067.69874133154,43760.10304410758,43587.94412038924,43667.268548564614,71.70428210633764
2024-05-04 18:00:00+00:00,43667.268548564614,43053.44219543515,42962.93877304841,43034.71202456897,151.47589851590445
2024-05-04 19:00:00+00:00,43034.71202456897,43499.60640180865,43439.07521379132,43462.354632294504,138.45062671300226
2024-05-04 20:00:00+00:00,43462.354632294504,45181.435649105406,45018.33656988545,45043.68903728619,96.4101146425767
2024-05-04 21:00:00+00:00,45043.68903728619,44227.24283486986,44079.25992589347,44192.528865361994,118.36504762183564
2024-05-04 22:00:00+00:00,44192.528865361994,44831.51580336196,44679.35042906573,44801.24894215006,144.20826628138832
2024-05-04 23:00:00+00:00,44801.24894215006,44449.320748845086,44291.590684701565,44300.05799870668,63.807318076536916
2024-05-05 00:00:00+00:00,44300.05799870668,44055.48423041566,43968.8601851647,44031.50364606658,110.24632918997554
2024-05-05 01:00:00+00:00,44031.50364606658,43928.021119084755,43688.25196675344,43831.02239786476,115.0979865133401
2024-05-05 02:00:00+00:00,43831.02239786476,43835.98741517696,43623.721838392776,43756.05923717133,66.45257173852112
2024-05-05 03:00:00+00:00,43756.05923717133,44260.05484035777,44055.41632960188,44111.373686791725,158.99497481371992
2024-05-05 04:00:00+00:00,44111.373686791725,43255.93111564371,43209.220450792905,43215.98224705143,128.20641661902476
2024-05-05 05:00:00+00:00,43215.98224705143,44209.043467124764,43902.97206222864,44049.48114473684,106.5099605139961
2024-05-05 06:00:00+00:00,44049.48114473684,43265.24329603784,43089.12164308343,43135.6897450747,57.81716690516431
2024-05-05 07:00:00+00:00,43135.6897450747,43714.112620406646,43493.62521283854,43573.725334515235,134.87785447535194
2024-05-05 08:00:00+00:00,43573.725334515235,42835.40294651387,42646.598196379295,42747.5866389681,111.88309478190976
2024-05-05 09:00:00+00:00,42747.5866389681,43480.05690238124,43378.882261904466,43429.25897066446,116.27150028812228
2024-05-05 10:00:00+00:00,43429.25897066446,43540.213232101465,43424.63949184923,43457.33907152918,195.65679918265093
2024-05-05 11:00:00+00:00,43457.33907152918,43363.33746021333,43074.567518417054,43235.211367282274,165.5125746739381
2024-05-05 12:00:00+00:00,43235.211367282274,44898.611931028776,44763.15821729907,44797.80081950444,122.65767913620097
2024-05-05 13:00:00+00:00,44797.80081950444,44693.574497265035,44548.023995926014,44661.60388040914,172.7288080487142
2024-05-05 14:00:00+00:00,44661.60388040914,44286.118118463986,44111.96396737225,44262.98142881496,95.28924368300252
2024-05-05 15:00:00+00:00,44262.98142881496,44562.99605552668,44354.859523631,44424.9173913638,62.851854728649386
2024-05-05 16:00:00+00:00,44424.9173913638,44993.7723203377,44810.65310882573,44910.615798956,150.13425469556762
2024-05-05 17:00:00+00:00,44910.615798956,45447.34806588317,45176.8427441076,45283.32163545375,101.37914284733475
2024-05-05 18:00:00+00:00,45283.32163545375,46219.839255382074,46022.798175163894,46051.44611212611,88.19576484893986
2024-05-05 19:00:00+00:00,46051.44611212611,46688.59797613891,46533.78994974812,46568.93108828371,113.8900665970212
2024-05-05 20:00:00+00:00,46568.93108828371,45843.30325939025,45593.7584898692,45683.30162549342,82.2997879340235
2024-05-05 21:00:00+00:00,45683.30162549342,45411.16148555952,45256.49113076469,45402.94089398509,61.046302808025395
2024-05-05 22:00:00+00:00,45402.94089398509,45526.73340131133,45175.40734415416,45355.20129921036,131.08962778214874
2024-05-05 23:00:00+00:00,45355.20129921036,46088.91015739899,45996.07812759049,46048.57615911344,132.4343995353916
2024-05-06 00:00:00+00:00,46048.57615911344,45317.85434284072,45021.95739403493,45149.43877444616,60.49109044485607
2024-05-06 01:00:00+00:00,45149.43877444616,45299.030442206706,45105.78382260206,45190.46154899284,95.15267071802415
2024-05-06 02:00:00+00:00,45190.46154899284,45637.808079687726,45431.35039663255,45545.1944171035,84.84939677855186
2024-05-06 03:00:00+00:00,45545.1944171035,44571.44724879156,44331.96049057136,44507.00714882597,70.99720639875841
2024-05-06 04:00:00+00:00,44507.00714882597,44512.25092370968,44326.17676666357,44502.18266592001,135.8022965278569
2024-05-06 05:00:00+00:00,44502.18266592001,44666.91195209821,44480.670255191675,44588.71078338571,147.80754043591497
2024-05-06 06:00:00+00:00,44588.71078338571,44448.303686752384,44282.87108463764,44359.00984185687,150.1055343150868
2024-05-06 07:00:00+00:00,44359.00984185687,44330.84748290421,44152.368826481455,44245.037783968895,103.77020130238446
2024-05-06 08:00:00+00:00,44245.037783968895,43867.481618895836,43643.34773808474,43803.97427299414,122.52310384528242
2024-05-06 09:00:00+00:00,43803.97427299414,42977.5436179076,42837.75738997738,42974.267086253065,177.90376080733654
2024-05-06 10:00:00+00:00,42974.267086253065,43044.47629958788,42844.72608166976,42913.389293752036,68.71455327379844
2024-05-06 11:00:00+00:00,42913.389293752036,43136.17532232417,42890.67526883332,43007.26665380441,137.71164067688494
2024-05-06 12:00:00+00:00,43007.26665380441,42363.92911945062,42245.88503074875,42319.373590983,61.883403547067005
2024-05-06 13:00:00+00:00,42319.373590983,42474.6931879935,42215.18144441188,42371.5262625071,107.83945447716036
2024-05-06 14:00:00+00:00,42371.5262625071,41875.9831732761,41671.238671759624,41765.54761097559,172.03296192223547
2024-05-06 15:00:00+00:00,41765.54761097559,42594.58931926423,42510.81714251291,42594.070134152134,188.93086921333705
2024-05-06 16:00:00+00:00,42594.070134152134,44718.30299352459,44614.57762676878,44641.0980182259,196.7204228238155
2024-05-06 17:00:00+00:00,44641.0980182259,44416.21157719187,44181.14377183496,44341.33061347729,91.35599173138588
2024-05-06 18:00:00+00:00,44341.33061347729,45594.889550256295,45403.91323267315,45572.73405509978,171.627621361447
2024-05-06 19:00:00+00:00,45572.73405509978,44931.55843660893,44801.97667340109,44864.48237397546,91.5050109359814
2024-05-06 20:00:00+00:00,44864.48237397546,44757.18431693388,44554.28803888779,44657.48038572363,155.08569487058827
2024-05-06 21:00:00+00:00,44657.48038572363,42595.488334835165,42401.53107008695,42541.774625510436,83.09427293360018
2024-05-06 22:00:00+00:00,42541.774625510436,42239.60390884673,42015.058147186595,42116.91904321397,164.1044919122133
2024-05-06 23:00:00+00:00,42116.91904321397,42543.13191771779,42410.82132773149,42531.03282856618,73.91534075130576
2024-05-07 00:00:00+00:00,42531.03282856618,42027.09478516179,41885.34910392346,41919.75717287718,129.36072017071623
2024-05-07 01:00:00+00:00,41919.75717287718,42448.63758955623,42348.52586462565,42355.985607260445,70.88251762235679
2024-05-07 02:00:00+00:00,42355.985607260445,42736.90239316057,42432.78318021198,42601.637802537254,148.96519067165207
2024-05-07 03:00:00+00:00,42601.637802537254,43029.54754279375,42834.362140744495,42948.43008784669,149.7456172144591
2024-05-07 04:00:00+00:00,42948.43008784669,43096.00007089848,43020.00129410723,43076.19967240763,187.4523145193372
2024-05-07 05:00:00+00:00,43076.19967240763,42817.12744148121,42740.349493586116,42771.73174804682,53.29623403834978
2024-05-07 06:00:00+00:00,42771.73174804682,43321.39062258711,43149.731648194735,43197.752122663005,163.5642066615784
2024-05-07 07:00:00+00:00,43197.752122663005,43843.54864954552,43660.15123689894,43716.470391599985,169.75994574794584
2024-05-07 08:00:00+00:00,43716.470391599985,42746.64423296724,42576.064695885296,42732.41998290192,117.15922473627448
2024-05-07 09:00:00+00:00,42732.41998290192,43065.08687077228,42949.20673422191,43048.50788238829,107.42160360070088
2024-05-07 10:00:00+00:00,43048.50788238829,42029.61897467998,41884.95850372685,41937.44548408182,61.644418214314754
2024-05-07 11:00:00+00:00,41937.44548408182,42965.077098501555,42683.66344035362,42814.7809376382,78.83011618537277
2024-05-07 12:00:00+00:00,42814.7809376382,42012.12040054569,41779.025384791115,41921.79531574412,61.71150674742199
2024-05-07 13:00:00+00:00,41921.79531574412,41791.15854648563,41689.919550535735,41752.48154127963,57.72890033659205
2024-05-07 14:00:00+00:00,41752.48154127963,42183.99654372166,41869.08167729529,42019.22332383127,63.48648141472182
2024-05-07 15:00:00+00:00,42019.22332383127,41746.994005186985,41632.54793768126,41732.51789726868,162.75131686623388
2024-05-07 16:00:00+00:00,41732.51789726868,42371.771502665244,42290.63375459954,42305.712349360765,84.45419285011326
2024-05-07 17:00:00+00:00,42305.712349360765,42202.8891080611,41975.69786299515,42057.662518617704,53.26231508622969
2024-05-07 18:00:00+00:00,42057.662518617704,41569.16552922103,41383.509889017856,41515.401025316954,128.48929835173152
2024-05-07 19:00:00+00:00,41515.401025316954,41861.887092548684,41648.87629439399,41734.664424846706,195.65768927179536
2024-05-07 20:00:00+00:00,41734.664424846706,41754.26754965821,41489.309660813014,41643.41087337051,111.82701703816171
2024-05-07 21:00:00+00:00,41643.41087337051,41684.58878752283,41585.460853338234,41597.688373761375,127.80543917147273
2024-05-07 22:00:00+00:00,41597.688373761375,42445.81781080797,42181.424034726515,42328.907256865044,84.22281371759286
2024-05-07 23:00:00+00:00,42328.907256865044,41438.362199748,41370.1450687935,41384.734060533854,54.05086094967489
2024-05-08 00:00:00+00:00,41384.734060533854,41714.67977367067,41550.16466015381,41577.90025227148,133.49240251287551
2024-05-08 01:00:00+00:00,41577.90025227148,41497.86904357879,41425.66096049077,41478.7438723032,193.673489891549
2024-05-08 02:00:00+00:00,41478.7438723032,42545.519064136904,42515.11094425559,42535.6722702261,194.18234125785776
2024-05-08 03:00:00+00:00,42535.6722702261,42848.781568696526,42667.94228068394,42800.97013795796,131.70474893700168
2024-05-08 04:00:00+00:00,42800.97013795796,42354.58690475954,42135.57990596288,42285.810513927594,126.07056971837727
2024-05-08 05:00:00+00:00,42285.810513927594,42454.30347229546,42378.957937099505,42394.07627776761,87.25224308973485
2024-05-08 06:00:00+00:00,42394.07627776761,42818.6426880926,42667.417351440214,42702.72887588831,102.73364373523029
2024-05-08 07:00:00+00:00,42702.72887588831,43149.29317251144,42954.34073284942,43085.11858041203,61.54120852007719
2024-05-08 08:00:00+00:00,43085.11858041203,42864.27404230245,42682.73592076683,42816.66593763949,176.6709961055256
2024-05-08 09:00:00+00:00,42816.66593763949,42720.11632185383,42695.99463473155,42711.93547595027,65.55168767511397
2024-05-08 10:00:00+00:00,42711.93547595027,42055.866201609424,42022.572631822964,42044.421223170626,194.1351332979649
2024-05-08 11:00:00+00:00,42044.421223170626,42400.96581692697,42294.665667260095,42313.930854537524,142.5935557436398
2024-05-08 12:00:00+00:00,42313.930854537524,41973.689460572146,41857.390292005024,41951.101194281175,179.08267771923641
2024-05-08 13:00:00+00:00,41951.101194281175,41282.22172967803,41139.59239796899,41266.469234273434,183.7126200939439
2024-05-08 14:00:00+00:00,41266.469234273434,41431.21595458365,41316.962234264596,41347.87711704657,125.81279457992397
2024-05-08 15:00:00+00:00,41347.87711704657,41839.218350645955,41606.591950040805,41694.38335630635,176.08853995310878
2024-05-08 16:00:00+00:00,41694.38335630635,41664.822526425836,41523.902758774784,41566.24771400793,147.2570129403241
2024-05-08 17:00:00+00:00,41566.24771400793,42185.92567044243,42036.251251012894,42056.6031803102,94.62595429930084
2024-05-08 18:00:00+00:00,42056.6031803102,41721.086782626655,41535.546772994785,41587.072951768845,127.88267968703589
2024-05-08 19:00:00+00:00,41587.072951768845,41429.34244223962,41216.457964716334,41322.3703644784,113.29220233561696
2024-05-08 20:00:00+00:00,41322.3703644784,42064.76898568208,41854.48475651612,41970.72544370261,57.38975702251341
2024-05-08 21:00:00+00:00,41970.72544370261,41639.057822541996,41388.48971528231,41523.14339611463,77.29528273012512
2024-05-08 22:00:00+00:00,41523.14339611463,42423.97090093023,42191.664216561956,42257.766321609575,155.38929689418427
2024-05-08 23:00:00+00:00,42257.766321609575,43437.037157351166,43379.54318581658,43396.3103230386,108.29173865970365
2024-05-09 00:00:00+00:00,43396.3103230386,43867.73407868533,43760.19519849019,43862.726740226775,83.45765871040086
2024-05-09 01:00:00+00:00,43862.726740226775,44236.9015420004,43906.011400335236,44082.21485054818,130.00720675703704
2024-05-09 02:00:00+00:00,44082.21485054818,43922.53496472644,43732.80956517977,43843.013098295094,143.67274845943433
2024-05-09 03:00:00+00:00,43843.013098295094,44703.937111753265,44576.02214271567,44644.20950968252,170.2409684465638
2024-05-09 04:00:00+00:00,44644.20950968252,45156.36304282231,45050.61749656259,45118.82820031605,181.172314389363
2024-05-09 05:00:00+00:00,45118.82820031605,44650.886730744736,44453.50253002425,44525.008308372206,64.11994597438968
2024-05-09 06:00:00+00:00,44525.008308372206,44133.71445343374,44031.038030531236,44078.17573757063,82.04750442872697
2024-05-09 07:00:00+00:00,44078.17573757063,44695.04391381286,44648.860887845534,44688.25369338012,175.75454611755393
2024-05-09 08:00:00+00:00,44688.25369338012,44710.48404412243,44581.06122903922,44695.867862459236,198.95018037620508
2024-05-09 09:00:00+00:00,44695.867862459236,46263.54117780308,46068.78940723167,46220.74757171579,178.01568558849922
2024-05-09 10:00:00+00:00,46220.74757171579,46530.46180917599,46373.01129798427,46385.43436970906,151.1599305175992
2024-05-09 11:00:00+00:00,46385.43436970906,46072.60023333733,45994.697353639014,46052.92718487753,150.75501255692944
2024-05-09 12:00:00+00:00,46052.92718487753,47299.81658156415,47214.07200581663,47241.929419928354,71.64558108779138
2024-05-09 13:00:00+00:00,47241.929419928354,47999.73171439276,47656.52712511373,47810.14780784909,102.62497275008846
2024-05-09 14:00:00+00:00,47810.14780784909,48014.63003894252,47740.95238350128,47838.14532062324,164.20144345317925
2024-05-09 15:00:00+00:00,47838.14532062324,48073.22968169901,47817.49494329948,47981.80823066698,162.97708539955397
2024-05-09 16:00:00+00:00,47981.80823066698,47843.27537532265,47651.82643215,47831.89887908367,187.33698116353247
2024-05-09 17:00:00+00:00,47831.89887908367,47947.231157095885,47628.301570517346,47764.69568817997,52.43021296787605
2024-05-09 18:00:00+00:00,47764.69568817997,47810.512280017225,47641.38110176165,47661.75471789777,101.11027287463217
2024-05-09 19:00:00+00:00,47661.75471789777,48825.46315190161,48592.118857990215,48657.76157792073,64.78880527611743
2024-05-09 20:00:00+00:00,48657.76157792073,48334.44509368448,48127.52065919546,48214.4601009141,186.88513947653922
2024-05-09 21:00:00+00:00,48214.4601009141,48405.39219844141,48200.3538454213,48363.65469181111,108.93126862502427
2024-05-09 22:00:00+00:00,48363.65469181111,47762.8460686559,47568.20017112696,47573.62359460108,144.33683983718657
2024-05-09 23:00:00+00:00,47573.62359460108,49187.123765918586,48996.48210618505,49169.265540585526,116.75401942509063
2024-05-10 00:00:00+00:00,49169.265540585526,49626.776073286965,49456.22866850636,49472.602689879925,52.95855979973861
2024-05-10 01:00:00+00:00,49472.602689879925,48313.700585926,48023.394694405055,48149.98068870357,106.61792302172017
2024-05-10 02:00:00+00:00,48149.98068870357,46930.31635516914,46748.0844213378,46784.1944537649,192.6490017199972
2024-05-10 03:00:00+00:00,46784.1944537649,46226.79333982124,46117.9211557925,46191.45732862285,67.86387324221552
2024-05-10 04:00:00+00:00,46191.45732862285,47803.00933025981,47536.38070221606,47641.44398512651,120.48798315504507
2024-05-10 05:00:00+00:00,47641.44398512651,47867.78224230967,47685.827576628384,47794.47761958358,134.15373860426735
2024-05-10 06:00:00+00:00,47794.47761958358,47454.13691536811,47253.82064205941,47429.532321429535,75.93629010191201
2024-05-10 07:00:00+00:00,47429.532321429535,48370.342030670334,48285.07157518784,48307.97759340707,153.19396814303718
2024-05-10 08:00:00+00:00,48307.97759340707,49086.42604220676,48901.599194409486,49020.54653322249,100.74258210078312
2024-05-10 09:00:00+00:00,49020.54653322249,48739.313704582375,48624.46611344282,48727.43583526213,182.4497458227713
2024-05-10 10:00:00+00:00,48727.43583526213,48896.20151209568,48737.86781918797,48889.67105500652,124.56769362103965
2024-05-10 11:00:00+00:00,48889.67105500652,48287.09249066155,48032.37920603203,48200.865618318974,177.32656280061474
2024-05-10 12:00:00+00:00,48200.865618318974,47218.71501392445,47047.38056970496,47170.57473432856,132.82118723872586
2024-05-10 13:00:00+00:00,47170.57473432856,46530.4799042112,46387.15692777137,46471.02574750896,121.22941978257758
2024-05-10 14:00:00+00:00,46471.02574750896,47781.75190049635,47582.03168570637,47612.72582913991,87.46162358620533
2024-05-10 15:00:00+00:00,47612.72582913991,46972.75903213825,46744.39270109883,46889.331197941196,114.51887019975732
2024-05-10 16:00:00+00:00,46889.331197941196,47957.21250715051,47785.5046788301,47877.344213929755,116.48165616618866
2024-05-10 17:00:00+00:00,47877.344213929755,46506.22233163097,46175.8012794772,46347.93678473026,118.64339123465832
2024-05-10 18:00:00+00:00,46347.93678473026,45137.96968305843,45032.02905615738,45123.58972697537,146.5612710078612
2024-05-10 19:00:00+00:00,45123.58972697537,46033.87750513393,45909.114305739204,46024.34264628697,135.2278028971415
2024-05-10 20:00:00+00:00,46024.34264628697,45854.12394190264,45739.96182097245,45829.12491534844,128.30636971515847
2024-05-10 21:00:00+00:00,45829.12491534844,45707.06696843021,45515.96714567577,45577.24725123984,150.84036841703175
2024-05-10 22:00:00+00:00,45577.24725123984,47034.939022312894,46930.37618776858,46991.9189396597,157.13589906087117
2024-05-10 23:00:00+00:00,46991.9189396597,47643.15234389346,47383.26361998853,47456.15724696682,113.35270774179325
2024-05-11 00:00:00+00:00,47456.15724696682,47579.77133834751,47314.09737457182,47471.75360250682,65.87077768908988
2024-05-11 01:00:00+00:00,47471.75360250682,48039.96353093751,47962.70746599601,48038.01005954262,110.00499960171894
2024-05-11 02:00:00+00:00,48038.01005954262,47194.843580396584,47072.93671693539,47186.660144076835,139.58100119821978
2024-05-11 03:00:00+00:00,47186.660144076835,47007.84596055948,46761.67871395693,46823.68950808381,157.48210879795027
2024-05-11 04:00:00+00:00,46823.68950808381,47007.4129343129,46828.24036117713,47000.489042557005,139.94101640444418
2024-05-11 05:00:00+00:00,47000.489042557005,46733.907519882196,46425.246773584004,46590.518847177715,182.5411813059954
2024-05-11 06:00:00+00:00,46590.518847177715,47156.638840382926,46989.163908802315,47014.88857936563,119.09412835548417
2024-05-11 07:00:00+00:00,47014.88857936563,45891.09232676803,45656.17541978536,45817.455626598734,138.34803927815975
2024-05-11 08:00:00+00:00,45817.455626598734,47441.358767354985,47216.7586217717,47276.6422288908,198.0264482652101
2024-05-11 09:00:00+00:00,47276.6422288908,46758.949265510615,46583.24245678932,46681.14248112212,91.60945178923174
2024-05-11 10:00:00+00:00,46681.14248112212,46026.12704287518,45741.576496035865,45902.17217660372,81.7243573438173
2024-05-11 11:00:00+00:00,45902.17217660372,46100.77017576487,45987.30942826112,46022.80646229383,149.50643382055765
2024-05-11 12:00:00+00:00,46022.80646229383,46548.24614327307,46475.5700824202,46519.99015210457,142.75258091620526
2024-05-11 13:00:00+00:00,46519.99015210457,45964.16004880862,45779.45237094763,45868.364452213325,147.29758460661532
2024-05-11 14:00:00+00:00,45868.364452213325,45895.79290158189,45536.976663407375,45718.417451548936,91.83513590752777
2024-05-11 15:00:00+00:00,45718.417451548936,45475.754385669585,45278.183038953124,45345.9121011791,165.39989355295714
2024-05-11 16:00:00+00:00,45345.9121011791,44391.86343743859,44074.856861687695,44227.99835063277,133.26589552014354
2024-05-11 17:00:00+00:00,44227.99835063277,44116.899413447136,43970.14365053403,44070.16736960276,173.51915402975249
2024-05-11 18:00:00+00:00,44070.16736960276,44195.57463671502,43938.089657722856,44072.777826912126,97.45091337884412
2024-05-11 19:00:00+00:00,44072.777826912126,44250.78057894549,44121.22292514772,44189.82333006677,124.24381753790475
2024-05-11 20:00:00+00:00,44189.82333006677,43938.677014631765,43637.70415507484,43783.05626484723,196.52208695665598
2024-05-11 21:00:00+00:00,43783.05626484723,44203.883870471785,43897.8161803543,44028.89678654586,112.54755822504299
2024-05-11 22:00:00+00:00,44028.89678654586,43862.27714542166,43761.05458893892,43852.45582263357,148.74830993329454
2024-05-11 23:00:00+00:00,43852.45582263357,45042.43766235774,44911.53208190882,44997.114774236165,161.93630771078563
2024-05-12 00:00:00+00:00,44997.114774236165,44970.36173662221,44866.99993950338,44877.065405287496,169.74979462469105
2024-05-12 01:00:00+00:00,44877.065405287496,45238.623972560265,44944.035332939144,45106.609815796866,124.95680790943541
2024-05-12 02:00:00+00:00,45106.609815796866,45369.44181573354,45257.92851622778,45354.453961062136,108.66581734580573
2024-05-12 03:00:00+00:00,45354.453961062136,45127.960573634686,44882.824275174986,45017.25187244319,67.05044246841803
2024-05-12 04:00:00+00:00,45017.25187244319,45499.68873577633,45268.8003538185,45381.3953086308,85.5987598731441
2024-05-12 05:00:00+00:00,45381.3953086308,46569.871349471236,46312.28922053802,46436.11914568915,165.05200736560795
2024-05-12 06:00:00+00:00,46436.11914568915,47763.513919770594,47520.54635593274,47681.596157082546,79.30148369476467
2024-05-12 07:00:00+00:00,47681.596157082546,47221.05611083071,47132.20484980788,47213.47296029354,197.74025297685603
2024-05-12 08:00:00+00:00,47213.47296029354,46851.35696749406,46655.32279262819,46756.28499565096,83.79028094563118
2024-05-12 09:00:00+00:00,46756.28499565096,46759.695580723856,46623.340757448444,46679.96620611971,91.539570911895
2024-05-12 10:00:00+00:00,46679.96620611971,46816.620581819625,46728.08352732921,46790.33603519078,98.780493011413
2024-05-12 11:00:00+00:00,46790.33603519078,46019.262063296774,45751.16625255273,45912.53576035133,196.35048933760677
2024-05-12 12:00:00+00:00,45912.53576035133,44820.550629797355,44699.96474205983,44775.91262542811,69.79796990563595
2024-05-12 13:00:00+00:00,44775.91262542811,45123.590110657664,44784.93964864228,44955.56153544304,73.21823647196582
2024-05-12 14:00:00+00:00,44955.56153544304,44971.47222627929,44804.191357865726,44897.693730628285,56.964524123875826
2024-05-12 15:00:00+00:00,44897.693730628285,45242.4379633104,44959.899638619805,45077.84540806643,62.19918603867383
2024-05-12 16:00:00+00:00,45077.84540806643,46005.21753923253,45664.702358048955,45837.963977691084,196.64048473562917
2024-05-12 17:00:00+00:00,45837.963977691084,44901.12873734122,44725.59229447034,44794.51452334974,150.8526877196353
2024-05-12 18:00:00+00:00,44794.51452334974,45119.01455308391,44926.834247841405,44950.21802915421,187.09000513519032
2024-05-12 19:00:00+00:00,44950.21802915421,46098.07655076861,45966.40803131795,45980.19275576847,172.16736221991758
2024-05-12 20:00:00+00:00,45980.19275576847,45771.9248704495,45625.975240717584,45670.410313819855,96.73627048069133
2024-05-12 21:00:00+00:00,45670.410313819855,45640.285850664266,45350.76287795289,45497.58779472004,70.84358383798983
2024-05-12 22:00:00+00:00,45497.58779472004,46253.188640973145,46201.9810982487,46243.44220025706,93.9744935867958
2024-05-12 23:00:00+00:00,46243.44220025706,45907.8188422848,45804.420531339565,45902.691348299224,72.41688439651537
2024-05-13 00:00:00+00:00,45902.691348299224,45137.45315061399,44984.281131873504,44987.56157846108,105.79116594332936
2024-05-13 01:00:00+00:00,44987.56157846108,46043.359151980054,45915.94335625815,45977.1140160625,166.34203604969827
2024-05-13 02:00:00+00:00,45977.1140160625,44556.21582682265,44381.39555413318,44422.3047834145,121.77708633299447
2024-05-13 03:00:00+00:00,44422.3047834145,45497.40374580099,45391.64664318998,45421.332961996166,86.00766024738674
2024-05-13 04:00:00+00:00,45421.332961996166,45999.93676204967,45856.48506269953,45898.29301506463,50.78822054605903
2024-05-13 05:00:00+00:00,45898.29301506463,45216.01363574521,45057.1602798025,45156.666760990985,51.43535799993867
2024-05-13 06:00:00+00:00,45156.666760990985,44867.68211047892,44555.33992759499,44707.62588149094,99.26872147833159
2024-05-13 07:00:00+00:00,44707.62588149094,43347.80004777165,43128.59642420459,43198.46667993914,180.2604243672328
2024-05-13 08:00:00+00:00,43198.46667993914,43172.28164561164,43119.137674420446,43156.11602201611,190.02401838724344
2024-05-13 09:00:00+00:00,43156.11602201611,43834.05231023705,43656.77973570299,43758.69264618011,120.1375429183115
2024-05-13 10:00:00+00:00,43758.69264618011,43668.27753565437,43493.564163228744,43560.96697531075,161.05721259102046
2024-05-13 11:00:00+00:00,43560.96697531075,42321.87680288004,42212.266819487755,42314.19883742748,194.8741191552811
2024-05-13 12:00:00+00:00,42314.19883742748,42300.772043074634,42082.38035800497,42214.224961639964,97.6924419717422
2024-05-13 13:00:00+00:00,42214.224961639964,42685.21988256251,42524.74781131768,42528.33507678034,139.23944846379868
2024-05-13 14:00:00+00:00,42528.33507678034,42650.710027541136,42442.636835333695,42553.46233003527,88.24209911349881
2024-05-13 15:00:00+00:00,42553.46233003527,42111.04347840685,41895.27787621078,41959.88459458993,74.02109943648297
2024-05-13 16:00:00+00:00,41959.88459458993,40726.74436452256,40594.475752460596,40715.462952835616,61.82845603955009
2024-05-13 17:00:00+00:00,40715.462952835616,41328.882219900384,41111.76553692805,41203.340220654354,90.68491690993342
2024-05-13 18:00:00+00:00,41203.340220654354,41206.90232131227,41115.74771486553,41187.83150324588,141.42261243819135
2024-05-13 19:00:00+00:00,41187.83150324588,40832.87352336571,40715.00592666673,40723.138369643835,157.25004064617121
2024-05-13 20:00:00+00:00,40723.138369643835,41362.799247650124,41126.59929039642,41211.37358864857,101.5870688129464
2024-05-13 21:00:00+00:00,41211.37358864857,41729.56282907219,41550.80694742017,41714.83781246913,138.23882736695847
2024-05-13 22:00:00+00:00,41714.83781246913,40969.3987099229,40784.84990206943,40871.14026965607,133.86377312054015
2024-05-13 23:00:00+00:00,40871.14026965607,41471.25864461916,41190.51870249481,41323.22739643499,137.645505125215
2024-05-14 00:00:00+00:00,41323.22739643499,42777.492272920026,42515.263571891475,42614.98155539711,117.01828729177939
2024-05-14 01:00:00+00:00,42614.98155539711,43746.59005321149,43490.99578891743,43606.55451177652,147.53361844258913
2024-05-14 02:00:00+00:00,43606.55451177652,43519.87607656165,43311.68152332969,43472.695387600266,150.1047903062488
2024-05-14 03:00:00+00:00,43472.695387600266,42710.710622892504,42422.49864876943,42575.19653621905,123.29984512837531
2024-05-14 04:00:00+00:00,42575.19653621905,42545.346316249095,42317.65979214421,42410.21393918043,50.337895191816386
2024-05-14 05:00:00+00:00,42410.21393918043,44060.97311863438,43875.58342042326,43896.8636090839,92.228146084635
2024-05-14 06:00:00+00:00,43896.8636090839,45045.22962834428,45010.94318856506,45032.16057479988,70.795740593208
2024-05-14 07:00:00+00:00,45032.16057479988,43894.50157390969,43681.22777313385,43750.804786828136,145.6758120773256
2024-05-14 08:00:00+00:00,43750.804786828136,45430.72983883711,45211.901164686,45375.18498791619,185.0370137704262
2024-05-14 09:00:00+00:00,45375.18498791619,44934.286656742595,44797.19345483962,44883.410079081674,150.82874671296588
2024-05-14 10:00:00+00:00,44883.410079081674,45225.452620388234,45109.71693364014,45175.41187450941,134.27825062255687
2024-05-14 11:00:00+00:00,45175.41187450941,44907.59377649676,44628.7129796608,44729.60837284034,68.59786925680442
2024-05-14 12:00:00+00:00,44729.60837284034,44436.63124933692,44246.170002020335,44381.71377036379,57.32618643561523
2024-05-14 13:00:00+00:00,44381.71377036379,44635.22091453919,44579.91965449187,44582.29441081817,170.2598244882849
2024-05-14 14:00:00+00:00,44582.29441081817,44771.791406540295,44620.59304566938,44674.74940454104,114.92672685333444
2024-05-14 15:00:00+00:00,44674.74940454104,43929.48599025912,43769.879133519054,43786.23647221812,72.80431463809401
2024-05-14 16:00:00+00:00,43786.23647221812,43932.401778213156,43670.94486573343,43797.626833600145,63.81843574031526
2024-05-14 17:00:00+00:00,43797.626833600145,43458.53009298018,43157.86192961629,43315.114051018594,190.07866524054626
2024-05-14 18:00:00+00:00,43315.114051018594,43286.2379698006,42981.71330531779,43133.07886141073,139.7359538222746
2024-05-14 19:00:00+00:00,43133.07886141073,43051.412572205816,42851.352259856736,43012.1625199936,93.47722747242268
2024-05-14 20:00:00+00:00,43012.1625199936,42433.437115251145,42244.20569029534,42269.961165064095,177.360112136623
2024-05-14 21:00:00+00:00,42269.961165064095,42155.54122695479,42051.08534461808,42129.61352623803,57.216754954105674
2024-05-14 22:00:00+00:00,42129.61352623803,42999.45616891359,42772.212708671505,42934.27790767259,181.6866940518625
2024-05-14 23:00:00+00:00,42934.27790767259,43339.31859970972,43253.58673411701,43259.60339052121,159.9587832373541
2024-05-15 00:00:00+00:00,43259.60339052121,42795.39169737362,42736.513434582965,42747.01885227181,148.62633168441658
2024-05-15 01:00:00+00:00,42747.01885227181,42843.40853131751,42562.29442115152,42680.125096861084,126.98151846726196
2024-05-15 02:00:00+00:00,42680.125096861084,42713.62042037784,42531.45309171849,42595.01475474845,65.89134115951084
2024-05-15 03:00:00+00:00,42595.01475474845,42601.468362121785,42310.34668920923,42472.44390171289,88.03081043053068
2024-05-15 04:00:00+00:00,42472.44390171289,41719.82735885236,41616.52296589014,41635.70817954136,55.50655896172917
2024-05-15 05:00:00+00:00,41635.70817954136,41480.50989628459,41458.53719662203,41474.62930720225,125.61919563028793
2024-05-15 06:00:00+00:00,41474.62930720225,41845.07374425066,41681.265785430594,41687.10188484214,56.890381655373545
2024-05-15 07:00:00+00:00,41687.10188484214,41114.61264538077,40999.5857232586,41037.744236049155,73.7948323403665
2024-05-15 08:00:00+00:00,41037.744236049155,39722.607636345594,39578.84544074781,39659.434714778814,198.7035150679343
2024-05-15 09:00:00+00:00,39659.434714778814,40367.60799263834,40256.50297762333,40288.66170008923,116.57128693635302
2024-05-15 10:00:00+00:00,40288.66170008923,40669.344689576355,40560.51275468259,40567.28066538434,91.5029246460222
2024-05-15 11:00:00+00:00,40567.28066538434,41436.45378599904,41203.41910615979,41324.61113891833,108.16228197330247
2024-05-15 12:00:00+00:00,41324.61113891833,42788.16820996782,42500.46856135568,42634.41958418207,109.60003283150053
2024-05-15 13:00:00+00:00,42634.41958418207,43845.506030985794,43698.87559405463,43821.42783124418,180.78674217126644
2024-05-15 14:00:00+00:00,43821.42783124418,43937.410406182826,43750.17390577992,43862.73570924013,188.29143029791152
2024-05-15 15:00:00+00:00,43862.73570924013,44449.86262295629,44184.417505538426,44351.566758874345,102.20526422491014
2024-05-15 16:00:00+00:00,44351.566758874345,44319.77457710077,44096.398390744944,44196.13918453683,91.29534368432238
2024-05-15 17:00:00+00:00,44196.13918453683,44474.77106063394,44235.22010217893,44358.31235032224,123.8313606896028
2024-05-15 18:00:00+00:00,44358.31235032224,44755.743521297445,44441.94326519581,44617.95781357913,175.9163255161053
2024-05-15 19:00:00+00:00,44617.95781357913,45105.07500629601,45011.19041073119,45095.85520918059,154.32739053831926
2024-05-15 20:00:00+00:00,45095.85520918059,44873.36433554828,44752.41039542996,44865.27381733622,151.43866374960845
2024-05-15 21:00:00+00:00,44865.27381733622,45435.4345741889,45284.091806766795,45298.233612422264,167.00390065073225
2024-05-15 22:00:00+00:00,45298.233612422264,44855.82213758249,44598.26238066865,44745.43558095751,149.1919462509195
2024-05-15 23:00:00+00:00,44745.43558095751,43728.94004943065,43594.443944094186,43684.530340733734,193.3094663821383
2024-05-16 00:00:00+00:00,43684.530340733734,43727.87651456502,43492.33196274255,43563.260175319505,50.023833630086976
2024-05-16 01:00:00+00:00,43563.260175319505,44384.10615199362,44113.18880585718,44225.90365118735,161.1036318399255
2024-05-16 02:00:00+00:00,44225.90365118735,43862.551962823025,43617.074828611905,43695.700423756374,53.03584630100717
2024-05-16 03:00:00+00:00,43695.700423756374,42993.57889920467,42939.54767846557,42946.524841458064,95.56498467908236
2024-05-16 04:00:00+00:00,42946.524841458064,44159.6674406479,43890.83447380659,44013.99133992597,82.06780633356169
2024-05-16 05:00:00+00:00,44013.99133992597,43689.35890156271,43532.00596219532,43654.88521828969,147.41660382994672
2024-05-16 06:00:00+00:00,43654.88521828969,43543.24389350119,43402.13075769117,43529.86364490023,72.26191143401643
2024-05-16 07:00:00+00:00,43529.86364490023,44299.55258165989,44166.54132843512,44189.696525637984,51.711302220337856
2024-05-16 08:00:00+00:00,44189.696525637984,44433.414241648185,44298.61693417176,44352.62742218926,157.09551905128484
2024-05-16 09:00:00+00:00,44352.62742218926,45602.40868362772,45306.12103854133,45429.57439505506,179.27980520530642
2024-05-16 10:00:00+00:00,45429.57439505506,45338.4221390873,45264.94731888484,45319.856049631904,56.89083268428834
2024-05-16 11:00:00+00:00,45319.856049631904,45105.941846719536,44968.18480207721,45037.9768698792,146.20267482062212
2024-05-16 12:00:00+00:00,45037.9768698792,45739.9475214017,45671.88757527917,45674.1478624259,117.9482951177876
2024-05-16 13:00:00+00:00,45674.1478624259,46733.410064415526,46555.92682162285,46568.302683997026,130.95503068101925
2024-05-16 14:00:00+00:00,46568.302683997026,46455.55814752887,46255.99213993846,46380.50459908277,135.661193369915
2024-05-16 15:00:00+00:00,46380.50459908277,45377.18784218958,45086.230397195344,45215.80362927512,90.64748642901876
2024-05-16 16:00:00+00:00,45215.80362927512,44610.62101959405,44459.80806947701,44578.09788866384,115.83409883953779
2024-05-16 17:00:00+00:00,44578.09788866384,43576.550420331594,43545.47303956982,43568.5100259036,164.59637821214062
2024-05-16 18:00:00+00:00,43568.5100259036,43313.163643889486,43170.90536582242,43272.83971526322,111.49799257119204
2024-05-16 19:00:00+00:00,43272.83971526322,43250.22244573301,43219.36754616005,43245.93316914738,95.81035384015418
2024-05-16 20:00:00+00:00,43245.93316914738,42801.68306473096,42616.35200953523,42780.15577394488,155.55840523686783
2024-05-16 21:00:00+00:00,42780.15577394488,43819.17818319908,43675.71991154189,43724.00857057313,177.74334786570378
2024-05-16 22:00:00+00:00,43724.00857057313,43547.10094206588,43454.588812350165,43544.37720833997,145.96912558475543
2024-05-16 23:00:00+00:00,43544.37720833997,44401.749241974234,44262.3412162221,44316.58018632942,140.42270223922006
2024-05-17 00:00:00+00:00,44316.58018632942,44031.512528754916,43862.74292013021,43865.3390737293,134.00776587780908
2024-05-17 01:00:00+00:00,43865.3390737293,43805.35365976627,43573.21981787308,43659.52410125888,198.93322199017166
2024-05-17 02:00:00+00:00,43659.52410125888,44562.95911540951,44463.947920775514,44534.21585951219,192.45671435182078
2024-05-17 03:00:00+00:00,44534.21585951219,43763.29194597635,43607.08709958733,43670.01400946099,54.527612675497615
2024-05-17 04:00:00+00:00,43670.01400946099,42504.84502987136,42400.58535974797,42488.150486843064,163.9380977659145
2024-05-17 05:00:00+00:00,42488.150486843064,41905.33533629645,41610.38612490755,41742.120574293476,189.12749435867642
2024-05-17 06:00:00+00:00,41742.120574293476,42157.80648782517,41897.96768255068,42019.62004169416,157.46389016113795
2024-05-17 07:00:00+00:00,42019.62004169416,41484.72337025127,41261.41217910005,41382.56183542295,124.75467867529885
2024-05-17 08:00:00+00:00,41382.56183542295,41403.25372561341,41284.517801400485,41301.61586731938,126.3583944255392
2024-05-17 09:00:00+00:00,41301.61586731938,42026.6300482829,41862.954344711965,41948.38813361523,145.54017179769238
2024-05-17 10:00:00+00:00,41948.38813361523,42238.40282125537,42067.215931461564,42141.73293552746,94.44670199428407
2024-05-17 11:00:00+00:00,42141.73293552746,41759.65585642474,41643.51310664655,41748.65817378071,109.76288961405878
2024-05-17 12:00:00+00:00,41748.65817378071,43065.849260513925,42828.4986906328,42894.53239528569,196.62011131661285
2024-05-17 13:00:00+00:00,42894.53239528569,43738.77485996694,43558.99489404749,43704.430415739116,150.3260555798244
2024-05-17 14:00:00+00:00,43704.430415739116,44651.71579292413,44461.58001374283,44595.6151310268,71.03319978735901
2024-05-17 15:00:00+00:00,44595.6151310268,44839.3872759413,44635.79878519845,44795.706146482866,163.85251057288409
2024-05-17 16:00:00+00:00,44795.706146482866,45209.61258662676,44998.359068585734,45038.107732872835,98.36421075386899
2024-05-17 17:00:00+00:00,45038.107732872835,44823.53077219799,44527.512053873616,44690.33753315625,165.892862634535
2024-05-17 18:00:00+00:00,44690.33753315625,45428.03525333201,45154.95138508096,45289.00176040846,81.57704096238099
2024-05-17 19:00:00+00:00,45289.00176040846,45965.44851375225,45791.090120236375,45837.30921378223,169.45960405150794
2024-05-17 20:00:00+00:00,45837.30921378223,46198.90938774712,45982.79594006315,46048.36272775081,137.64801255530716
2024-05-17 21:00:00+00:00,46048.36272775081,45423.2794410116,45211.99859660286,45353.07367993745,91.58905123060107
2024-05-17 22:00:00+00:00,45353.07367993745,45736.696673456965,45646.99540904387,45675.58846407837,137.39494527902866
2024-05-17 23:00:00+00:00,45675.58846407837,44960.72266130705,44675.78619920376,44852.46367766946,84.1495502650015
2024-05-18 00:00:00+00:00,44852.46367766946,45157.02222732539,44825.7711393342,44977.71981950268,179.3088437115289
2024-05-18 01:00:00+00:00,44977.71981950268,44345.52144349789,44147.70935387845,44244.408697762694,197.9885176224456
2024-05-18 02:00:00+00:00,44244.408697762694,43207.163847464326,43042.51496260323,43159.248266908224,127.18226286662384
2024-05-18 03:00:00+00:00,43159.248266908224,43520.99053176362,43360.265832255376,43492.10117033999,192.62524179840705
2024-05-18 04:00:00+00:00,43492.10117033999,42916.52643668628,42870.45777736273,42893.264684974565,187.43837728445567
2024-05-18 05:00:00+00:00,42893.264684974565,41940.360670862014,41854.06864924777,41868.07875668327,127.61439687590514
2024-05-18 06:00:00+00:00,41868.07875668327,41954.82559980028,41757.49264887554,41851.17003473674,80.09000723898166
2024-05-18 07:00:00+00:00,41851.17003473674,42744.5769581877,42529.48267622088,42684.26778209456,168.26515199855478
2024-05-18 08:00:00+00:00,42684.26778209456,43014.01847511395,42805.88248829956,42926.89966564134,60.29841796493356
2024-05-18 09:00:00+00:00,42926.89966564134,43283.02365762453,43162.28066478487,43219.75978299435,101.62414670239427
2024-05-18 10:00:00+00:00,43219.75978299435,42637.46523728726,42515.02013735091,42517.778978819086,174.20830894344664
2024-05-18 11:00:00+00:00,42517.778978819086,42800.18126490551,42662.8535728152,42747.096487983894,75.51554564804817
2024-05-18 12:00:00+00:00,42747.096487983894,42030.56412074498,41775.60775138492,41895.49981407284,173.96421945435281
2024-05-18 13:00:00+00:00,41895.49981407284,41016.693245954615,40869.86195885159,40919.10346603934,174.0129838131744
2024-05-18 14:00:00+00:00,40919.10346603934,41959.20564984879,41766.76805364732,41878.4650943214,198.569368796927
2024-05-18 15:00:00+00:00,41878.4650943214,42193.903588584304,42103.398069698065,42193.49381453638,170.7617417568797
2024-05-18 16:00:00+00:00,42193.49381453638,43015.34827706071,42797.65139552679,42926.88431547537,79.35579009374013
2024-05-18 17:00:00+00:00,42926.88431547537,44742.5558599043,44548.57537327103,44579.260484548664,132.1980399938898
2024-05-18 18:00:00+00:00,44579.260484548664,43987.561046915136,43729.037521715945,43874.74869744761,138.04346939660928
2024-05-18 19:00:00+00:00,43874.74869744761,43628.57560988994,43368.93689781403,43459.504975824064,151.6815145015142
2024-05-18 20:00:00+00:00,43459.504975824064,42585.19554281946,42454.88358235721,42530.18763593815,55.27996100958054
2024-05-18 21:00:00+00:00,42530.18763593815,43881.04001556051,43737.611860697936,43819.430936726574,50.60314220870352
2024-05-18 22:00:00+00:00,43819.430936726574,44210.20093346963,44060.75746405065,44109.05825202483,191.41974922414795
2024-05-18 23:00:00+00:00,44109.05825202483,44576.29914192779,44385.63470402522,44434.28402125143,130.9370583577914
2024-05-19 00:00:00+00:00,44434.28402125143,44438.402042659414,44390.00415468829,44436.3878470253,190.12527541154054
2024-05-19 01:00:00+00:00,44436.3878470253,44366.62286016197,44200.74871536506,44251.04383940587,83.55798522081405
2024-05-19 02:00:00+00:00,44251.04383940587,43027.83665120196,42799.41204381119,42907.05468522151,173.66583979712502
2024-05-19 03:00:00+00:00,42907.05468522151,42467.6390206719,42339.54870595736,42401.727196946624,148.04977632010682
2024-05-19 04:00:00+00:00,42401.727196946624,42583.155018130245,42331.57005008533,42484.64433985284,179.3939993966243
2024-05-19 05:00:00+00:00,42484.64433985284,42447.067149058756,42371.611344459125,42407.645139868546,129.43825457981012
2024-05-19 06:00:00+00:00,42407.645139868546,43330.41012855251,43238.160849267675,43270.285737937316,144.53680103246825
2024-05-19 07:00:00+00:00,43270.285737937316,44142.502232271334,44016.61951599292,44022.51098779711,104.42286654590265
2024-05-19 08:00:00+00:00,44022.51098779711,43682.223898091346,43429.90749928621,43579.02383254795,61.146082121679335
2024-05-19 09:00:00+00:00,43579.02383254795,43517.81293693077,43412.146875501334,43445.91883902426,132.33802157977556
2024-05-19 10:00:00+00:00,43445.91883902426,44048.48650719321,43881.3543865032,43981.9576037437,51.83492514482384
2024-05-19 11:00:00+00:00,43981.9576037437,43879.39402687392,43687.06817098556,43744.23853806147,114.82334001321708
2024-05-19 12:00:00+00:00,43744.23853806147,44701.45292428577,44441.061658054256,44611.77764049706,119.04468066123819
2024-05-19 13:00:00+00:00,44611.77764049706,44911.635412635675,44747.16986930235,44809.72669488377,69.32280426889088
2024-05-19 14:00:00+00:00,44809.72669488377,45717.80605162983,45521.99097421214,45628.21231697303,134.07259379396268
2024-05-19 15:00:00+00:00,45628.21231697303,46486.78958042992,46178.61802563965,46324.115338629665,184.9214073396022
2024-05-19 16:00:00+00:00,46324.115338629665,46296.33005860898,45995.53298364975,46138.10863314783,107.21435531792969
2024-05-19 17:00:00+00:00,46138.10863314783,44986.67380166259,44794.088799119425,44871.60224722672,158.52208645052772
2024-05-19 18:00:00+00:00,44871.60224722672,45446.45221978621,45294.007004548876,45392.09610313258,168.19547702769773
2024-05-19 19:00:00+00:00,45392.09610313258,47010.30396770412,46658.54849431497,46843.972719381825,141.28929720921917
2024-05-19 20:00:00+00:00,46843.972719381825,47620.838087659795,47447.33787824252,47574.27359179633,82.47002252174246
2024-05-19 21:00:00+00:00,47574.27359179633,48070.09251670224,47861.3850221336,47924.786704611506,51.41979461376474
2024-05-19 22:00:00+00:00,47924.786704611506,48806.242428966485,48544.60836381713,48641.39844399981,163.16134588461443
2024-05-19 23:00:00+00:00,48641.39844399981,49796.9444956054,49763.68691481145,49782.89696104493,197.34651596453244
2024-05-20 00:00:00+00:00,49782.89696104493,48524.592987513606,48237.78243510488,48402.410973452534,194.85985653028774
2024-05-20 01:00:00+00:00,48402.410973452534,48943.64006749576,48673.81078487955,48791.69677674025,129.48646360007467
2024-05-20 02:00:00+00:00,48791.69677674025,49386.45148888528,49148.53943869264,49251.1535298088,80.06711171556492
2024-05-20 03:00:00+00:00,49251.1535298088,50081.823473810044,49757.590286839404,49912.60827829177,199.04443708665073
2024-05-20 04:00:00+00:00,49912.60827829177,50380.276753516184,50099.491934602294,50207.21676664352,171.46624215278194
2024-05-20 05:00:00+00:00,50207.21676664352,49262.407606404086,48975.561570559534,49074.84897345043,171.76911537077655
2024-05-20 06:00:00+00:00,49074.84897345043,48896.0115047647,48613.48566736316,48703.8841337053,60.286414091400374
2024-05-20 07:00:00+00:00,48703.8841337053,49206.907401108925,48947.96240264661,49107.334014354965,175.9197347303645
2024-05-20 08:00:00+00:00,49107.334014354965,49228.954378190865,49082.65661730942,49121.528826907226,95.32041918204246
2024-05-20 09:00:00+00:00,49121.528826907226,48854.90216878107,48588.25946632858,48705.252381214814,156.69729020923435
2024-05-20 10:00:00+00:00,48705.252381214814,49013.626815669144,48850.05209374647,48983.28892530547,108.99286162417484
2024-05-20 11:00:00+00:00,48983.28892530547,49226.30975713391,49177.23514099022,49217.642348169444,183.9105249308127
2024-05-20 12:00:00+00:00,49217.642348169444,49851.8286621857,49756.0669080367,49804.590531140435,143.40267863359003
2024-05-20 13:00:00+00:00,49804.590531140435,50450.99289670486,50290.52741531835,50292.2294887505,52.342067597987196
2024-05-20 14:00:00+00:00,50292.2294887505,50676.02295576564,50460.953482324214,50536.93733894267,97.7007440014529
2024-05-20 15:00:00+00:00,50536.93733894267,50139.51556396651,49869.51116475684,50043.12346937893,94.1985904744574
2024-05-20 16:00:00+00:00,50043.12346937893,48583.43512776725,48490.824605413174,48530.45604557675,161.14790000817658
2024-05-20 17:00:00+00:00,48530.45604557675,49504.68334731247,49274.777485848404,49436.75559031343,97.5749813151248
2024-05-20 18:00:00+00:00,49436.75559031343,51321.0458882694,51171.8449828118,51290.71149119535,165.77565746878378
2024-05-20 19:00:00+00:00,51290.71149119535,52360.40817588075,52129.83344309996,52206.70826228777,145.51094060476535
2024-05-20 20:00:00+00:00,52206.70826228777,53607.799442146796,53327.624617729896,53534.324438425516,165.74858952684338
2024-05-20 21:00:00+00:00,53534.324438425516,52943.208651298824,52663.29322178641,52821.92941014083,182.75515451674508
2024-05-20 22:00:00+00:00,52821.92941014083,52305.143166915426,52113.23879780379,52229.193064926985,150.3806347190162
2024-05-20 23:00:00+00:00,52229.193064926985,52651.16054484743,52450.48570141958,52544.160737048776,57.91047015917965
2024-05-21 00:00:00+00:00,52544.160737048776,52784.19471581521,52462.47062311181,52622.12119622998,80.52431492950932
2024-05-21 01:00:00+00:00,52622.12119622998,53154.01048888295,52928.27267215765,53074.60672413306,134.50618316681567
2024-05-21 02:00:00+00:00,53074.60672413306,51880.50452564514,51578.24467033593,51754.391019794304,59.61937670389628
2024-05-21 03:00:00+00:00,51754.391019794304,51319.69525912099,51147.25096291899,51166.77485798371,94.01379445213428
2024-05-21 04:00:00+00:00,51166.77485798371,52622.69361711908,52474.99558679323,52557.56350096433,128.84363484457973
2024-05-21 05:00:00+00:00,52557.56350096433,54345.08572497322,54252.150161325924,54319.86435426499,163.04625819218734
2024-05-21 06:00:00+00:00,54319.86435426499,54732.829881566046,54340.70614041135,54521.22734620586,161.41960163203055
2024-05-21 07:00:00+00:00,54521.22734620586,53664.70521401336,53586.71698888636,53622.996716673915,190.5175639514795
2024-05-21 08:00:00+00:00,53622.996716673915,53798.14751169322,53497.36894009397,53609.76408903912,181.85126172857514
2024-05-21 09:00:00+00:00,53609.76408903912,53331.00857204311,53135.01447827111,53207.06514587007,183.75132250038124
2024-05-21 10:00:00+00:00,53207.06514587007,52330.669644536174,52113.39727853247,52237.54166182275,173.1189014321733
2024-05-21 11:00:00+00:00,52237.54166182275,51513.49248665617,51475.06410041905,51506.1561398677,117.75590687605154
2024-05-21 12:00:00+00:00,51506.1561398677,50836.82214077275,50755.13565538551,50809.43932998114,56.28528640333837
2024-05-21 13:00:00+00:00,50809.43932998114,49967.12112300762,49704.57332100381,49853.42230699334,88.8261738295219
2024-05-21 14:00:00+00:00,49853.42230699334,50391.86584706651,50145.43991258539,50319.019379833335,91.33445490008816
2024-05-21 15:00:00+00:00,50319.019379833335,48712.74302415708,48476.36175448645,48594.307468297215,118.29850842013633
2024-05-21 16:00:00+00:00,48594.307468297215,49832.746101548204,49709.37534121975,49824.17755916533,99.16825632790037
2024-05-21 17:00:00+00:00,49824.17755916533,52230.17572252824,52138.048345251984,52145.75751049897,81.38313932987003
2024-05-21 18:00:00+00:00,52145.75751049897,52834.38013828895,52765.16629653648,52827.086881276635,140.22118973013744
2024-05-21 19:00:00+00:00,52827.086881276635,54735.50638387988,54625.29173666567,54673.85030644319,74.01031020537646
2024-05-21 20:00:00+00:00,54673.85030644319,54364.57281853303,54108.230287955615,54222.26106477062,123.60308480744999
2024-05-21 21:00:00+00:00,54222.26106477062,54279.142815933184,54072.47561831199,54239.70849850861,142.17860468277934
2024-05-21 22:00:00+00:00,54239.70849850861,55304.48201277152,55043.42706776843,55225.53688069299,119.17428226239062
2024-05-21 23:00:00+00:00,55225.53688069299,54336.70081635061,53994.86703224797,54143.98102344658,181.68475719642387
2024-05-22 00:00:00+00:00,54143.98102344658,53524.09885960853,53233.299370125715,53403.813068263575,155.1475874737976
2024-05-22 01:00:00+00:00,53403.813068263575,53876.73061714311,53764.979932135444,53826.606166189486,98.20470570743429
2024-05-22 02:00:00+00:00,53826.606166189486,52685.94825784324,52641.98694859777,52665.796179109006,191.83203011535278
2024-05-22 03:00:00+00:00,52665.796179109006,52820.43983073147,52698.82013711397,52752.43486231453,189.09674805647273
2024-05-22 04:00:00+00:00,52752.43486231453,52506.6650385108,52383.46648553946,52491.6682601772,142.3445351368548
2024-05-22 05:00:00+00:00,52491.6682601772,52831.51844395682,52705.90737650974,52735.61012899355,156.06428362313545
2024-05-22 06:00:00+00:00,52735.61012899355,54365.0076197533,54128.86949826289,54338.57401852382,146.79994487570497
2024-05-22 07:00:00+00:00,54338.57401852382,53832.08866556365,53617.436215680114,53628.24568791889,117.33419828128953
2024-05-22 08:00:00+00:00,53628.24568791889,54909.249415842576,54591.47567223124,54784.330048359756,149.49482578994088
2024-05-22 09:00:00+00:00,54784.330048359756,54832.4272387688,54635.677165027235,54690.264341995295,164.51195089793947
2024-05-22 10:00:00+00:00,54690.264341995295,56269.51945559232,56027.371785291725,56128.985933608215,154.49607122706584
2024-05-22 11:00:00+00:00,56128.985933608215,56820.05083002715,56759.11628596666,56819.562610480665,127.87225997912296
2024-05-22 12:00:00+00:00,56819.562610480665,57171.833461894406,56892.19980821912,56991.90141941487,149.5944926273616
2024-05-22 13:00:00+00:00,56991.90141941487,57115.99224542091,56840.373909465794,57001.62593309484,149.69946851226902
2024-05-22 14:00:00+00:00,57001.62593309484,57061.04266496417,56838.417364891044,56930.89805952702,150.1280080642769
2024-05-22 15:00:00+00:00,56930.89805952702,57708.09259568105,57405.417784168334,57541.819474677715,60.50989111647834
2024-05-22 16:00:00+00:00,57541.819474677715,57262.13110200801,57147.184358935214,57261.049194027466,83.54432350282391
2024-05-22 17:00:00+00:00,57261.049194027466,57917.44223274966,57590.80254970348,57805.869036260636,142.92175784936254
2024-05-22 18:00:00+00:00,57805.869036260636,58481.47911299468,58262.62086985837,58350.266443057975,92.59125040142735
2024-05-22 19:00:00+00:00,58350.266443057975,57867.959961193315,57794.08405190611,57831.95946619619,80.77994265616317
2024-05-22 20:00:00+00:00,57831.95946619619,57770.29629955282,57321.89644631881,57549.33393904232,164.9714148937378
2024-05-22 21:00:00+00:00,57549.33393904232,58329.10709590128,58078.50120976503,58242.323118449815,146.52287167392103
2024-05-22 22:00:00+00:00,58242.323118449815,58514.47895490597,58394.17691024389,58405.6828385039,127.48580721574088
2024-05-22 23:00:00+00:00,58405.6828385039,58043.33179927577,57802.08125776392,57930.303604425484,64.03365982656588
2024-05-23 00:00:00+00:00,57930.303604425484,58014.796783222606,57910.809338816114,57913.174410587526,72.295278297182
2024-05-23 01:00:00+00:00,57913.174410587526,59002.6273092951,58832.572627582376,58975.671205661936,192.11731187674332
2024-05-23 02:00:00+00:00,58975.671205661936,58390.62188759764,58208.83856350621,58264.27946052636,87.46268428012084
2024-05-23 03:00:00+00:00,58264.27946052636,57554.5761724232,57330.63248357722,57370.73277695982,80.4766976262647
2024-05-23 04:00:00+00:00,57370.73277695982,57674.058632073946,57475.170730734964,57546.247693782025,145.81335578897637
2024-05-23 05:00:00+00:00,57546.247693782025,57655.956043149774,57387.1063234902,57578.55690248492,73.15779515682897
2024-05-23 06:00:00+00:00,57578.55690248492,58114.63625053034,57882.43539476801,58006.105431383614,81.57945088780102
2024-05-23 07:00:00+00:00,58006.105431383614,58450.0010549482,58413.92220257103,58418.32731815197,79.02422717149464
2024-05-23 08:00:00+00:00,58418.32731815197,57906.15387699023,57782.93838820096,57806.105834130736,188.27126988187615
2024-05-23 09:00:00+00:00,57806.105834130736,57944.087087540305,57742.423261270014,57854.7334720837,81.24409785268944
2024-05-23 10:00:00+00:00,57854.7334720837,56236.34587026186,56123.29765930375,56203.340725756665,56.09561647967722
2024-05-23 11:00:00+00:00,56203.340725756665,56580.32533121277,56274.42864458431,56444.208885199616,87.93670750814934
2024-05-23 12:00:00+00:00,56444.208885199616,56257.32032981009,56066.01904992512,56135.96478095145,165.4592508144654
2024-05-23 13:00:00+00:00,56135.96478095145,57647.111547672364,57593.96874152788,57603.7249093931,76.52180827874332
2024-05-23 14:00:00+00:00,57603.7249093931,58206.40524167848,58052.94507226812,58174.408125326896,147.8166502816019
2024-05-23 15:00:00+00:00,58174.408125326896,57209.623004989175,56925.82469299527,56992.65036176162,57.356586025686674
2024-05-23 16:00:00+00:00,56992.65036176162,57283.42960494996,57064.066069632776,57188.81838210785,88.6519832658782
2024-05-23 17:00:00+00:00,57188.81838210785,57888.408404670285,57630.135506377585,57697.00339812388,136.86492763852215
2024-05-23 18:00:00+00:00,57697.00339812388,58626.93146317964,58356.57046604774,58560.764514206465,77.76893013072609
2024-05-23 19:00:00+00:00,58560.764514206465,57604.80586264465,57292.1736129277,57428.39517096853,194.61570361706805
2024-05-23 20:00:00+00:00,57428.39517096853,56876.24198497744,56593.96849265269,56759.98396894763,184.45339782333767
2024-05-23 21:00:00+00:00,56759.98396894763,57783.352999890834,57644.91478235953,57664.88606422835,177.55437837498704
2024-05-23 22:00:00+00:00,57664.88606422835,56789.91789134061,56609.53905727237,56753.49579884176,130.74622443766293
2024-05-23 23:00:00+00:00,56753.49579884176,56993.4375745528,56674.061562133924,56841.91945235285,162.42139392899728
2024-05-24 00:00:00+00:00,56841.91945235285,56916.11160120722,56719.60919121459,56752.86117713962,103.80157802583065
2024-05-24 01:00:00+00:00,56752.86117713962,57306.51505783454,57101.942735645316,57117.787680167,89.20130701050559
2024-05-24 02:00:00+00:00,57117.787680167,56285.56414827577,55996.65362356981,56205.00815454289,89.52448593966636
2024-05-24 03:00:00+00:00,56205.00815454289,56060.14271189181,55833.06032933785,55953.86093833655,94.51798737633335
2024-05-24 04:00:00+00:00,55953.86093833655,54874.52055756295,54612.16821621625,54814.28753180762,121.05995183424791
2024-05-24 05:00:00+00:00,54814.28753180762,53421.98797990571,53211.713738949074,53226.33838173881,193.06300250201613
2024-05-24 06:00:00+00:00,53226.33838173881,54265.57917244611,54020.53071352343,54053.722921357126,166.9528022291783
2024-05-24 07:00:00+00:00,54053.722921357126,54273.1562901374,54014.2300600461,54061.70917439366,103.93256765337564
2024-05-24 08:00:00+00:00,54061.70917439366,54500.863701648195,54424.33354243928,54488.21144773364,149.19851639283405
2024-05-24 09:00:00+00:00,54488.21144773364,55394.062224144975,55164.48953102806,55234.69708821835,98.05098984830201
2024-05-24 10:00:00+00:00,55234.69708821835,56332.349955351034,56116.32647761312,56144.38896377914,117.97736252701615
2024-05-24 11:00:00+00:00,56144.38896377914,55918.20352295793,55608.39625819487,55725.97816017772,66.01817881152759
2024-05-24 12:00:00+00:00,55725.97816017772,55359.69322282817,55115.64922278027,55149.34558050276,73.86341694989008
2024-05-24 13:00:00+00:00,55149.34558050276,53854.14927559539,53812.63194024184,53832.34074769226,160.68431503296176
2024-05-24 14:00:00+00:00,53832.34074769226,54282.00991969332,54174.880671109415,54271.863106939556,64.04997540526719
2024-05-24 15:00:00+00:00,54271.863106939556,53026.23309301362,52852.28150590728,52999.17770425543,173.12639848198796
2024-05-24 16:00:00+00:00,52999.17770425543,54568.14460169218,54308.442590149556,54481.55982707959,54.245129901961334
2024-05-24 17:00:00+00:00,54481.55982707959,54177.99183902445,53991.121542843954,54156.79111860087,63.525868593314165
2024-05-24 18:00:00+00:00,54156.79111860087,55159.611963905605,54946.51172050403,55040.278313629264,59.35295988555484
2024-05-24 19:00:00+00:00,55040.278313629264,56387.41059645732,56163.85595435841,56232.35090383293,145.3674891864227
2024-05-24 20:00:00+00:00,56232.35090383293,56154.40266991099,56032.042269837424,56035.78052209033,180.01126074920097
2024-05-24 21:00:00+00:00,56035.78052209033,56207.18522768558,56013.4353822939,56086.890857148566,75.58501888522582
2024-05-24 22:00:00+00:00,56086.890857148566,54963.713103073926,54923.06663025135,54933.93665965235,108.92046583713733
2024-05-24 23:00:00+00:00,54933.93665965235,55230.30661343579,55041.00717675577,55227.674103429985,128.81189555120855
2024-05-25 00:00:00+00:00,55227.674103429985,54759.63037390922,54564.88091927917,54627.4939035549,89.16092097600291
2024-05-25 01:00:00+00:00,54627.4939035549,54968.96756484343,54608.202228472495,54759.01158372974,85.92746804337543
2024-05-25 02:00:00+00:00,54759.01158372974,55080.11703281783,54762.84047043573,54910.95682331305,116.6046680866281
2024-05-25 03:00:00+00:00,54910.95682331305,54447.89512536504,54087.889700017964,54286.8088764048,105.97739617333576
2024-05-25 04:00:00+00:00,54286.8088764048,54487.77244142259,54419.36950610268,54461.17293238954,74.38990869253789
2024-05-25 05:00:00+00:00,54461.17293238954,54027.08286548104,53817.60658673863,53863.785562583296,130.3228932402539
2024-05-25 06:00:00+00:00,53863.785562583296,53566.93621870711,53310.52725335172,53435.759245995745,114.91003242116962
2024-05-25 07:00:00+00:00,53435.759245995745,53077.035497388206,52850.33406637674,52980.69860944444,101.70863992881183
2024-05-25 08:00:00+00:00,52980.69860944444,52670.575419177905,52280.52946529386,52470.102783473594,151.03262575599695
2024-05-25 09:00:00+00:00,52470.102783473594,52460.41948199062,52085.59865961157,52260.68992792897,79.61114457612818
2024-05-25 10:00:00+00:00,52260.68992792897,53743.84266517542,53538.961881892836,53590.55245077943,108.24837826514135
2024-05-25 11:00:00+00:00,53590.55245077943,55085.60929501723,54726.66865789316,54886.62746467055,162.11006058433082
2024-05-25 12:00:00+00:00,54886.62746467055,54921.28883600773,54660.00327212568,54829.13550800513,173.27739691927968
2024-05-25 13:00:00+00:00,54829.13550800513,55143.51490149916,54944.96439107559,54981.757805469795,186.55008701068348
2024-05-25 14:00:00+00:00,54981.757805469795,55740.78575398696,55562.38370407597,55691.8176706126,97.47047694447008
2024-05-25 15:00:00+00:00,55691.8176706126,55361.812401343115,55192.43819026527,55250.612041211716,147.7311474940028
2024-05-25 16:00:00+00:00,55250.612041211716,54744.76259526915,54527.59594202491,54535.22191603147,116.35167409623566
2024-05-25 17:00:00+00:00,54535.22191603147,54253.551569443225,54060.78222805992,54110.57727451521,195.9323479343494
2024-05-25 18:00:00+00:00,54110.57727451521,54198.747483472434,53963.31642735875,54086.990814787416,112.64073848473559
2024-05-25 19:00:00+00:00,54086.990814787416,53729.02016325993,53603.895199166305,53623.711807355416,186.65953331547598
2024-05-25 20:00:00+00:00,53623.711807355416,54403.48232687045,54259.88322658433,54288.90833007235,170.93141567909598
2024-05-25 21:00:00+00:00,54288.90833007235,55190.945495591404,55017.68593578797,55098.151138271875,91.85664401394376
2024-05-25 22:00:00+00:00,55098.151138271875,56584.92075151568,56168.64272430669,56370.83774630173,101.35167181905476
2024-05-25 23:00:00+00:00,56370.83774630173,56365.940699305414,56038.610293177895,56204.666606165636,67.08758912975966
2024-05-26 00:00:00+00:00,56204.666606165636,56431.04989534535,56264.35483210926,56299.682277009146,195.51668628643534
2024-05-26 01:00:00+00:00,56299.682277009146,58103.382739264845,57920.842797073885,57925.776381988624,181.25341647891602
2024-05-26 02:00:00+00:00,57925.776381988624,57445.13854637463,57211.410879360265,57337.87170109211,195.57133137031187
2024-05-26 03:00:00+00:00,57337.87170109211,57665.09363499336,57436.12606331802,57600.90806660619,115.96966771921659
2024-05-26 04:00:00+00:00,57600.90806660619,58789.9796054382,58581.919799841075,58658.14992591251,50.94584538152371
2024-05-26 05:00:00+00:00,58658.14992591251,57785.63460957708,57618.31136376428,57701.88443760904,140.92803476696682
2024-05-26 06:00:00+00:00,57701.88443760904,57815.57527392572,57744.57593773991,57745.016367000986,139.4182710273995
2024-05-26 07:00:00+00:00,57745.016367000986,58522.08083599891,58278.3931516546,58466.643900240844,114.95313664836951
2024-05-26 08:00:00+00:00,58466.643900240844,57573.30394421966,57497.294087407034,57520.993830313724,73.12570641293411
2024-05-26 09:00:00+00:00,57520.993830313724,57957.841598544335,57571.8424674143,57765.00618820368,153.48886613692656
2024-05-26 10:00:00+00:00,57765.00618820368,58263.75976138662,58092.45895020538,58254.63534674045,88.52989552188617
2024-05-26 11:00:00+00:00,58254.63534674045,59655.05686508889,59367.57248189022,59520.8604075587,199.22477916766496
2024-05-26 12:00:00+00:00,59520.8604075587,59181.35857944024,59041.31162131645,59133.93217757408,86.0827911448938
2024-05-26 13:00:00+00:00,59133.93217757408,60590.272957412046,60268.60556001141,60386.33213292908,186.8125052245386
2024-05-26 14:00:00+00:00,60386.33213292908,62920.35949477562,62653.76596141574,62903.36075777245,63.09746383644894
2024-05-26 15:00:00+00:00,62903.36075777245,61834.54229935796,61662.457136394994,61808.7650200516,110.06802217289992
2024-05-26 16:00:00+00:00,61808.7650200516,61665.82549218748,61336.0124839866,61422.270650260565,59.06573937202747
2024-05-26 17:00:00+00:00,61422.270650260565,61090.994966379825,60818.886860838764,60901.12692623874,172.2162831608004
2024-05-26 18:00:00+00:00,60901.12692623874,60246.24397117912,60022.51387760247,60056.86489008172,68.63362075028039
2024-05-26 19:00:00+00:00,60056.86489008172,60837.33974570887,60526.37760293715,60704.97966784292,139.45073843019992
2024-05-26 20:00:00+00:00,60704.97966784292,60718.75881436558,60594.06197013118,60715.496611720475,97.66044443765081
2024-05-26 21:00:00+00:00,60715.496611720475,61846.463699638945,61801.17589345953,61804.91394208557,171.85002946000594
2024-05-26 22:00:00+00:00,61804.91394208557,60740.05061008267,60502.538649406386,60573.438158668905,123.45140578217942
2024-05-26 23:00:00+00:00,60573.438158668905,63159.614866266995,62856.907769291414,62938.10139788644,55.990636384996904
2024-05-27 00:00:00+00:00,62938.10139788644,60717.21903619539,60581.121069649285,60714.74558556369,126.04600157979823
2024-05-27 01:00:00+00:00,60714.74558556369,60109.27551881508,59794.26856768549,59994.62361510213,142.00272253920738
2024-05-27 02:00:00+00:00,59994.62361510213,61267.071766171444,61093.42122476718,61218.98221740268,153.37074187590932
2024-05-27 03:00:00+00:00,61218.98221740268,61465.05884217707,61289.5873324578,61460.20102991053,195.79052359935542
2024-05-27 04:00:00+00:00,61460.20102991053,61441.455745700616,61140.165143922626,61300.445139647854,156.18404655471807
2024-05-27 05:00:00+00:00,61300.445139647854,59805.14061767415,59419.712174166685,59635.66981031211,155.48244439093682
2024-05-27 06:00:00+00:00,59635.66981031211,59833.05775020353,59605.13374310722,59680.52203098613,97.41642352580456
2024-05-27 07:00:00+00:00,59680.52203098613,59791.077961360344,59622.741416956815,59650.308285309424,150.72927252041003
2024-05-27 08:00:00+00:00,59650.308285309424,59743.790890463504,59493.081258388265,59628.54093999436,58.97474357273272
2024-05-27 09:00:00+00:00,59628.54093999436,59822.52631706129,59738.975572862124,59770.287799888756,132.57446138206896
2024-05-27 10:00:00+00:00,59770.287799888756,59320.48132905661,59247.53721434133,59291.83527694206,133.7923359268278
2024-05-27 11:00:00+00:00,59291.83527694206,60633.17715425053,60230.864229299244,60421.36249151647,197.4110880144042
2024-05-27 12:00:00+00:00,60421.36249151647,60823.074503373806,60678.32891740159,60692.8825821956,180.95769424608474
2024-05-27 13:00:00+00:00,60692.8825821956,60850.29225529649,60433.46905240375,60614.78534663825,107.50703928730556
2024-05-27 14:00:00+00:00,60614.78534663825,59985.14937389503,59569.74074085209,59762.03938805092,51.077130013346014
2024-05-27 15:00:00+00:00,59762.03938805092,61775.79154011228,61507.1742351814,61726.72818383813,198.5479475405516
2024-05-27 16:00:00+00:00,61726.72818383813,60526.762575207176,60390.96235841817,60445.772077914495,178.25340482759296
2024-05-27 17:00:00+00:00,60445.772077914495,61199.88086787176,60997.14726917455,61043.02094456985,121.71428219720981
2024-05-27 18:00:00+00:00,61043.02094456985,61963.28088720836,61715.96276798983,61836.36840911721,188.05878555678268
2024-05-27 19:00:00+00:00,61836.36840911721,61827.734201382,61678.720830687125,61814.71082752963,82.13782493521518
2024-05-27 20:00:00+00:00,61814.71082752963,62906.150876044296,62640.79734940836,62827.924906759275,106.2624682915185
2024-05-27 21:00:00+00:00,62827.924906759275,61853.09473698265,61631.22679876847,61667.72941046156,64.617237594657
2024-05-27 22:00:00+00:00,61667.72941046156,61141.71990778153,60914.999218033096,61080.44438881496,168.33084922311718
2024-05-27 23:00:00+00:00,61080.44438881496,60768.14314979451,60578.303771627776,60645.11260075656,109.25130478602856
2024-05-28 00:00:00+00:00,60645.11260075656,61853.01637163591,61506.08266013459,61670.403246027476,175.20760324056522
2024-05-28 01:00:00+00:00,61670.403246027476,60482.88681782062,60100.10745031925,60297.19329914849,139.58864034808585
2024-05-28 02:00:00+00:00,60297.19329914849,59664.936441095335,59420.77725348263,59629.48453887134,101.07991406926618
2024-05-28 03:00:00+00:00,59629.48453887134,59185.949462722085,58874.86902249811,59097.52133191227,143.3686667734092
2024-05-28 04:00:00+00:00,59097.52133191227,59320.746100845194,59139.118682288565,59290.0209945364,84.342616348893
2024-05-28 05:00:00+00:00,59290.0209945364,60011.29473261711,59877.62427078112,59881.311209718275,140.1907985657507
2024-05-28 06:00:00+00:00,59881.311209718275,60449.997984951944,60106.795461144735,60286.25646624418,145.33519855059473
2024-05-28 07:00:00+00:00,60286.25646624418,61485.92181287342,61391.03306864806,61420.0731778437,145.09546222604098
2024-05-28 08:00:00+00:00,61420.0731778437,61492.38626475705,61338.57424044805,61480.07585631392,71.10680902386244
2024-05-28 09:00:00+00:00,61480.07585631392,60976.43248785385,60904.8742876625,60917.68093717993,123.24841111829235
2024-05-28 10:00:00+00:00,60917.68093717993,61869.094744485956,61578.6595510024,61701.714629635244,118.06535428743553
2024-05-28 11:00:00+00:00,61701.714629635244,61965.57279167528,61682.48395726079,61745.07330456435,87.78313069008792
2024-05-28 12:00:00+00:00,61745.07330456435,61925.297546184294,61563.52217535838,61736.941428263664,181.24965660172685
2024-05-28 13:00:00+00:00,61736.941428263664,61693.46032812756,61587.57983031106,61631.646854914085,172.99513525353035
2024-05-28 14:00:00+00:00,61631.646854914085,62276.82159501608,62066.625762377094,62273.408549847976,187.32217102981477
2024-05-28 15:00:00+00:00,62273.408549847976,62367.04576436572,62189.016419585896,62284.635058226406,164.6604184487531
2024-05-28 16:00:00+00:00,62284.635058226406,60256.76899487094,60053.58338795053,60082.08867852543,51.32576469852626
2024-05-28 17:00:00+00:00,60082.08867852543,59017.57225569303,58711.77741401154,58880.13375979143,104.66431300268906
2024-05-28 18:00:00+00:00,58880.13375979143,57911.736789657756,57756.18757150465,57818.22215443315,129.7179604178869
2024-05-28 19:00:00+00:00,57818.22215443315,57580.50320662266,57285.72203588295,57379.87337708485,123.45492170044092
2024-05-28 20:00:00+00:00,57379.87337708485,58623.38960027591,58371.59266122501,58578.4524227127,128.30846843174947
2024-05-28 21:00:00+00:00,58578.4524227127,58567.47379624407,58399.27628448913,58419.41372805574,67.42497550590329
2024-05-28 22:00:00+00:00,58419.41372805574,57666.251610491454,57464.82896454685,57531.51836937915,70.70781260047929
2024-05-28 23:00:00+00:00,57531.51836937915,55173.99248019995,55070.98406245308,55103.09016139836,151.4398104388966
2024-05-29 00:00:00+00:00,55103.09016139836,54788.27138344407,54608.50824203722,54661.23568463676,56.352484658994584
2024-05-29 01:00:00+00:00,54661.23568463676,54547.90820777776,54398.15055183545,54472.88084954011,123.64339908483873
2024-05-29 02:00:00+00:00,54472.88084954011,53639.42330901553,53356.34825315052,53444.25558762758,64.53605175544227
2024-05-29 03:00:00+00:00,53444.25558762758,53908.94494329034,53548.2458492669,53731.40610266244,195.16579093336628
2024-05-29 04:00:00+00:00,53731.40610266244,54168.44865263947,53952.35292919742,54136.13369780416,185.18777393432683
2024-05-29 05:00:00+00:00,54136.13369780416,53020.40637578921,52711.10888872799,52897.95839019173,107.65347710205901
2024-05-29 06:00:00+00:00,52897.95839019173,52840.575837429555,52545.91358979723,52756.35382442174,141.9812933390247
2024-05-29 07:00:00+00:00,52756.35382442174,53915.67053459085,53608.26196515987,53775.46197098392,163.8557719567088
2024-05-29 08:00:00+00:00,53775.46197098392,55188.3828607834,54974.50711337851,55075.023814245775,110.90628130861933
2024-05-29 09:00:00+00:00,55075.023814245775,54010.31979007563,53901.196981307534,53976.8886747015,183.46553523324465
2024-05-29 10:00:00+00:00,53976.8886747015,54064.24599626597,54008.55165506203,54060.974743532875,96.93187311542698
2024-05-29 11:00:00+00:00,54060.974743532875,54476.95747880293,54341.81930085763,54390.131086895206,143.80146683163974
2024-05-29 12:00:00+00:00,54390.131086895206,53886.760655345955,53484.952176906474,53688.60907506279,180.31747872926746
2024-05-29 13:00:00+00:00,53688.60907506279,52506.58583008281,52480.003384284304,52491.22684663549,146.77772800725648
2024-05-29 14:00:00+00:00,52491.22684663549,52971.87995921623,52749.24175966754,52891.22184398595,169.42314400086167
2024-05-29 15:00:00+00:00,52891.22184398595,52466.84268270353,52178.07597366768,52381.95568919441,70.55463591530761
2024-05-29 16:00:00+00:00,52381.95568919441,51926.51651142835,51839.475416829206,51912.25267588149,50.067602808695014
2024-05-29 17:00:00+00:00,51912.25267588149,52350.23782664955,52073.85398019769,52168.39929203483,191.98840960321692
2024-05-29 18:00:00+00:00,52168.39929203483,53116.382877437274,52962.858584958034,52972.65308941601,61.77430991120053
2024-05-29 19:00:00+00:00,52972.65308941601,52445.724987459405,52279.94721818735,52305.7262083741,51.03965997377629
2024-05-29 20:00:00+00:00,52305.7262083741,52602.0116612893,52395.71042903884,52598.653894200615,121.37716707503459
2024-05-29 21:00:00+00:00,52598.653894200615,51311.35539987011,50948.64369381411,51150.06961099796,88.87840478586344
2024-05-29 22:00:00+00:00,51150.06961099796,51448.811625559705,51169.542969329756,51309.56002393082,184.00175952211447
2024-05-29 23:00:00+00:00,51309.56002393082,50566.423834065674,50325.764274873036,50427.65927775902,98.71308664169723
2024-05-30 00:00:00+00:00,50427.65927775902,51542.094301540776,51288.77323092738,51458.63376432386,85.97956584110102
2024-05-30 01:00:00+00:00,51458.63376432386,51919.291830636816,51703.19496390453,51840.39366728346,110.41638541964984
2024-05-30 02:00:00+00:00,51840.39366728346,52251.769535408224,52000.27581105222,52186.470425896696,150.40772319021914
2024-05-30 03:00:00+00:00,52186.470425896696,52591.14410851277,52416.73670911389,52548.94320100772,88.25252574415842
2024-05-30 04:00:00+00:00,52548.94320100772,53176.302294494526,52822.80180714848,52990.96240569605,167.3638125297574
2024-05-30 05:00:00+00:00,52990.96240569605,52427.79287639324,52297.01159989143,52367.212001792956,184.025168181304
2024-05-30 06:00:00+00:00,52367.212001792956,52298.62820608636,51998.22467811946,52191.98619429151,140.731047743309
2024-05-30 07:00:00+00:00,52191.98619429151,53304.09573199706,53157.50086044418,53242.74182367848,78.1462620799298
2024-05-30 08:00:00+00:00,53242.74182367848,53486.540680163744,53220.2414383478,53281.03262027266,145.47887666065196
2024-05-30 09:00:00+00:00,53281.03262027266,53648.36237189047,53357.52801501719,53550.81991944039,144.15184883588284
2024-05-30 10:00:00+00:00,53550.81991944039,53409.492562052954,53329.63996689518,53356.43405971825,110.39425939849842
2024-05-30 11:00:00+00:00,53356.43405971825,53911.76137109855,53690.51504809666,53879.126173919794,128.4353999130205
2024-05-30 12:00:00+00:00,53879.126173919794,54455.10169525806,54200.88723678422,54345.19110138767,181.25988684956522
2024-05-30 13:00:00+00:00,54345.19110138767,54359.75862038112,54158.41219645618,54277.13685928741,91.92766760643914
2024-05-30 14:00:00+00:00,54277.13685928741,56257.33617086779,55894.78883854746,56097.96092764902,113.28919788836222
2024-05-30 15:00:00+00:00,56097.96092764902,56286.917537328336,56172.60774813426,56216.766587988706,183.1709399782028
2024-05-30 16:00:00+00:00,56216.766587988706,57645.5813128809,57477.27218671721,57517.55038044798,187.10410773757175
2024-05-30 17:00:00+00:00,57517.55038044798,57907.325406353346,57676.30173881294,57779.351117979786,177.29018930246536
2024-05-30 18:00:00+00:00,57779.351117979786,58208.656379140535,57972.09011121749,58178.86548461786,172.93709789174738
2024-05-30 19:00:00+00:00,58178.86548461786,57899.520439321124,57561.84756996337,57771.75781310926,85.9628430541851
2024-05-30 20:00:00+00:00,57771.75781310926,57093.90005275409,56729.10923381102,56870.72067564064,131.1099050824294
2024-05-30 21:00:00+00:00,56870.72067564064,56800.77023354801,56568.998034585435,56627.38735685844,123.89233768674983
2024-05-30 22:00:00+00:00,56627.38735685844,55952.33524255095,55665.50302030234,55775.989228294144,76.25792568269117
2024-05-30 23:00:00+00:00,55775.989228294144,54454.358594282225,54270.689913219154,54287.66691461902,143.349098885204
